2026-04-07 10:10:23,416 - api - INFO - FastAPI crawler service starting
2026-04-07 10:10:23,423 - ai_worker - INFO - Khởi động Siêu AI Worker Săn Kèo Thơm (chạy ngầm)...
2026-04-07 10:10:23,470 - ai_worker - INFO - Đã bỏ qua 3 items quá hạn (cũ hơn 180 phút).
2026-04-07 10:10:33,986 - priority_calculator - INFO - Loaded 13 regions and 61 categories
2026-04-07 10:10:33,986 - priority_calculator - INFO - Calculating priority for 156 routes...
2026-04-07 10:10:34,439 - priority_calculator - INFO - Route Giày dép in Quảng Nam Đà Nẵng: avg_interval=1800.00s, priority=0
2026-04-07 10:10:34,460 - priority_calculator - WARNING - No ads found for category 3060, region 11
2026-04-07 10:10:34,460 - priority_calculator - INFO - No ads available for category 3060, region 11
2026-04-07 10:10:34,461 - priority_calculator - INFO - Route Phụ tùng xe in Đông Nam Bộ: avg_interval=1489.00s, priority=44
2026-04-07 10:10:34,462 - priority_calculator - INFO - Route Phụ tùng xe in Tây Bắc Bộ: avg_interval=1800.00s, priority=0
2026-04-07 10:10:34,462 - priority_calculator - WARNING - No ads found for category 3090, region 11
2026-04-07 10:10:34,462 - priority_calculator - INFO - No ads available for category 3090, region 11
2026-04-07 10:10:34,463 - priority_calculator - INFO - Route Giày dép in Các tỉnh lân cận Hà Nội: avg_interval=1800.00s, priority=0
2026-04-07 10:10:34,482 - priority_calculator - INFO - Route Phụ kiện thời trang khác in Cần Thơ - Tây Nam Bộ: avg_interval=1800.00s, priority=0
2026-04-07 10:10:34,485 - priority_calculator - INFO - Route Phụ tùng xe in Đông Bắc Bộ: avg_interval=1800.00s, priority=0
2026-04-07 10:10:34,485 - priority_calculator - INFO - Route Giày dép in Hải Phòng Nam Định Thái Bình: avg_interval=1800.00s, priority=0
2026-04-07 10:10:34,487 - priority_calculator - INFO - Route Phụ tùng xe in Quảng Nam Đà Nẵng: avg_interval=1800.00s, priority=0
2026-04-07 10:10:34,488 - priority_calculator - INFO - Route Giày dép in Đông Nam Bộ: avg_interval=3008.00s, priority=0
2026-04-07 10:10:34,489 - priority_calculator - INFO - Route Phụ tùng xe in Cần Thơ - Tây Nam Bộ: avg_interval=2175.00s, priority=0
2026-04-07 10:10:34,490 - priority_calculator - INFO - Route Phụ tùng xe in Bình Trị Thừa Thiên Huế: avg_interval=1800.00s, priority=0
2026-04-07 10:10:34,491 - priority_calculator - INFO - Route Phụ tùng xe in Nam Trung Bộ: avg_interval=1800.00s, priority=0
2026-04-07 10:10:34,491 - priority_calculator - INFO - Route Phụ tùng xe in Thanh Nghệ Tĩnh: avg_interval=1800.00s, priority=0
2026-04-07 10:10:34,495 - priority_calculator - INFO - Route Giày dép in Bình Trị Thừa Thiên Huế: avg_interval=1800.00s, priority=0
2026-04-07 10:10:34,498 - priority_calculator - INFO - Route Giày dép in Tây Nguyên: avg_interval=1800.00s, priority=0
2026-04-07 10:10:34,499 - priority_calculator - INFO - Route Giày dép in Nam Trung Bộ: avg_interval=1800.00s, priority=0
2026-04-07 10:10:34,499 - priority_calculator - INFO - Route Giày dép in Đông Bắc Bộ: avg_interval=1800.00s, priority=0
2026-04-07 10:10:34,501 - priority_calculator - INFO - Route Phụ kiện thời trang khác in Nam Trung Bộ: avg_interval=1800.00s, priority=0
2026-04-07 10:10:34,502 - priority_calculator - INFO - Route Phụ tùng xe in Hải Phòng Nam Định Thái Bình: avg_interval=1800.00s, priority=0
2026-04-07 10:10:34,502 - priority_calculator - INFO - Route Phụ kiện thời trang khác in Hải Phòng Nam Định Thái Bình: avg_interval=1800.00s, priority=0
2026-04-07 10:10:34,503 - priority_calculator - INFO - Route Phụ tùng xe in Các tỉnh lân cận Hà Nội: avg_interval=1800.00s, priority=0
2026-04-07 10:10:34,503 - priority_calculator - INFO - Route Giày dép in Hà Nội: avg_interval=1800.00s, priority=0
2026-04-07 10:10:34,504 - priority_calculator - INFO - Route Đồ thể thao, Dã ngoại in Các tỉnh lân cận Hà Nội: avg_interval=1800.00s, priority=0
2026-04-07 10:10:34,505 - priority_calculator - INFO - Route Phụ kiện thời trang khác in Tp Hồ Chí Minh: avg_interval=98.50s, priority=245
2026-04-07 10:10:34,505 - priority_calculator - INFO - Route Giày dép in Cần Thơ - Tây Nam Bộ: avg_interval=1800.00s, priority=0
2026-04-07 10:10:34,508 - priority_calculator - INFO - Route Đồ thể thao, Dã ngoại in Hải Phòng Nam Định Thái Bình: avg_interval=1800.00s, priority=0
2026-04-07 10:10:34,509 - priority_calculator - INFO - Route Phụ tùng xe in Tp Hồ Chí Minh: avg_interval=281.00s, priority=218
2026-04-07 10:10:34,510 - priority_calculator - INFO - Route Phụ kiện thời trang khác in Thanh Nghệ Tĩnh: avg_interval=1800.00s, priority=0
2026-04-07 10:10:34,510 - priority_calculator - INFO - Route Phụ tùng xe in Hà Nội: avg_interval=1800.00s, priority=0
2026-04-07 10:10:34,511 - priority_calculator - INFO - Route Phụ kiện thời trang khác in Quảng Nam Đà Nẵng: avg_interval=1800.00s, priority=0
2026-04-07 10:10:34,512 - priority_calculator - INFO - Route Đồ thể thao, Dã ngoại in Đông Nam Bộ: avg_interval=1800.00s, priority=0
2026-04-07 10:10:34,512 - priority_calculator - INFO - Route Đồ thể thao, Dã ngoại in Tây Nguyên: avg_interval=1800.00s, priority=0
2026-04-07 10:10:34,513 - priority_calculator - INFO - Route Phụ kiện thời trang khác in Hà Nội: avg_interval=1800.00s, priority=0
2026-04-07 10:10:34,513 - priority_calculator - INFO - Route Đồ thể thao, Dã ngoại in Thanh Nghệ Tĩnh: avg_interval=1800.00s, priority=0
2026-04-07 10:10:34,514 - priority_calculator - INFO - Route Mẹ và bé in Đông Nam Bộ: avg_interval=1800.00s, priority=0
2026-04-07 10:10:34,515 - priority_calculator - INFO - Route Phụ kiện thời trang khác in Bình Trị Thừa Thiên Huế: avg_interval=1800.00s, priority=0
2026-04-07 10:10:34,516 - priority_calculator - INFO - Route Giày dép in Thanh Nghệ Tĩnh: avg_interval=1800.00s, priority=0
2026-04-07 10:10:34,517 - priority_calculator - INFO - Route Giày dép in Tp Hồ Chí Minh: avg_interval=221.00s, priority=227
2026-04-07 10:10:34,523 - priority_calculator - INFO - Route Đồ thể thao, Dã ngoại in Bình Trị Thừa Thiên Huế: avg_interval=1800.00s, priority=0
2026-04-07 10:10:34,524 - priority_calculator - INFO - Route Đồ thể thao, Dã ngoại in Tp Hồ Chí Minh: avg_interval=360.00s, priority=207
2026-04-07 10:10:34,529 - priority_calculator - INFO - Route Đồ thể thao, Dã ngoại in Quảng Nam Đà Nẵng: avg_interval=1800.00s, priority=0
2026-04-07 10:10:34,530 - priority_calculator - INFO - Route Phụ kiện thời trang khác in Đông Bắc Bộ: avg_interval=1800.00s, priority=0
2026-04-07 10:10:34,531 - priority_calculator - INFO - Route Phụ kiện thời trang khác in Tây Nguyên: avg_interval=1800.00s, priority=0
2026-04-07 10:10:34,536 - priority_calculator - INFO - Route Thiết bị chơi game in Các tỉnh lân cận Hà Nội: avg_interval=1800.00s, priority=0
2026-04-07 10:10:34,537 - priority_calculator - INFO - Route Phụ kiện thời trang khác in Đông Nam Bộ: avg_interval=1800.00s, priority=0
2026-04-07 10:10:34,537 - priority_calculator - INFO - Route Điện thoại in Các tỉnh lân cận Hà Nội: avg_interval=2258.50s, priority=0
2026-04-07 10:10:34,539 - priority_calculator - INFO - Route Thiết bị chơi game in Quảng Nam Đà Nẵng: avg_interval=1800.00s, priority=0
2026-04-07 10:10:34,539 - priority_calculator - INFO - Route Đồ thể thao, Dã ngoại in Cần Thơ - Tây Nam Bộ: avg_interval=1800.00s, priority=0
2026-04-07 10:10:34,540 - priority_calculator - WARNING - HTTP 403 for category 5030, region 1
2026-04-07 10:10:34,544 - priority_calculator - WARNING - HTTP 403 for category 5030, region 2
2026-04-07 10:10:34,544 - priority_calculator - WARNING - HTTP 403 for category 3050, region 13
2026-04-07 10:10:34,545 - priority_calculator - INFO - Route Phụ kiện thời trang khác in Các tỉnh lân cận Hà Nội: avg_interval=1800.00s, priority=0
2026-04-07 10:10:34,545 - priority_calculator - WARNING - HTTP 403 for category 5030, region 3
2026-04-07 10:10:34,555 - priority_calculator - INFO - Route Thiết bị chơi game in Hải Phòng Nam Định Thái Bình: avg_interval=1800.00s, priority=0
2026-04-07 10:10:34,567 - priority_calculator - INFO - Route Điện thoại in Tây Nguyên: avg_interval=1847.00s, priority=0
2026-04-07 10:10:34,567 - priority_calculator - INFO - Route Đồng hồ in Bình Trị Thừa Thiên Huế: avg_interval=1800.00s, priority=0
2026-04-07 10:10:34,568 - priority_calculator - INFO - Route Mẹ và bé in Thanh Nghệ Tĩnh: avg_interval=1800.00s, priority=0
2026-04-07 10:10:34,581 - priority_calculator - INFO - Route Điện thoại in Cần Thơ - Tây Nam Bộ: avg_interval=586.00s, priority=174
2026-04-07 10:10:34,585 - priority_calculator - INFO - Route Điện thoại in Bình Trị Thừa Thiên Huế: avg_interval=2694.00s, priority=0
2026-04-07 10:10:34,585 - priority_calculator - WARNING - HTTP 403 for category 5030, region 7
2026-04-07 10:10:34,585 - priority_calculator - WARNING - HTTP 403 for category 5030, region 9
2026-04-07 10:10:34,586 - priority_calculator - WARNING - HTTP 403 for category 5030, region 8
2026-04-07 10:10:34,595 - priority_calculator - WARNING - No ads found for category 11010, region 11
2026-04-07 10:10:34,595 - priority_calculator - INFO - No ads available for category 11010, region 11
2026-04-07 10:10:34,602 - priority_calculator - WARNING - HTTP 403 for category 5030, region 4
2026-04-07 10:10:34,603 - priority_calculator - WARNING - HTTP 403 for category 5030, region 11
2026-04-07 10:10:34,604 - priority_calculator - WARNING - HTTP 403 for category 5030, region 13
2026-04-07 10:10:34,606 - priority_calculator - INFO - Route Điện thoại in Tp Hồ Chí Minh: avg_interval=63.00s, priority=250
2026-04-07 10:10:34,606 - priority_calculator - WARNING - HTTP 403 for category 5030, region 12
2026-04-07 10:10:34,607 - priority_calculator - WARNING - HTTP 403 for category 5030, region 5
2026-04-07 10:10:34,608 - priority_calculator - WARNING - HTTP 403 for category 5030, region 10
2026-04-07 10:10:34,609 - priority_calculator - WARNING - HTTP 403 for category 5050, region 1
2026-04-07 10:10:34,610 - priority_calculator - INFO - Route Đồ thể thao, Dã ngoại in Tây Bắc Bộ: avg_interval=1800.00s, priority=0
2026-04-07 10:10:34,613 - priority_calculator - WARNING - HTTP 403 for category 5030, region 6
2026-04-07 10:10:34,615 - priority_calculator - WARNING - HTTP 403 for category 5050, region 6
2026-04-07 10:10:34,616 - priority_calculator - WARNING - HTTP 403 for category 5050, region 13
2026-04-07 10:10:34,616 - priority_calculator - WARNING - HTTP 403 for category 5050, region 11
2026-04-07 10:10:34,617 - priority_calculator - WARNING - HTTP 403 for category 5050, region 12
2026-04-07 10:10:34,617 - priority_calculator - WARNING - HTTP 403 for category 5050, region 8
2026-04-07 10:10:34,618 - priority_calculator - WARNING - HTTP 403 for category 5060, region 1
2026-04-07 10:10:34,619 - priority_calculator - WARNING - HTTP 403 for category 5050, region 3
2026-04-07 10:10:34,619 - priority_calculator - WARNING - HTTP 403 for category 5050, region 7
2026-04-07 10:10:34,619 - priority_calculator - WARNING - HTTP 403 for category 5060, region 3
2026-04-07 10:10:34,620 - priority_calculator - INFO - Route Đồng hồ in Tây Nguyên: avg_interval=1800.00s, priority=0
2026-04-07 10:10:34,622 - priority_calculator - WARNING - HTTP 403 for category 5060, region 2
2026-04-07 10:10:34,623 - priority_calculator - WARNING - HTTP 403 for category 5060, region 4
2026-04-07 10:10:34,624 - priority_calculator - WARNING - HTTP 403 for category 5060, region 6
2026-04-07 10:10:34,625 - priority_calculator - WARNING - HTTP 403 for category 5060, region 5
2026-04-07 10:10:34,627 - priority_calculator - WARNING - HTTP 403 for category 5060, region 10
2026-04-07 10:10:34,632 - priority_calculator - WARNING - HTTP 403 for category 5060, region 7
2026-04-07 10:10:34,633 - priority_calculator - INFO - Route Điện thoại in Thanh Nghệ Tĩnh: avg_interval=1800.00s, priority=0
2026-04-07 10:10:34,633 - priority_calculator - WARNING - HTTP 403 for category 5060, region 8
2026-04-07 10:10:34,634 - priority_calculator - INFO - Route Thiết bị chơi game in Đông Bắc Bộ: avg_interval=1800.00s, priority=0
2026-04-07 10:10:34,634 - priority_calculator - WARNING - HTTP 403 for category 5060, region 13
2026-04-07 10:10:34,634 - priority_calculator - WARNING - HTTP 403 for category 5060, region 9
2026-04-07 10:10:34,635 - priority_calculator - WARNING - HTTP 403 for category 5060, region 11
2026-04-07 10:10:34,636 - priority_calculator - WARNING - HTTP 403 for category 5090, region 3
2026-04-07 10:10:34,636 - priority_calculator - WARNING - HTTP 403 for category 5090, region 5
2026-04-07 10:10:34,636 - priority_calculator - WARNING - HTTP 403 for category 5090, region 7
2026-04-07 10:10:34,636 - priority_calculator - WARNING - HTTP 403 for category 5090, region 6
2026-04-07 10:10:34,637 - priority_calculator - INFO - Route Mẹ và bé in Đông Bắc Bộ: avg_interval=1800.00s, priority=0
2026-04-07 10:10:34,637 - priority_calculator - WARNING - HTTP 403 for category 5090, region 9
2026-04-07 10:10:34,640 - priority_calculator - WARNING - HTTP 403 for category 5090, region 13
2026-04-07 10:10:34,641 - priority_calculator - WARNING - HTTP 403 for category 5060, region 12
2026-04-07 10:10:34,642 - priority_calculator - INFO - Route Thiết bị chơi game in Bình Trị Thừa Thiên Huế: avg_interval=1800.00s, priority=0
2026-04-07 10:10:34,643 - priority_calculator - INFO - Route Mẹ và bé in Bình Trị Thừa Thiên Huế: avg_interval=1800.00s, priority=0
2026-04-07 10:10:34,643 - priority_calculator - WARNING - HTTP 403 for category 5090, region 1
2026-04-07 10:10:34,646 - priority_calculator - INFO - Route Điện thoại in Đông Nam Bộ: avg_interval=406.00s, priority=200
2026-04-07 10:10:34,647 - priority_calculator - INFO - Route Đồ thể thao, Dã ngoại in Hà Nội: avg_interval=1742.76s, priority=8
2026-04-07 10:10:34,647 - priority_calculator - INFO - Route Mẹ và bé in Quảng Nam Đà Nẵng: avg_interval=3430.00s, priority=0
2026-04-07 10:10:34,648 - priority_calculator - INFO - Route Mẹ và bé in Tây Nguyên: avg_interval=1800.00s, priority=0
2026-04-07 10:10:34,648 - priority_calculator - INFO - Route Thiết bị chơi game in Tây Nguyên: avg_interval=1800.00s, priority=0
2026-04-07 10:10:34,648 - priority_calculator - INFO - Route Đồng hồ in Tây Bắc Bộ: avg_interval=1800.00s, priority=0
2026-04-07 10:10:34,648 - priority_calculator - INFO - Route Mẹ và bé in Cần Thơ - Tây Nam Bộ: avg_interval=1800.00s, priority=0
2026-04-07 10:10:34,650 - priority_calculator - INFO - Route Mẹ và bé in Hải Phòng Nam Định Thái Bình: avg_interval=1800.00s, priority=0
2026-04-07 10:10:34,650 - priority_calculator - INFO - Route Đồ thể thao, Dã ngoại in Đông Bắc Bộ: avg_interval=1800.00s, priority=0
2026-04-07 10:10:34,651 - priority_calculator - INFO - Route Mẹ và bé in Các tỉnh lân cận Hà Nội: avg_interval=1800.00s, priority=0
2026-04-07 10:10:34,651 - priority_calculator - WARNING - HTTP 403 for category 5030, region 1
2026-04-07 10:10:34,651 - priority_calculator - WARNING - HTTP 403 for category 5030, region 2
2026-04-07 10:10:34,652 - priority_calculator - INFO - Route Mẹ và bé in Nam Trung Bộ: avg_interval=1800.00s, priority=0
2026-04-07 10:10:34,652 - priority_calculator - INFO - Route Thiết bị chơi game in Thanh Nghệ Tĩnh: avg_interval=1800.00s, priority=0
2026-04-07 10:10:34,654 - priority_calculator - INFO - Route Đồ thể thao, Dã ngoại in Nam Trung Bộ: avg_interval=1800.00s, priority=0
2026-04-07 10:10:34,655 - priority_calculator - INFO - Route Thiết bị chơi game in Nam Trung Bộ: avg_interval=1800.00s, priority=0
2026-04-07 10:10:34,656 - priority_calculator - WARNING - HTTP 403 for category 5030, region 3
2026-04-07 10:10:34,659 - priority_calculator - INFO - Route Điện thoại in Đông Bắc Bộ: avg_interval=1800.00s, priority=0
2026-04-07 10:10:34,659 - priority_calculator - INFO - Route Đồng hồ in Đông Bắc Bộ: avg_interval=1800.00s, priority=0
2026-04-07 10:10:34,659 - priority_calculator - INFO - Route Thiết bị chơi game in Tây Bắc Bộ: avg_interval=1800.00s, priority=0
2026-04-07 10:10:34,660 - priority_calculator - WARNING - HTTP 403 for category 3050, region 13
2026-04-07 10:10:34,660 - priority_calculator - INFO - Route Mẹ và bé in Tp Hồ Chí Minh: avg_interval=373.00s, priority=205
2026-04-07 10:10:34,661 - priority_calculator - INFO - Route Đồng hồ in Quảng Nam Đà Nẵng: avg_interval=1800.00s, priority=0
2026-04-07 10:10:34,662 - priority_calculator - INFO - Route Đồng hồ in Thanh Nghệ Tĩnh: avg_interval=1800.00s, priority=0
2026-04-07 10:10:34,663 - priority_calculator - INFO - Route Đồng hồ in Hải Phòng Nam Định Thái Bình: avg_interval=1800.00s, priority=0
2026-04-07 10:10:34,666 - priority_calculator - WARNING - HTTP 403 for category 5030, region 7
2026-04-07 10:10:34,666 - priority_calculator - INFO - Route Thiết bị chơi game in Cần Thơ - Tây Nam Bộ: avg_interval=1800.00s, priority=0
2026-04-07 10:10:34,667 - priority_calculator - INFO - Route Đồng hồ in Đông Nam Bộ: avg_interval=1800.00s, priority=0
2026-04-07 10:10:34,668 - priority_calculator - INFO - Route Thiết bị chơi game in Hà Nội: avg_interval=1800.00s, priority=0
2026-04-07 10:10:34,669 - priority_calculator - INFO - Route Điện thoại in Nam Trung Bộ: avg_interval=1977.50s, priority=0
2026-04-07 10:10:34,670 - priority_calculator - INFO - Route Thiết bị chơi game in Tp Hồ Chí Minh: avg_interval=1938.50s, priority=0
2026-04-07 10:10:34,670 - priority_calculator - INFO - Route Đồng hồ in Hà Nội: avg_interval=3189.00s, priority=0
2026-04-07 10:10:34,671 - priority_calculator - INFO - Route Thiết bị chơi game in Đông Nam Bộ: avg_interval=1800.00s, priority=0
2026-04-07 10:10:34,671 - priority_calculator - INFO - Route Đồng hồ in Cần Thơ - Tây Nam Bộ: avg_interval=1800.00s, priority=0
2026-04-07 10:10:34,681 - priority_calculator - INFO - Route Điện thoại in Tây Bắc Bộ: avg_interval=1800.00s, priority=0
2026-04-07 10:10:34,681 - priority_calculator - INFO - Route Đồng hồ in Nam Trung Bộ: avg_interval=1800.00s, priority=0
2026-04-07 10:10:34,681 - priority_calculator - INFO - Route Điện thoại in Quảng Nam Đà Nẵng: avg_interval=330.00s, priority=211
2026-04-07 10:10:34,684 - priority_calculator - INFO - Route Điện thoại in Hải Phòng Nam Định Thái Bình: avg_interval=1301.01s, priority=71
2026-04-07 10:10:34,685 - priority_calculator - WARNING - HTTP 403 for category 5030, region 4
2026-04-07 10:10:34,692 - priority_calculator - INFO - Route Điện thoại in Hà Nội: avg_interval=144.05s, priority=238
2026-04-07 10:10:34,703 - priority_calculator - WARNING - HTTP 403 for category 5030, region 12
2026-04-07 10:10:34,711 - priority_calculator - WARNING - HTTP 403 for category 5030, region 6
2026-04-07 10:10:34,712 - priority_calculator - WARNING - HTTP 403 for category 5060, region 2
2026-04-07 10:10:34,713 - priority_calculator - WARNING - HTTP 403 for category 5060, region 13
2026-04-07 10:10:34,714 - priority_calculator - WARNING - HTTP 403 for category 5090, region 9
2026-04-07 10:10:34,714 - priority_calculator - WARNING - HTTP 403 for category 5090, region 1
2026-04-07 10:10:34,715 - priority_calculator - WARNING - HTTP 403 for category 5030, region 1
2026-04-07 10:10:34,716 - priority_calculator - WARNING - Failed to fetch data for category 5030, region 1
2026-04-07 10:10:34,716 - priority_calculator - WARNING - HTTP 403 for category 5060, region 7
2026-04-07 10:10:34,727 - priority_calculator - WARNING - HTTP 403 for category 5030, region 2
2026-04-07 10:10:34,727 - priority_calculator - WARNING - Failed to fetch data for category 5030, region 2
2026-04-07 10:10:34,727 - priority_calculator - WARNING - HTTP 403 for category 5030, region 3
2026-04-07 10:10:34,728 - priority_calculator - WARNING - Failed to fetch data for category 5030, region 3
2026-04-07 10:10:34,728 - priority_calculator - WARNING - HTTP 403 for category 3050, region 13
2026-04-07 10:10:34,728 - priority_calculator - WARNING - Failed to fetch data for category 3050, region 13
2026-04-07 10:10:34,744 - priority_calculator - WARNING - HTTP 403 for category 5030, region 7
2026-04-07 10:10:34,745 - priority_calculator - WARNING - Failed to fetch data for category 5030, region 7
2026-04-07 10:10:34,764 - priority_calculator - WARNING - HTTP 403 for category 5030, region 4
2026-04-07 10:10:34,765 - priority_calculator - WARNING - Failed to fetch data for category 5030, region 4
2026-04-07 10:10:34,771 - priority_calculator - WARNING - HTTP 403 for category 5090, region 11
2026-04-07 10:10:34,783 - priority_calculator - WARNING - HTTP 403 for category 5030, region 12
2026-04-07 10:10:34,783 - priority_calculator - WARNING - Failed to fetch data for category 5030, region 12
2026-04-07 10:10:34,809 - priority_calculator - WARNING - HTTP 403 for category 5060, region 2
2026-04-07 10:10:34,809 - priority_calculator - WARNING - Failed to fetch data for category 5060, region 2
2026-04-07 10:10:34,811 - priority_calculator - WARNING - HTTP 403 for category 5090, region 10
2026-04-07 10:10:34,811 - priority_calculator - WARNING - HTTP 403 for category 5030, region 6
2026-04-07 10:10:34,812 - priority_calculator - WARNING - Failed to fetch data for category 5030, region 6
2026-04-07 10:10:34,814 - priority_calculator - WARNING - HTTP 403 for category 5090, region 8
2026-04-07 10:10:34,814 - priority_calculator - WARNING - HTTP 403 for category 5090, region 12
2026-04-07 10:10:34,819 - priority_calculator - WARNING - HTTP 403 for category 5090, region 9
2026-04-07 10:10:34,819 - priority_calculator - WARNING - Failed to fetch data for category 5090, region 9
2026-04-07 10:10:34,823 - priority_calculator - WARNING - HTTP 403 for category 5090, region 1
2026-04-07 10:10:34,824 - priority_calculator - WARNING - Failed to fetch data for category 5090, region 1
2026-04-07 10:10:34,826 - priority_calculator - WARNING - HTTP 403 for category 5060, region 13
2026-04-07 10:10:34,826 - priority_calculator - WARNING - Failed to fetch data for category 5060, region 13
2026-04-07 10:10:34,831 - priority_calculator - WARNING - HTTP 403 for category 5060, region 7
2026-04-07 10:10:34,831 - priority_calculator - WARNING - Failed to fetch data for category 5060, region 7
2026-04-07 10:10:34,833 - priority_calculator - WARNING - HTTP 403 for category 5030, region 9
2026-04-07 10:10:34,834 - priority_calculator - WARNING - HTTP 403 for category 5050, region 1
2026-04-07 10:10:34,836 - priority_calculator - WARNING - HTTP 403 for category 5030, region 8
2026-04-07 10:10:34,841 - priority_calculator - WARNING - HTTP 403 for category 5030, region 5
2026-04-07 10:10:34,843 - priority_calculator - WARNING - HTTP 403 for category 5030, region 10
2026-04-07 10:10:34,844 - priority_calculator - WARNING - HTTP 403 for category 5050, region 13
2026-04-07 10:10:34,846 - priority_calculator - WARNING - HTTP 403 for category 5050, region 2
2026-04-07 10:10:34,847 - priority_calculator - WARNING - HTTP 403 for category 5050, region 11
2026-04-07 10:10:34,849 - priority_calculator - WARNING - HTTP 403 for category 5030, region 11
2026-04-07 10:10:34,850 - priority_calculator - WARNING - HTTP 403 for category 5050, region 6
2026-04-07 10:10:34,850 - priority_calculator - WARNING - HTTP 403 for category 5050, region 7
2026-04-07 10:10:34,862 - priority_calculator - WARNING - HTTP 403 for category 5050, region 8
2026-04-07 10:10:34,863 - priority_calculator - WARNING - HTTP 403 for category 5050, region 3
2026-04-07 10:10:34,864 - priority_calculator - WARNING - HTTP 403 for category 5090, region 11
2026-04-07 10:10:34,864 - priority_calculator - WARNING - HTTP 403 for category 5060, region 5
2026-04-07 10:10:34,865 - priority_calculator - WARNING - HTTP 403 for category 5060, region 1
2026-04-07 10:10:34,868 - priority_calculator - WARNING - HTTP 403 for category 5060, region 6
2026-04-07 10:10:34,869 - priority_calculator - WARNING - HTTP 403 for category 5050, region 12
2026-04-07 10:10:34,879 - priority_calculator - WARNING - HTTP 403 for category 5060, region 9
2026-04-07 10:10:34,880 - priority_calculator - WARNING - HTTP 403 for category 5060, region 4
2026-04-07 10:10:34,880 - priority_calculator - WARNING - HTTP 403 for category 5060, region 10
2026-04-07 10:10:34,896 - priority_calculator - WARNING - HTTP 403 for category 5060, region 8
2026-04-07 10:10:34,896 - priority_calculator - WARNING - HTTP 403 for category 5060, region 12
2026-04-07 10:10:34,897 - priority_calculator - WARNING - HTTP 403 for category 5090, region 10
2026-04-07 10:10:34,898 - priority_calculator - WARNING - HTTP 403 for category 5090, region 8
2026-04-07 10:10:34,900 - priority_calculator - WARNING - HTTP 403 for category 5060, region 3
2026-04-07 10:10:34,901 - priority_calculator - WARNING - HTTP 403 for category 5090, region 7
2026-04-07 10:10:34,905 - priority_calculator - WARNING - HTTP 403 for category 5090, region 12
2026-04-07 10:10:34,906 - priority_calculator - WARNING - HTTP 403 for category 5060, region 11
2026-04-07 10:10:34,913 - priority_calculator - WARNING - HTTP 403 for category 5030, region 9
2026-04-07 10:10:34,913 - priority_calculator - WARNING - Failed to fetch data for category 5030, region 9
2026-04-07 10:10:34,913 - priority_calculator - WARNING - HTTP 403 for category 5090, region 5
2026-04-07 10:10:34,914 - priority_calculator - WARNING - HTTP 403 for category 5090, region 13
2026-04-07 10:10:34,914 - priority_calculator - WARNING - HTTP 403 for category 5050, region 1
2026-04-07 10:10:34,914 - priority_calculator - WARNING - Failed to fetch data for category 5050, region 1
2026-04-07 10:10:34,914 - priority_calculator - WARNING - HTTP 403 for category 5090, region 6
2026-04-07 10:10:34,915 - priority_calculator - WARNING - HTTP 403 for category 5090, region 3
2026-04-07 10:10:34,917 - priority_calculator - WARNING - HTTP 403 for category 5030, region 8
2026-04-07 10:10:34,917 - priority_calculator - WARNING - Failed to fetch data for category 5030, region 8
2026-04-07 10:10:34,918 - priority_calculator - WARNING - HTTP 403 for category 5030, region 5
2026-04-07 10:10:34,918 - priority_calculator - WARNING - Failed to fetch data for category 5030, region 5
2026-04-07 10:10:34,919 - priority_calculator - WARNING - HTTP 403 for category 5050, region 11
2026-04-07 10:10:34,919 - priority_calculator - WARNING - Failed to fetch data for category 5050, region 11
2026-04-07 10:10:34,920 - priority_calculator - WARNING - HTTP 403 for category 5030, region 10
2026-04-07 10:10:34,920 - priority_calculator - WARNING - Failed to fetch data for category 5030, region 10
2026-04-07 10:10:34,920 - priority_calculator - WARNING - HTTP 403 for category 5050, region 2
2026-04-07 10:10:34,922 - priority_calculator - WARNING - HTTP 403 for category 5050, region 13
2026-04-07 10:10:34,923 - priority_calculator - WARNING - Failed to fetch data for category 5050, region 13
2026-04-07 10:10:34,932 - priority_calculator - WARNING - HTTP 403 for category 5050, region 6
2026-04-07 10:10:34,932 - priority_calculator - WARNING - Failed to fetch data for category 5050, region 6
2026-04-07 10:10:34,932 - priority_calculator - WARNING - HTTP 403 for category 5050, region 7
2026-04-07 10:10:34,932 - priority_calculator - WARNING - Failed to fetch data for category 5050, region 7
2026-04-07 10:10:34,933 - priority_calculator - WARNING - HTTP 403 for category 5030, region 11
2026-04-07 10:10:34,933 - priority_calculator - WARNING - Failed to fetch data for category 5030, region 11
2026-04-07 10:10:34,944 - priority_calculator - WARNING - HTTP 403 for category 5050, region 3
2026-04-07 10:10:34,944 - priority_calculator - WARNING - Failed to fetch data for category 5050, region 3
2026-04-07 10:10:34,945 - priority_calculator - WARNING - HTTP 403 for category 5060, region 5
2026-04-07 10:10:34,945 - priority_calculator - WARNING - Failed to fetch data for category 5060, region 5
2026-04-07 10:10:34,948 - priority_calculator - WARNING - HTTP 403 for category 5050, region 8
2026-04-07 10:10:34,948 - priority_calculator - WARNING - Failed to fetch data for category 5050, region 8
2026-04-07 10:10:34,948 - priority_calculator - WARNING - HTTP 403 for category 5090, region 11
2026-04-07 10:10:34,948 - priority_calculator - WARNING - Failed to fetch data for category 5090, region 11
2026-04-07 10:10:34,948 - priority_calculator - WARNING - HTTP 403 for category 5060, region 6
2026-04-07 10:10:34,948 - priority_calculator - WARNING - Failed to fetch data for category 5060, region 6
2026-04-07 10:10:34,948 - priority_calculator - INFO - Route Phụ tùng xe in Tây Nguyên: avg_interval=1800.00s, priority=0
2026-04-07 10:10:34,949 - priority_calculator - WARNING - HTTP 403 for category 5050, region 4
2026-04-07 10:10:35,041 - priority_calculator - WARNING - HTTP 403 for category 5060, region 1
2026-04-07 10:10:35,042 - priority_calculator - WARNING - Failed to fetch data for category 5060, region 1
2026-04-07 10:10:35,051 - priority_calculator - WARNING - HTTP 403 for category 5050, region 4
2026-04-07 10:10:35,053 - priority_calculator - WARNING - HTTP 403 for category 5090, region 4
2026-04-07 10:10:35,060 - priority_calculator - INFO - Route Mẹ và bé in Hà Nội: avg_interval=1800.00s, priority=0
2026-04-07 10:10:35,070 - priority_calculator - WARNING - HTTP 403 for category 5060, region 4
2026-04-07 10:10:35,070 - priority_calculator - WARNING - Failed to fetch data for category 5060, region 4
2026-04-07 10:10:35,073 - priority_calculator - WARNING - HTTP 403 for category 5060, region 9
2026-04-07 10:10:35,073 - priority_calculator - WARNING - Failed to fetch data for category 5060, region 9
2026-04-07 10:10:35,077 - priority_calculator - WARNING - HTTP 403 for category 5060, region 10
2026-04-07 10:10:35,077 - priority_calculator - WARNING - Failed to fetch data for category 5060, region 10
2026-04-07 10:10:35,160 - priority_calculator - WARNING - HTTP 403 for category 5060, region 12
2026-04-07 10:10:35,160 - priority_calculator - WARNING - Failed to fetch data for category 5060, region 12
2026-04-07 10:10:35,160 - priority_calculator - WARNING - HTTP 403 for category 5060, region 8
2026-04-07 10:10:35,160 - priority_calculator - WARNING - Failed to fetch data for category 5060, region 8
2026-04-07 10:10:35,161 - priority_calculator - WARNING - HTTP 403 for category 5090, region 12
2026-04-07 10:10:35,161 - priority_calculator - WARNING - Failed to fetch data for category 5090, region 12
2026-04-07 10:10:35,161 - priority_calculator - WARNING - HTTP 403 for category 5060, region 3
2026-04-07 10:10:35,161 - priority_calculator - WARNING - Failed to fetch data for category 5060, region 3
2026-04-07 10:10:35,161 - priority_calculator - WARNING - HTTP 403 for category 5090, region 7
2026-04-07 10:10:35,161 - priority_calculator - WARNING - Failed to fetch data for category 5090, region 7
2026-04-07 10:10:35,163 - priority_calculator - WARNING - HTTP 403 for category 5090, region 10
2026-04-07 10:10:35,163 - priority_calculator - WARNING - Failed to fetch data for category 5090, region 10
2026-04-07 10:10:35,163 - priority_calculator - WARNING - HTTP 403 for category 5090, region 3
2026-04-07 10:10:35,163 - priority_calculator - WARNING - Failed to fetch data for category 5090, region 3
2026-04-07 10:10:35,163 - priority_calculator - WARNING - HTTP 403 for category 5090, region 8
2026-04-07 10:10:35,163 - priority_calculator - WARNING - Failed to fetch data for category 5090, region 8
2026-04-07 10:10:35,163 - priority_calculator - WARNING - HTTP 403 for category 5060, region 11
2026-04-07 10:10:35,163 - priority_calculator - WARNING - Failed to fetch data for category 5060, region 11
2026-04-07 10:10:35,164 - priority_calculator - WARNING - HTTP 403 for category 5090, region 5
2026-04-07 10:10:35,164 - priority_calculator - WARNING - Failed to fetch data for category 5090, region 5
2026-04-07 10:10:35,164 - priority_calculator - WARNING - HTTP 403 for category 5090, region 6
2026-04-07 10:10:35,164 - priority_calculator - WARNING - Failed to fetch data for category 5090, region 6
2026-04-07 10:10:35,165 - priority_calculator - WARNING - HTTP 403 for category 5090, region 13
2026-04-07 10:10:35,165 - priority_calculator - WARNING - Failed to fetch data for category 5090, region 13
2026-04-07 10:10:35,165 - priority_calculator - WARNING - HTTP 403 for category 5050, region 2
2026-04-07 10:10:35,165 - priority_calculator - WARNING - Failed to fetch data for category 5050, region 2
2026-04-07 10:10:35,165 - priority_calculator - WARNING - HTTP 403 for category 5050, region 5
2026-04-07 10:10:35,166 - priority_calculator - WARNING - HTTP 403 for category 5050, region 10
2026-04-07 10:10:35,166 - priority_calculator - WARNING - HTTP 403 for category 5050, region 9
2026-04-07 10:10:35,248 - priority_calculator - WARNING - HTTP 403 for category 5050, region 5
2026-04-07 10:10:35,248 - priority_calculator - WARNING - HTTP 403 for category 5090, region 2
2026-04-07 10:10:35,287 - priority_calculator - WARNING - HTTP 403 for category 5050, region 12
2026-04-07 10:10:35,287 - priority_calculator - WARNING - Failed to fetch data for category 5050, region 12
2026-04-07 10:10:35,302 - priority_calculator - INFO - Route Đồng hồ in Các tỉnh lân cận Hà Nội: avg_interval=1800.00s, priority=0
2026-04-07 10:10:35,321 - priority_calculator - WARNING - HTTP 403 for category 5090, region 4
2026-04-07 10:10:35,325 - priority_calculator - WARNING - HTTP 403 for category 5050, region 4
2026-04-07 10:10:35,325 - priority_calculator - WARNING - Failed to fetch data for category 5050, region 4
2026-04-07 10:10:35,340 - priority_calculator - WARNING - HTTP 403 for category 5030, region 13
2026-04-07 10:10:35,383 - priority_calculator - WARNING - HTTP 403 for category 5050, region 10
2026-04-07 10:10:35,404 - priority_calculator - WARNING - HTTP 403 for category 5050, region 9
2026-04-07 10:10:35,409 - priority_calculator - WARNING - HTTP 403 for category 5090, region 4
2026-04-07 10:10:35,409 - priority_calculator - WARNING - Failed to fetch data for category 5090, region 4
2026-04-07 10:10:35,461 - priority_calculator - WARNING - HTTP 403 for category 5050, region 5
2026-04-07 10:10:35,461 - priority_calculator - WARNING - Failed to fetch data for category 5050, region 5
2026-04-07 10:10:35,471 - priority_calculator - WARNING - HTTP 403 for category 5090, region 2
2026-04-07 10:10:35,580 - priority_calculator - WARNING - HTTP 403 for category 5030, region 13
2026-04-07 10:10:35,580 - priority_calculator - WARNING - Failed to fetch data for category 5030, region 13
2026-04-07 10:10:35,591 - priority_calculator - WARNING - HTTP 403 for category 5050, region 10
2026-04-07 10:10:35,591 - priority_calculator - WARNING - Failed to fetch data for category 5050, region 10
2026-04-07 10:10:35,631 - priority_calculator - WARNING - HTTP 403 for category 5050, region 9
2026-04-07 10:10:35,632 - priority_calculator - WARNING - Failed to fetch data for category 5050, region 9
2026-04-07 10:10:35,659 - priority_calculator - WARNING - HTTP 403 for category 5090, region 2
2026-04-07 10:10:35,659 - priority_calculator - WARNING - Failed to fetch data for category 5090, region 2
2026-04-07 10:10:35,659 - priority_calculator - INFO - Priority calculation completed. Top route: Điện thoại in Tp Hồ Chí Minh (priority=250)
2026-04-07 10:10:35,910 - queue_manager - INFO - Successfully queued 156/156 routes
2026-04-07 10:10:35,910 - api - INFO - Queued 156 routes
2026-04-07 10:10:35,910 - crawler - INFO - Starting 5 crawler workers...
2026-04-07 10:10:35,920 - database - INFO - Connected to MongoDB successfully: mongodb://localhost:27017/
2026-04-07 10:10:35,920 - crawler - INFO - All 5 workers started
2026-04-07 10:10:35,920 - crawler - INFO - Worker 0: Started
2026-04-07 10:10:35,920 - crawler - INFO - Worker 0: Processing Điện thoại in Tp Hồ Chí Minh (page=0, priority=250)
2026-04-07 10:10:35,921 - crawler - INFO - Worker 1: Started
2026-04-07 10:10:35,921 - crawler - INFO - Worker 1: Processing Phụ kiện thời trang khác in Tp Hồ Chí Minh (page=0, priority=245)
2026-04-07 10:10:35,921 - crawler - INFO - Worker 2: Started
2026-04-07 10:10:35,921 - crawler - INFO - Worker 2: Processing Điện thoại in Hà Nội (page=0, priority=238)
2026-04-07 10:10:35,922 - crawler - INFO - Worker 3: Started
2026-04-07 10:10:35,922 - crawler - INFO - Worker 3: Processing Giày dép in Tp Hồ Chí Minh (page=0, priority=227)
2026-04-07 10:10:35,922 - crawler - INFO - Worker 4: Started
2026-04-07 10:10:35,922 - crawler - INFO - Worker 4: Processing Phụ tùng xe in Tp Hồ Chí Minh (page=0, priority=218)
2026-04-07 10:10:36,202 - crawler - WARNING - Worker 0: HTTP 403 for cg=5010 region=13 page=0
2026-04-07 10:10:36,204 - crawler - WARNING - Worker 4: HTTP 403 for cg=2030 region=13 page=0
2026-04-07 10:10:36,207 - crawler - WARNING - Worker 3: HTTP 403 for cg=3060 region=13 page=0
2026-04-07 10:10:36,216 - crawler - WARNING - Worker 2: HTTP 403 for cg=5010 region=12 page=0
2026-04-07 10:10:36,218 - crawler - WARNING - Worker 1: HTTP 403 for cg=3090 region=13 page=0
2026-04-07 10:10:36,392 - crawler - WARNING - Worker 3: HTTP 403 for cg=3060 region=13 page=0
2026-04-07 10:10:36,394 - crawler - WARNING - Worker 4: HTTP 403 for cg=2030 region=13 page=0
2026-04-07 10:10:36,397 - crawler - WARNING - Worker 0: HTTP 403 for cg=5010 region=13 page=0
2026-04-07 10:10:36,455 - crawler - WARNING - Worker 2: HTTP 403 for cg=5010 region=12 page=0
2026-04-07 10:10:36,457 - crawler - WARNING - Worker 1: HTTP 403 for cg=3090 region=13 page=0
2026-04-07 10:10:36,584 - crawler - WARNING - Worker 3: HTTP 403 for cg=3060 region=13 page=0
2026-04-07 10:10:36,584 - crawler - INFO - Worker 3: Completed route Giày dép in Tp Hồ Chí Minh in 0.66s
2026-04-07 10:10:36,584 - queue_manager - INFO - Scheduled next crawl for Giày dép in Tp Hồ Chí Minh after 221.0s
2026-04-07 10:10:36,586 - crawler - WARNING - Worker 4: HTTP 403 for cg=2030 region=13 page=0
2026-04-07 10:10:36,586 - crawler - INFO - Worker 4: Completed route Phụ tùng xe in Tp Hồ Chí Minh in 0.66s
2026-04-07 10:10:36,586 - queue_manager - INFO - Scheduled next crawl for Phụ tùng xe in Tp Hồ Chí Minh after 281.0s
2026-04-07 10:10:36,600 - crawler - WARNING - Worker 0: HTTP 403 for cg=5010 region=13 page=0
2026-04-07 10:10:36,600 - crawler - INFO - Worker 0: Completed route Điện thoại in Tp Hồ Chí Minh in 0.68s
2026-04-07 10:10:36,601 - queue_manager - INFO - Scheduled next crawl for Điện thoại in Tp Hồ Chí Minh after 63.0s
2026-04-07 10:10:36,638 - crawler - WARNING - Worker 2: HTTP 403 for cg=5010 region=12 page=0
2026-04-07 10:10:36,638 - crawler - INFO - Worker 2: Completed route Điện thoại in Hà Nội in 0.72s
2026-04-07 10:10:36,639 - queue_manager - INFO - Scheduled next crawl for Điện thoại in Hà Nội after 144.1s
2026-04-07 10:10:36,656 - crawler - WARNING - Worker 1: HTTP 403 for cg=3090 region=13 page=0
2026-04-07 10:10:36,657 - crawler - INFO - Worker 1: Completed route Phụ kiện thời trang khác in Tp Hồ Chí Minh in 0.74s
2026-04-07 10:10:36,657 - queue_manager - INFO - Scheduled next crawl for Phụ kiện thời trang khác in Tp Hồ Chí Minh after 98.5s
2026-04-07 10:10:39,585 - crawler - INFO - Worker 3: Processing Điện thoại in Quảng Nam Đà Nẵng (page=0, priority=211)
2026-04-07 10:10:39,587 - crawler - INFO - Worker 4: Processing Đồ thể thao, Dã ngoại in Tp Hồ Chí Minh (page=0, priority=207)
2026-04-07 10:10:39,601 - crawler - INFO - Worker 0: Processing Mẹ và bé in Tp Hồ Chí Minh (page=0, priority=205)
2026-04-07 10:10:39,639 - crawler - INFO - Worker 2: Processing Điện thoại in Đông Nam Bộ (page=0, priority=200)
2026-04-07 10:10:39,657 - crawler - INFO - Worker 1: Processing Điện thoại in Cần Thơ - Tây Nam Bộ (page=0, priority=174)
2026-04-07 10:10:39,799 - crawler - WARNING - Worker 4: HTTP 403 for cg=4020 region=13 page=0
2026-04-07 10:10:39,802 - crawler - WARNING - Worker 3: HTTP 403 for cg=5010 region=3 page=0
2026-04-07 10:10:39,803 - crawler - WARNING - Worker 0: HTTP 403 for cg=11010 region=13 page=0
2026-04-07 10:10:39,836 - crawler - WARNING - Worker 2: HTTP 403 for cg=5010 region=2 page=0
2026-04-07 10:10:39,863 - crawler - WARNING - Worker 1: HTTP 403 for cg=5010 region=5 page=0
2026-04-07 10:10:39,997 - crawler - WARNING - Worker 4: HTTP 403 for cg=4020 region=13 page=0
2026-04-07 10:10:40,017 - crawler - WARNING - Worker 0: HTTP 403 for cg=11010 region=13 page=0
2026-04-07 10:10:40,057 - crawler - WARNING - Worker 2: HTTP 403 for cg=5010 region=2 page=0
2026-04-07 10:10:40,058 - crawler - WARNING - Worker 1: HTTP 403 for cg=5010 region=5 page=0
2026-04-07 10:10:40,067 - crawler - WARNING - Worker 3: HTTP 403 for cg=5010 region=3 page=0
2026-04-07 10:10:40,199 - crawler - WARNING - Worker 4: HTTP 403 for cg=4020 region=13 page=0
2026-04-07 10:10:40,199 - crawler - INFO - Worker 4: Completed route Đồ thể thao, Dã ngoại in Tp Hồ Chí Minh in 0.61s
2026-04-07 10:10:40,199 - queue_manager - INFO - Scheduled next crawl for Đồ thể thao, Dã ngoại in Tp Hồ Chí Minh after 360.0s
2026-04-07 10:10:40,213 - crawler - WARNING - Worker 0: HTTP 403 for cg=11010 region=13 page=0
2026-04-07 10:10:40,213 - crawler - INFO - Worker 0: Completed route Mẹ và bé in Tp Hồ Chí Minh in 0.61s
2026-04-07 10:10:40,213 - queue_manager - INFO - Scheduled next crawl for Mẹ và bé in Tp Hồ Chí Minh after 373.0s
2026-04-07 10:10:40,301 - crawler - WARNING - Worker 2: HTTP 403 for cg=5010 region=2 page=0
2026-04-07 10:10:40,302 - crawler - INFO - Worker 2: Completed route Điện thoại in Đông Nam Bộ in 0.66s
2026-04-07 10:10:40,302 - queue_manager - INFO - Scheduled next crawl for Điện thoại in Đông Nam Bộ after 406.0s
2026-04-07 10:10:40,303 - crawler - WARNING - Worker 3: HTTP 403 for cg=5010 region=3 page=0
2026-04-07 10:10:40,303 - crawler - INFO - Worker 3: Completed route Điện thoại in Quảng Nam Đà Nẵng in 0.72s
2026-04-07 10:10:40,303 - queue_manager - INFO - Scheduled next crawl for Điện thoại in Quảng Nam Đà Nẵng after 330.0s
2026-04-07 10:10:40,507 - crawler - WARNING - Worker 1: HTTP 403 for cg=5010 region=5 page=0
2026-04-07 10:10:40,507 - crawler - INFO - Worker 1: Completed route Điện thoại in Cần Thơ - Tây Nam Bộ in 0.85s
2026-04-07 10:10:40,507 - queue_manager - INFO - Scheduled next crawl for Điện thoại in Cần Thơ - Tây Nam Bộ after 586.0s
2026-04-07 10:10:43,200 - crawler - INFO - Worker 4: Processing Điện thoại in Hải Phòng Nam Định Thái Bình (page=0, priority=71)
2026-04-07 10:10:43,213 - crawler - INFO - Worker 0: Processing Phụ tùng xe in Đông Nam Bộ (page=0, priority=44)
2026-04-07 10:10:43,302 - crawler - INFO - Worker 2: Processing Đồ thể thao, Dã ngoại in Hà Nội (page=0, priority=8)
2026-04-07 10:10:43,303 - crawler - INFO - Worker 3: Processing Phụ tùng xe in Các tỉnh lân cận Hà Nội (page=0, priority=0)
2026-04-07 10:10:43,397 - crawler - WARNING - Worker 4: HTTP 403 for cg=5010 region=4 page=0
2026-04-07 10:10:43,417 - crawler - WARNING - Worker 0: HTTP 403 for cg=2030 region=2 page=0
2026-04-07 10:10:43,507 - crawler - INFO - Worker 1: Processing Phụ tùng xe in Quảng Nam Đà Nẵng (page=0, priority=0)
2026-04-07 10:10:43,511 - crawler - WARNING - Worker 2: HTTP 403 for cg=4020 region=12 page=0
2026-04-07 10:10:43,517 - crawler - WARNING - Worker 3: HTTP 403 for cg=2030 region=1 page=0
2026-04-07 10:10:43,592 - crawler - WARNING - Worker 4: HTTP 403 for cg=5010 region=4 page=0
2026-04-07 10:10:43,643 - crawler - WARNING - Worker 0: HTTP 403 for cg=2030 region=2 page=0
2026-04-07 10:10:43,714 - crawler - WARNING - Worker 1: HTTP 403 for cg=2030 region=3 page=0
2026-04-07 10:10:43,722 - crawler - WARNING - Worker 2: HTTP 403 for cg=4020 region=12 page=0
2026-04-07 10:10:43,730 - crawler - WARNING - Worker 3: HTTP 403 for cg=2030 region=1 page=0
2026-04-07 10:10:43,786 - crawler - WARNING - Worker 4: HTTP 403 for cg=5010 region=4 page=0
2026-04-07 10:10:43,786 - crawler - INFO - Worker 4: Completed route Điện thoại in Hải Phòng Nam Định Thái Bình in 0.59s
2026-04-07 10:10:43,787 - queue_manager - INFO - Scheduled next crawl for Điện thoại in Hải Phòng Nam Định Thái Bình after 1301.0s
2026-04-07 10:10:43,852 - crawler - WARNING - Worker 0: HTTP 403 for cg=2030 region=2 page=0
2026-04-07 10:10:43,852 - crawler - INFO - Worker 0: Completed route Phụ tùng xe in Đông Nam Bộ in 0.64s
2026-04-07 10:10:43,852 - queue_manager - INFO - Scheduled next crawl for Phụ tùng xe in Đông Nam Bộ after 1489.0s
2026-04-07 10:10:43,907 - crawler - WARNING - Worker 2: HTTP 403 for cg=4020 region=12 page=0
2026-04-07 10:10:43,907 - crawler - INFO - Worker 2: Completed route Đồ thể thao, Dã ngoại in Hà Nội in 0.60s
2026-04-07 10:10:43,907 - queue_manager - INFO - Scheduled next crawl for Đồ thể thao, Dã ngoại in Hà Nội after 1742.8s
2026-04-07 10:10:43,909 - crawler - WARNING - Worker 1: HTTP 403 for cg=2030 region=3 page=0
2026-04-07 10:10:43,910 - crawler - WARNING - Worker 3: HTTP 403 for cg=2030 region=1 page=0
2026-04-07 10:10:43,910 - crawler - INFO - Worker 3: Completed route Phụ tùng xe in Các tỉnh lân cận Hà Nội in 0.61s
2026-04-07 10:10:43,910 - queue_manager - INFO - Scheduled next crawl for Phụ tùng xe in Các tỉnh lân cận Hà Nội after 1800.0s
2026-04-07 10:10:44,147 - crawler - WARNING - Worker 1: HTTP 403 for cg=2030 region=3 page=0
2026-04-07 10:10:44,147 - crawler - INFO - Worker 1: Completed route Phụ tùng xe in Quảng Nam Đà Nẵng in 0.64s
2026-04-07 10:10:44,147 - queue_manager - INFO - Scheduled next crawl for Phụ tùng xe in Quảng Nam Đà Nẵng after 1800.0s
2026-04-07 10:10:46,787 - crawler - INFO - Worker 4: Processing Phụ tùng xe in Hải Phòng Nam Định Thái Bình (page=0, priority=0)
2026-04-07 10:10:46,852 - crawler - INFO - Worker 0: Processing Phụ tùng xe in Bình Trị Thừa Thiên Huế (page=0, priority=0)
2026-04-07 10:10:46,907 - crawler - INFO - Worker 2: Processing Phụ tùng xe in Nam Trung Bộ (page=0, priority=0)
2026-04-07 10:10:46,910 - crawler - INFO - Worker 3: Processing Phụ tùng xe in Thanh Nghệ Tĩnh (page=0, priority=0)
2026-04-07 10:10:47,148 - crawler - INFO - Worker 1: Processing Phụ tùng xe in Tây Nguyên (page=0, priority=0)
2026-04-07 10:10:49,441 - crawler - INFO - Worker 3: Completed route Phụ tùng xe in Thanh Nghệ Tĩnh in 2.53s
2026-04-07 10:10:49,441 - queue_manager - INFO - Scheduled next crawl for Phụ tùng xe in Thanh Nghệ Tĩnh after 1800.0s
2026-04-07 10:10:49,511 - crawler - INFO - Worker 4: Completed route Phụ tùng xe in Hải Phòng Nam Định Thái Bình in 2.72s
2026-04-07 10:10:49,511 - queue_manager - INFO - Scheduled next crawl for Phụ tùng xe in Hải Phòng Nam Định Thái Bình after 1800.0s
2026-04-07 10:10:49,512 - crawler - INFO - Worker 0: Completed route Phụ tùng xe in Bình Trị Thừa Thiên Huế in 2.66s
2026-04-07 10:10:49,512 - queue_manager - INFO - Scheduled next crawl for Phụ tùng xe in Bình Trị Thừa Thiên Huế after 1800.0s
2026-04-07 10:10:49,727 - crawler - INFO - Worker 2: Completed route Phụ tùng xe in Nam Trung Bộ in 2.82s
2026-04-07 10:10:49,727 - queue_manager - INFO - Scheduled next crawl for Phụ tùng xe in Nam Trung Bộ after 1800.0s
2026-04-07 10:10:50,091 - crawler - INFO - Worker 1: Completed route Phụ tùng xe in Tây Nguyên in 2.94s
2026-04-07 10:10:50,091 - queue_manager - INFO - Scheduled next crawl for Phụ tùng xe in Tây Nguyên after 1800.0s
2026-04-07 10:10:52,442 - crawler - INFO - Worker 3: Processing Phụ tùng xe in Đông Bắc Bộ (page=0, priority=0)
2026-04-07 10:10:52,511 - crawler - INFO - Worker 4: Processing Phụ tùng xe in Tây Bắc Bộ (page=0, priority=0)
2026-04-07 10:10:52,512 - crawler - INFO - Worker 0: Processing Phụ tùng xe in Hà Nội (page=0, priority=0)
2026-04-07 10:10:52,727 - crawler - INFO - Worker 2: Processing Giày dép in Các tỉnh lân cận Hà Nội (page=0, priority=0)
2026-04-07 10:10:53,074 - database - INFO - Saved 3 new crawled item IDs
2026-04-07 10:10:53,091 - crawler - INFO - Worker 1: Processing Giày dép in Quảng Nam Đà Nẵng (page=0, priority=0)
2026-04-07 10:10:53,477 - database - INFO - Saved 3 new crawled item IDs
2026-04-07 10:10:54,722 - database - INFO - Đã lọc bỏ 1 items lừa đảo/rác trong mẻ này.
2026-04-07 10:10:54,730 - database - INFO - Saved 1 new items to database
2026-04-07 10:10:54,830 - crawler - INFO - Worker 3: Completed route Phụ tùng xe in Đông Bắc Bộ in 2.39s
2026-04-07 10:10:54,831 - queue_manager - INFO - Scheduled next crawl for Phụ tùng xe in Đông Bắc Bộ after 1800.0s
2026-04-07 10:10:54,866 - crawler - INFO - Worker 4: Completed route Phụ tùng xe in Tây Bắc Bộ in 2.35s
2026-04-07 10:10:54,866 - queue_manager - INFO - Scheduled next crawl for Phụ tùng xe in Tây Bắc Bộ after 1800.0s
2026-04-07 10:10:55,339 - crawler - INFO - Worker 2: Completed route Giày dép in Các tỉnh lân cận Hà Nội in 2.61s
2026-04-07 10:10:55,339 - queue_manager - INFO - Scheduled next crawl for Giày dép in Các tỉnh lân cận Hà Nội after 1800.0s
2026-04-07 10:10:55,434 - crawler - INFO - Worker 0: Completed route Phụ tùng xe in Hà Nội in 2.92s
2026-04-07 10:10:55,435 - queue_manager - INFO - Scheduled next crawl for Phụ tùng xe in Hà Nội after 1800.0s
2026-04-07 10:10:57,258 - crawler - INFO - Worker 1: Completed route Giày dép in Quảng Nam Đà Nẵng in 4.17s
2026-04-07 10:10:57,258 - queue_manager - INFO - Scheduled next crawl for Giày dép in Quảng Nam Đà Nẵng after 1800.0s
2026-04-07 10:10:57,831 - crawler - INFO - Worker 3: Processing Giày dép in Hải Phòng Nam Định Thái Bình (page=0, priority=0)
2026-04-07 10:10:57,866 - crawler - INFO - Worker 4: Processing Giày dép in Cần Thơ - Tây Nam Bộ (page=0, priority=0)
2026-04-07 10:10:58,227 - database - INFO - Saved 2 new crawled item IDs
2026-04-07 10:10:58,228 - database - INFO - Saved 5 new crawled item IDs
2026-04-07 10:10:58,340 - crawler - INFO - Worker 2: Processing Giày dép in Bình Trị Thừa Thiên Huế (page=0, priority=0)
2026-04-07 10:10:58,435 - crawler - INFO - Worker 0: Processing Giày dép in Nam Trung Bộ (page=0, priority=0)
2026-04-07 10:10:59,328 - database - INFO - Đã lọc bỏ 1 items lừa đảo/rác trong mẻ này.
2026-04-07 10:10:59,330 - database - INFO - Saved 1 new items to database
2026-04-07 10:10:59,479 - database - INFO - Đã lọc bỏ 2 items lừa đảo/rác trong mẻ này.
2026-04-07 10:10:59,480 - database - INFO - Saved 1 new items to database
2026-04-07 10:11:00,258 - crawler - INFO - Worker 1: Processing Giày dép in Thanh Nghệ Tĩnh (page=0, priority=0)
2026-04-07 10:11:00,925 - crawler - INFO - Worker 2: Completed route Giày dép in Bình Trị Thừa Thiên Huế in 2.58s
2026-04-07 10:11:00,925 - queue_manager - INFO - Scheduled next crawl for Giày dép in Bình Trị Thừa Thiên Huế after 1800.0s
2026-04-07 10:11:01,253 - crawler - INFO - Worker 0: Completed route Giày dép in Nam Trung Bộ in 2.82s
2026-04-07 10:11:01,253 - queue_manager - INFO - Scheduled next crawl for Giày dép in Nam Trung Bộ after 1800.0s
2026-04-07 10:11:01,834 - crawler - INFO - Worker 3: Completed route Giày dép in Hải Phòng Nam Định Thái Bình in 4.00s
2026-04-07 10:11:01,835 - queue_manager - INFO - Scheduled next crawl for Giày dép in Hải Phòng Nam Định Thái Bình after 1800.0s
2026-04-07 10:11:01,849 - crawler - INFO - Worker 4: Completed route Giày dép in Cần Thơ - Tây Nam Bộ in 3.98s
2026-04-07 10:11:01,850 - queue_manager - INFO - Scheduled next crawl for Giày dép in Cần Thơ - Tây Nam Bộ after 1800.0s
2026-04-07 10:11:02,796 - crawler - INFO - Worker 1: Completed route Giày dép in Thanh Nghệ Tĩnh in 2.54s
2026-04-07 10:11:02,796 - queue_manager - INFO - Scheduled next crawl for Giày dép in Thanh Nghệ Tĩnh after 1800.0s
2026-04-07 10:11:03,925 - crawler - INFO - Worker 2: Processing Giày dép in Tây Nguyên (page=0, priority=0)
2026-04-07 10:11:04,254 - crawler - INFO - Worker 0: Processing Giày dép in Đông Bắc Bộ (page=0, priority=0)
2026-04-07 10:11:04,835 - crawler - INFO - Worker 3: Processing Giày dép in Tây Bắc Bộ (page=0, priority=0)
2026-04-07 10:11:04,850 - crawler - INFO - Worker 4: Processing Giày dép in Hà Nội (page=0, priority=0)
2026-04-07 10:11:04,980 - crawler - INFO - Worker 3: Completed route Giày dép in Tây Bắc Bộ in 0.14s
2026-04-07 10:11:04,980 - queue_manager - INFO - Scheduled next crawl for Giày dép in Tây Bắc Bộ after 1800.0s
2026-04-07 10:11:05,246 - database - INFO - Saved 6 new crawled item IDs
2026-04-07 10:11:05,797 - crawler - INFO - Worker 1: Processing Phụ kiện thời trang khác in Các tỉnh lân cận Hà Nội (page=0, priority=0)
2026-04-07 10:11:06,272 - database - INFO - Đã lọc bỏ 2 items lừa đảo/rác trong mẻ này.
2026-04-07 10:11:06,274 - database - INFO - Saved 2 new items to database
2026-04-07 10:11:06,674 - crawler - INFO - Worker 2: Completed route Giày dép in Tây Nguyên in 2.75s
2026-04-07 10:11:06,674 - queue_manager - INFO - Scheduled next crawl for Giày dép in Tây Nguyên after 1800.0s
2026-04-07 10:11:06,880 - crawler - INFO - Worker 0: Completed route Giày dép in Đông Bắc Bộ in 2.63s
2026-04-07 10:11:06,880 - queue_manager - INFO - Scheduled next crawl for Giày dép in Đông Bắc Bộ after 1800.0s
2026-04-07 10:11:07,981 - crawler - INFO - Worker 3: Processing Phụ kiện thời trang khác in Đông Nam Bộ (page=0, priority=0)
2026-04-07 10:11:08,297 - database - INFO - Saved 1 new crawled item IDs
2026-04-07 10:11:08,492 - ai_worker - INFO - Đã bỏ qua 5 items quá hạn (cũ hơn 180 phút).
2026-04-07 10:11:08,527 - crawler - INFO - Worker 1: Completed route Phụ kiện thời trang khác in Các tỉnh lân cận Hà Nội in 2.73s
2026-04-07 10:11:08,527 - queue_manager - INFO - Scheduled next crawl for Phụ kiện thời trang khác in Các tỉnh lân cận Hà Nội after 1800.0s
2026-04-07 10:11:08,830 - crawler - INFO - Worker 4: Completed route Giày dép in Hà Nội in 3.98s
2026-04-07 10:11:08,830 - queue_manager - INFO - Scheduled next crawl for Giày dép in Hà Nội after 1800.0s
2026-04-07 10:11:09,674 - crawler - INFO - Worker 2: Processing Phụ kiện thời trang khác in Quảng Nam Đà Nẵng (page=0, priority=0)
2026-04-07 10:11:09,881 - crawler - INFO - Worker 0: Processing Phụ kiện thời trang khác in Hải Phòng Nam Định Thái Bình (page=0, priority=0)
2026-04-07 10:11:10,162 - database - INFO - Saved 1 new crawled item IDs
2026-04-07 10:11:10,707 - crawler - INFO - Worker 3: Completed route Phụ kiện thời trang khác in Đông Nam Bộ in 2.73s
2026-04-07 10:11:10,707 - queue_manager - INFO - Scheduled next crawl for Phụ kiện thời trang khác in Đông Nam Bộ after 1800.0s
2026-04-07 10:11:11,222 - database - INFO - Đã lọc bỏ 1 items lừa đảo/rác trong mẻ này.
2026-04-07 10:11:11,222 - database - INFO - No items passed the filtering criteria and scam check
2026-04-07 10:11:11,528 - crawler - INFO - Worker 1: Processing Phụ kiện thời trang khác in Cần Thơ - Tây Nam Bộ (page=0, priority=0)
2026-04-07 10:11:11,831 - crawler - INFO - Worker 4: Processing Phụ kiện thời trang khác in Bình Trị Thừa Thiên Huế (page=0, priority=0)
2026-04-07 10:11:11,885 - database - INFO - Saved 2 new crawled item IDs
2026-04-07 10:11:12,613 - crawler - INFO - Worker 0: Completed route Phụ kiện thời trang khác in Hải Phòng Nam Định Thái Bình in 2.73s
2026-04-07 10:11:12,613 - queue_manager - INFO - Scheduled next crawl for Phụ kiện thời trang khác in Hải Phòng Nam Định Thái Bình after 1800.0s
2026-04-07 10:11:12,948 - database - INFO - Saved 1 new items to database
2026-04-07 10:11:13,706 - crawler - INFO - Worker 3: Processing Phụ kiện thời trang khác in Nam Trung Bộ (page=0, priority=0)
2026-04-07 10:11:13,716 - crawler - INFO - Worker 2: Completed route Phụ kiện thời trang khác in Quảng Nam Đà Nẵng in 4.04s
2026-04-07 10:11:13,716 - queue_manager - INFO - Scheduled next crawl for Phụ kiện thời trang khác in Quảng Nam Đà Nẵng after 1800.0s
2026-04-07 10:11:14,515 - crawler - INFO - Worker 4: Completed route Phụ kiện thời trang khác in Bình Trị Thừa Thiên Huế in 2.68s
2026-04-07 10:11:14,515 - queue_manager - INFO - Scheduled next crawl for Phụ kiện thời trang khác in Bình Trị Thừa Thiên Huế after 1800.0s
2026-04-07 10:11:15,615 - crawler - INFO - Worker 0: Processing Phụ kiện thời trang khác in Thanh Nghệ Tĩnh (page=0, priority=0)
2026-04-07 10:11:15,622 - crawler - INFO - Worker 1: Completed route Phụ kiện thời trang khác in Cần Thơ - Tây Nam Bộ in 4.09s
2026-04-07 10:11:15,622 - queue_manager - INFO - Scheduled next crawl for Phụ kiện thời trang khác in Cần Thơ - Tây Nam Bộ after 1800.0s
2026-04-07 10:11:16,408 - crawler - INFO - Worker 3: Completed route Phụ kiện thời trang khác in Nam Trung Bộ in 2.70s
2026-04-07 10:11:16,408 - queue_manager - INFO - Scheduled next crawl for Phụ kiện thời trang khác in Nam Trung Bộ after 1800.0s
2026-04-07 10:11:16,716 - crawler - INFO - Worker 2: Processing Phụ kiện thời trang khác in Tây Nguyên (page=0, priority=0)
2026-04-07 10:11:17,516 - crawler - INFO - Worker 4: Processing Phụ kiện thời trang khác in Đông Bắc Bộ (page=0, priority=0)
2026-04-07 10:11:17,949 - database - INFO - Saved 1 new crawled item IDs
2026-04-07 10:11:18,060 - crawler - INFO - Worker 0: Completed route Phụ kiện thời trang khác in Thanh Nghệ Tĩnh in 2.45s
2026-04-07 10:11:18,060 - queue_manager - INFO - Scheduled next crawl for Phụ kiện thời trang khác in Thanh Nghệ Tĩnh after 1800.0s
2026-04-07 10:11:18,623 - crawler - INFO - Worker 1: Processing Phụ kiện thời trang khác in Tây Bắc Bộ (page=0, priority=0)
2026-04-07 10:11:18,776 - crawler - INFO - Worker 1: Completed route Phụ kiện thời trang khác in Tây Bắc Bộ in 0.15s
2026-04-07 10:11:18,777 - queue_manager - INFO - Scheduled next crawl for Phụ kiện thời trang khác in Tây Bắc Bộ after 1800.0s
2026-04-07 10:11:19,408 - crawler - INFO - Worker 3: Processing Phụ kiện thời trang khác in Hà Nội (page=0, priority=0)
2026-04-07 10:11:19,788 - database - INFO - Saved 8 new crawled item IDs
2026-04-07 10:11:20,111 - crawler - INFO - Worker 4: Completed route Phụ kiện thời trang khác in Đông Bắc Bộ in 2.59s
2026-04-07 10:11:20,111 - queue_manager - INFO - Scheduled next crawl for Phụ kiện thời trang khác in Đông Bắc Bộ after 1800.0s
2026-04-07 10:11:20,401 - crawler - INFO - Worker 2: Completed route Phụ kiện thời trang khác in Tây Nguyên in 3.68s
2026-04-07 10:11:20,401 - queue_manager - INFO - Scheduled next crawl for Phụ kiện thời trang khác in Tây Nguyên after 1800.0s
2026-04-07 10:11:20,823 - database - INFO - Đã lọc bỏ 2 items lừa đảo/rác trong mẻ này.
2026-04-07 10:11:20,825 - database - INFO - Saved 2 new items to database
2026-04-07 10:11:21,061 - crawler - INFO - Worker 0: Processing Đồ thể thao, Dã ngoại in Các tỉnh lân cận Hà Nội (page=0, priority=0)
2026-04-07 10:11:21,777 - crawler - INFO - Worker 1: Processing Đồ thể thao, Dã ngoại in Đông Nam Bộ (page=0, priority=0)
2026-04-07 10:11:22,144 - database - INFO - Saved 4 new crawled item IDs
2026-04-07 10:11:23,112 - crawler - INFO - Worker 4: Processing Đồ thể thao, Dã ngoại in Quảng Nam Đà Nẵng (page=0, priority=0)
2026-04-07 10:11:23,121 - crawler - INFO - Worker 3: Completed route Phụ kiện thời trang khác in Hà Nội in 3.71s
2026-04-07 10:11:23,121 - queue_manager - INFO - Scheduled next crawl for Phụ kiện thời trang khác in Hà Nội after 1800.0s
2026-04-07 10:11:23,176 - database - INFO - Đã lọc bỏ 1 items lừa đảo/rác trong mẻ này.
2026-04-07 10:11:23,176 - database - INFO - No items passed the filtering criteria and scam check
2026-04-07 10:11:23,401 - crawler - INFO - Worker 2: Processing Đồ thể thao, Dã ngoại in Hải Phòng Nam Định Thái Bình (page=0, priority=0)
2026-04-07 10:11:23,433 - database - INFO - Saved 3 new crawled item IDs
2026-04-07 10:11:23,499 - ai_worker - INFO - Đã bỏ qua 2 items quá hạn (cũ hơn 180 phút).
2026-04-07 10:11:23,676 - crawler - INFO - Worker 0: Completed route Đồ thể thao, Dã ngoại in Các tỉnh lân cận Hà Nội in 2.62s
2026-04-07 10:11:23,676 - queue_manager - INFO - Scheduled next crawl for Đồ thể thao, Dã ngoại in Các tỉnh lân cận Hà Nội after 1800.0s
2026-04-07 10:11:23,733 - database - INFO - Saved 1 new crawled item IDs
2026-04-07 10:11:24,471 - database - INFO - Đã lọc bỏ 1 items lừa đảo/rác trong mẻ này.
2026-04-07 10:11:24,471 - database - INFO - No items passed the filtering criteria and scam check
2026-04-07 10:11:25,786 - crawler - INFO - Worker 1: Completed route Đồ thể thao, Dã ngoại in Đông Nam Bộ in 4.01s
2026-04-07 10:11:25,786 - queue_manager - INFO - Scheduled next crawl for Đồ thể thao, Dã ngoại in Đông Nam Bộ after 1800.0s
2026-04-07 10:11:26,032 - crawler - INFO - Worker 2: Completed route Đồ thể thao, Dã ngoại in Hải Phòng Nam Định Thái Bình in 2.63s
2026-04-07 10:11:26,032 - queue_manager - INFO - Scheduled next crawl for Đồ thể thao, Dã ngoại in Hải Phòng Nam Định Thái Bình after 1800.0s
2026-04-07 10:11:26,122 - crawler - INFO - Worker 3: Processing Đồ thể thao, Dã ngoại in Cần Thơ - Tây Nam Bộ (page=0, priority=0)
2026-04-07 10:11:26,535 - database - INFO - Saved 1 new crawled item IDs
2026-04-07 10:11:26,677 - crawler - INFO - Worker 0: Processing Đồ thể thao, Dã ngoại in Bình Trị Thừa Thiên Huế (page=0, priority=0)
2026-04-07 10:11:26,836 - crawler - INFO - Worker 4: Completed route Đồ thể thao, Dã ngoại in Quảng Nam Đà Nẵng in 3.72s
2026-04-07 10:11:26,836 - queue_manager - INFO - Scheduled next crawl for Đồ thể thao, Dã ngoại in Quảng Nam Đà Nẵng after 1800.0s
2026-04-07 10:11:28,786 - crawler - INFO - Worker 1: Processing Đồ thể thao, Dã ngoại in Nam Trung Bộ (page=0, priority=0)
2026-04-07 10:11:28,945 - crawler - INFO - Worker 3: Completed route Đồ thể thao, Dã ngoại in Cần Thơ - Tây Nam Bộ in 2.82s
2026-04-07 10:11:28,945 - queue_manager - INFO - Scheduled next crawl for Đồ thể thao, Dã ngoại in Cần Thơ - Tây Nam Bộ after 1800.0s
2026-04-07 10:11:29,033 - crawler - INFO - Worker 2: Processing Đồ thể thao, Dã ngoại in Thanh Nghệ Tĩnh (page=0, priority=0)
2026-04-07 10:11:29,078 - crawler - INFO - Worker 0: Completed route Đồ thể thao, Dã ngoại in Bình Trị Thừa Thiên Huế in 2.40s
2026-04-07 10:11:29,078 - queue_manager - INFO - Scheduled next crawl for Đồ thể thao, Dã ngoại in Bình Trị Thừa Thiên Huế after 1800.0s
2026-04-07 10:11:29,837 - crawler - INFO - Worker 4: Processing Đồ thể thao, Dã ngoại in Tây Nguyên (page=0, priority=0)
2026-04-07 10:11:31,460 - crawler - INFO - Worker 1: Completed route Đồ thể thao, Dã ngoại in Nam Trung Bộ in 2.67s
2026-04-07 10:11:31,460 - queue_manager - INFO - Scheduled next crawl for Đồ thể thao, Dã ngoại in Nam Trung Bộ after 1800.0s
2026-04-07 10:11:31,663 - crawler - INFO - Worker 2: Completed route Đồ thể thao, Dã ngoại in Thanh Nghệ Tĩnh in 2.63s
2026-04-07 10:11:31,663 - queue_manager - INFO - Scheduled next crawl for Đồ thể thao, Dã ngoại in Thanh Nghệ Tĩnh after 1800.0s
2026-04-07 10:11:31,946 - crawler - INFO - Worker 3: Processing Đồ thể thao, Dã ngoại in Đông Bắc Bộ (page=0, priority=0)
2026-04-07 10:11:32,079 - crawler - INFO - Worker 0: Processing Đồ thể thao, Dã ngoại in Tây Bắc Bộ (page=0, priority=0)
2026-04-07 10:11:32,194 - database - INFO - Saved 1 new crawled item IDs
2026-04-07 10:11:32,791 - crawler - INFO - Worker 4: Completed route Đồ thể thao, Dã ngoại in Tây Nguyên in 2.95s
2026-04-07 10:11:32,792 - queue_manager - INFO - Scheduled next crawl for Đồ thể thao, Dã ngoại in Tây Nguyên after 1800.0s
2026-04-07 10:11:33,216 - database - INFO - Đã lọc bỏ 1 items lừa đảo/rác trong mẻ này.
2026-04-07 10:11:33,216 - database - INFO - No items passed the filtering criteria and scam check
2026-04-07 10:11:34,404 - crawler - INFO - Worker 0: Completed route Đồ thể thao, Dã ngoại in Tây Bắc Bộ in 2.33s
2026-04-07 10:11:34,404 - queue_manager - INFO - Scheduled next crawl for Đồ thể thao, Dã ngoại in Tây Bắc Bộ after 1800.0s
2026-04-07 10:11:34,461 - crawler - INFO - Worker 1: Processing Mẹ và bé in Các tỉnh lân cận Hà Nội (page=0, priority=0)
2026-04-07 10:11:34,663 - crawler - INFO - Worker 2: Processing Mẹ và bé in Đông Nam Bộ (page=0, priority=0)
2026-04-07 10:11:35,027 - database - INFO - Saved 3 new crawled item IDs
2026-04-07 10:11:35,358 - crawler - INFO - Worker 3: Completed route Đồ thể thao, Dã ngoại in Đông Bắc Bộ in 3.41s
2026-04-07 10:11:35,358 - queue_manager - INFO - Scheduled next crawl for Đồ thể thao, Dã ngoại in Đông Bắc Bộ after 1800.0s
2026-04-07 10:11:35,791 - crawler - INFO - Worker 4: Processing Mẹ và bé in Hải Phòng Nam Định Thái Bình (page=0, priority=0)
2026-04-07 10:11:36,176 - database - INFO - Saved 1 new crawled item IDs
2026-04-07 10:11:36,245 - database - INFO - Saved 2 new items to database
2026-04-07 10:11:37,029 - crawler - INFO - Worker 1: Completed route Mẹ và bé in Các tỉnh lân cận Hà Nội in 2.57s
2026-04-07 10:11:37,029 - queue_manager - INFO - Scheduled next crawl for Mẹ và bé in Các tỉnh lân cận Hà Nội after 1800.0s
2026-04-07 10:11:37,405 - crawler - INFO - Worker 0: Processing Mẹ và bé in Cần Thơ - Tây Nam Bộ (page=0, priority=0)
2026-04-07 10:11:38,359 - crawler - INFO - Worker 3: Processing Mẹ và bé in Bình Trị Thừa Thiên Huế (page=0, priority=0)
2026-04-07 10:11:38,507 - ai_worker - INFO - Đã bỏ qua 2 items quá hạn (cũ hơn 180 phút).
2026-04-07 10:11:38,835 - crawler - INFO - Worker 4: Completed route Mẹ và bé in Hải Phòng Nam Định Thái Bình in 3.04s
2026-04-07 10:11:38,835 - queue_manager - INFO - Scheduled next crawl for Mẹ và bé in Hải Phòng Nam Định Thái Bình after 1800.0s
2026-04-07 10:11:38,841 - crawler - INFO - Worker 2: Completed route Mẹ và bé in Đông Nam Bộ in 4.18s
2026-04-07 10:11:38,841 - queue_manager - INFO - Scheduled next crawl for Mẹ và bé in Đông Nam Bộ after 1800.0s
2026-04-07 10:11:40,030 - crawler - INFO - Worker 1: Processing Điện thoại in Tp Hồ Chí Minh (page=0, priority=250)
2026-04-07 10:11:40,092 - crawler - INFO - Worker 0: Completed route Mẹ và bé in Cần Thơ - Tây Nam Bộ in 2.69s
2026-04-07 10:11:40,093 - queue_manager - INFO - Scheduled next crawl for Mẹ và bé in Cần Thơ - Tây Nam Bộ after 1800.0s
2026-04-07 10:11:40,336 - database - INFO - Saved 15 new crawled item IDs
2026-04-07 10:11:40,987 - crawler - INFO - Worker 3: Completed route Mẹ và bé in Bình Trị Thừa Thiên Huế in 2.63s
2026-04-07 10:11:40,987 - queue_manager - INFO - Scheduled next crawl for Mẹ và bé in Bình Trị Thừa Thiên Huế after 1800.0s
2026-04-07 10:11:41,527 - database - INFO - Đã lọc bỏ 2 items lừa đảo/rác trong mẻ này.
2026-04-07 10:11:41,569 - database - INFO - Saved 1 new items to database
2026-04-07 10:11:41,836 - crawler - INFO - Worker 4: Processing Mẹ và bé in Nam Trung Bộ (page=0, priority=0)
2026-04-07 10:11:41,840 - crawler - INFO - Worker 2: Processing Mẹ và bé in Thanh Nghệ Tĩnh (page=0, priority=0)
2026-04-07 10:11:43,093 - crawler - INFO - Worker 0: Processing Mẹ và bé in Tây Nguyên (page=0, priority=0)
2026-04-07 10:11:43,397 - database - INFO - Saved 1 new crawled item IDs
2026-04-07 10:11:43,987 - crawler - INFO - Worker 3: Processing Mẹ và bé in Đông Bắc Bộ (page=0, priority=0)
2026-04-07 10:11:43,995 - database - INFO - Saved 14 new crawled item IDs
2026-04-07 10:11:44,233 - crawler - INFO - Worker 2: Completed route Mẹ và bé in Thanh Nghệ Tĩnh in 2.39s
2026-04-07 10:11:44,234 - queue_manager - INFO - Scheduled next crawl for Mẹ và bé in Thanh Nghệ Tĩnh after 1800.0s
2026-04-07 10:11:44,365 - crawler - INFO - Worker 4: Completed route Mẹ và bé in Nam Trung Bộ in 2.53s
2026-04-07 10:11:44,366 - queue_manager - INFO - Scheduled next crawl for Mẹ và bé in Nam Trung Bộ after 1800.0s
2026-04-07 10:11:45,037 - database - INFO - Saved 2 new items to database
2026-04-07 10:11:46,195 - crawler - INFO - Worker 0: Completed route Mẹ và bé in Tây Nguyên in 3.10s
2026-04-07 10:11:46,195 - queue_manager - INFO - Scheduled next crawl for Mẹ và bé in Tây Nguyên after 1800.0s
2026-04-07 10:11:46,372 - crawler - INFO - Worker 3: Completed route Mẹ và bé in Đông Bắc Bộ in 2.38s
2026-04-07 10:11:46,372 - queue_manager - INFO - Scheduled next crawl for Mẹ và bé in Đông Bắc Bộ after 1800.0s
2026-04-07 10:11:47,234 - crawler - INFO - Worker 2: Processing Mẹ và bé in Tây Bắc Bộ (page=0, priority=0)
2026-04-07 10:11:47,365 - crawler - INFO - Worker 4: Processing Mẹ và bé in Hà Nội (page=0, priority=0)
2026-04-07 10:11:47,426 - database - INFO - Saved 16 new crawled item IDs
2026-04-07 10:11:47,431 - crawler - INFO - Worker 2: Completed route Mẹ và bé in Tây Bắc Bộ in 0.20s
2026-04-07 10:11:47,432 - queue_manager - INFO - Scheduled next crawl for Mẹ và bé in Tây Bắc Bộ after 1800.0s
2026-04-07 10:11:47,729 - database - INFO - Saved 2 new crawled item IDs
2026-04-07 10:11:48,479 - database - INFO - Đã lọc bỏ 1 items lừa đảo/rác trong mẻ này.
2026-04-07 10:11:48,481 - database - INFO - Saved 1 new items to database
2026-04-07 10:11:48,796 - database - INFO - Đã lọc bỏ 2 items lừa đảo/rác trong mẻ này.
2026-04-07 10:11:48,796 - database - INFO - No items passed the filtering criteria and scam check
2026-04-07 10:11:49,195 - crawler - INFO - Worker 0: Processing Thiết bị chơi game in Các tỉnh lân cận Hà Nội (page=0, priority=0)
2026-04-07 10:11:49,373 - crawler - INFO - Worker 3: Processing Thiết bị chơi game in Đông Nam Bộ (page=0, priority=0)
2026-04-07 10:11:49,735 - database - INFO - Saved 3 new crawled item IDs
2026-04-07 10:11:50,432 - crawler - INFO - Worker 2: Processing Thiết bị chơi game in Quảng Nam Đà Nẵng (page=0, priority=0)
2026-04-07 10:11:50,481 - crawler - INFO - Worker 1: Completed route Điện thoại in Tp Hồ Chí Minh in 10.45s
2026-04-07 10:11:50,481 - queue_manager - INFO - Scheduled next crawl for Điện thoại in Tp Hồ Chí Minh after 63.0s
2026-04-07 10:11:51,243 - crawler - INFO - Worker 4: Completed route Mẹ và bé in Hà Nội in 3.88s
2026-04-07 10:11:51,244 - queue_manager - INFO - Scheduled next crawl for Mẹ và bé in Hà Nội after 1800.0s
2026-04-07 10:11:51,692 - crawler - INFO - Worker 0: Completed route Thiết bị chơi game in Các tỉnh lân cận Hà Nội in 2.50s
2026-04-07 10:11:51,692 - queue_manager - INFO - Scheduled next crawl for Thiết bị chơi game in Các tỉnh lân cận Hà Nội after 1800.0s
2026-04-07 10:11:52,088 - crawler - INFO - Worker 3: Completed route Thiết bị chơi game in Đông Nam Bộ in 2.71s
2026-04-07 10:11:52,088 - queue_manager - INFO - Scheduled next crawl for Thiết bị chơi game in Đông Nam Bộ after 1800.0s
2026-04-07 10:11:53,374 - crawler - INFO - Worker 2: Completed route Thiết bị chơi game in Quảng Nam Đà Nẵng in 2.94s
2026-04-07 10:11:53,374 - queue_manager - INFO - Scheduled next crawl for Thiết bị chơi game in Quảng Nam Đà Nẵng after 1800.0s
2026-04-07 10:11:53,482 - crawler - INFO - Worker 1: Processing Thiết bị chơi game in Hải Phòng Nam Định Thái Bình (page=0, priority=0)
2026-04-07 10:11:53,516 - ai_worker - INFO - Gửi 5 items lên Gemini AI (gemini-3.1-flash-lite-preview) để thẩm định...
2026-04-07 10:11:53,517 - google_genai.models - INFO - AFC is enabled with max remote calls: 10.
2026-04-07 10:11:54,244 - crawler - INFO - Worker 4: Processing Thiết bị chơi game in Cần Thơ - Tây Nam Bộ (page=0, priority=0)
2026-04-07 10:11:54,692 - crawler - INFO - Worker 0: Processing Thiết bị chơi game in Bình Trị Thừa Thiên Huế (page=0, priority=0)
2026-04-07 10:11:54,706 - database - INFO - Saved 1 new crawled item IDs
2026-04-07 10:11:55,087 - crawler - INFO - Worker 3: Processing Thiết bị chơi game in Nam Trung Bộ (page=0, priority=0)
2026-04-07 10:11:56,039 - crawler - INFO - Worker 1: Completed route Thiết bị chơi game in Hải Phòng Nam Định Thái Bình in 2.56s
2026-04-07 10:11:56,040 - queue_manager - INFO - Scheduled next crawl for Thiết bị chơi game in Hải Phòng Nam Định Thái Bình after 1800.0s
2026-04-07 10:11:56,375 - crawler - INFO - Worker 2: Processing Thiết bị chơi game in Thanh Nghệ Tĩnh (page=0, priority=0)
2026-04-07 10:11:57,025 - crawler - INFO - Worker 4: Completed route Thiết bị chơi game in Cần Thơ - Tây Nam Bộ in 2.78s
2026-04-07 10:11:57,026 - queue_manager - INFO - Scheduled next crawl for Thiết bị chơi game in Cần Thơ - Tây Nam Bộ after 1800.0s
2026-04-07 10:11:57,151 - crawler - INFO - Worker 0: Completed route Thiết bị chơi game in Bình Trị Thừa Thiên Huế in 2.46s
2026-04-07 10:11:57,151 - queue_manager - INFO - Scheduled next crawl for Thiết bị chơi game in Bình Trị Thừa Thiên Huế after 1800.0s
2026-04-07 10:11:57,672 - crawler - INFO - Worker 3: Completed route Thiết bị chơi game in Nam Trung Bộ in 2.58s
2026-04-07 10:11:57,672 - queue_manager - INFO - Scheduled next crawl for Thiết bị chơi game in Nam Trung Bộ after 1800.0s
2026-04-07 10:11:58,779 - crawler - INFO - Worker 2: Completed route Thiết bị chơi game in Thanh Nghệ Tĩnh in 2.40s
2026-04-07 10:11:58,779 - queue_manager - INFO - Scheduled next crawl for Thiết bị chơi game in Thanh Nghệ Tĩnh after 1800.0s
2026-04-07 10:11:59,040 - crawler - INFO - Worker 1: Processing Thiết bị chơi game in Tây Nguyên (page=0, priority=0)
2026-04-07 10:11:59,424 - database - INFO - Saved 2 new crawled item IDs
2026-04-07 10:12:00,026 - crawler - INFO - Worker 4: Processing Thiết bị chơi game in Đông Bắc Bộ (page=0, priority=0)
2026-04-07 10:12:00,152 - crawler - INFO - Worker 0: Processing Thiết bị chơi game in Tây Bắc Bộ (page=0, priority=0)
2026-04-07 10:12:00,672 - crawler - INFO - Worker 3: Processing Thiết bị chơi game in Hà Nội (page=0, priority=0)
2026-04-07 10:12:01,362 - database - INFO - Saved 1 new crawled item IDs
2026-04-07 10:12:01,574 - crawler - INFO - Worker 1: Completed route Thiết bị chơi game in Tây Nguyên in 2.53s
2026-04-07 10:12:01,574 - queue_manager - INFO - Scheduled next crawl for Thiết bị chơi game in Tây Nguyên after 1800.0s
2026-04-07 10:12:01,780 - crawler - INFO - Worker 2: Processing Điện thoại in Thanh Nghệ Tĩnh (page=0, priority=0)
2026-04-07 10:12:02,372 - database - INFO - Saved 4 new crawled item IDs
2026-04-07 10:12:02,526 - crawler - INFO - Worker 0: Completed route Thiết bị chơi game in Tây Bắc Bộ in 2.37s
2026-04-07 10:12:02,527 - queue_manager - INFO - Scheduled next crawl for Thiết bị chơi game in Tây Bắc Bộ after 1800.0s
2026-04-07 10:12:02,619 - crawler - INFO - Worker 4: Completed route Thiết bị chơi game in Đông Bắc Bộ in 2.59s
2026-04-07 10:12:02,620 - queue_manager - INFO - Scheduled next crawl for Thiết bị chơi game in Đông Bắc Bộ after 1800.0s
2026-04-07 10:12:03,819 - database - INFO - Saved 1 new crawled item IDs
2026-04-07 10:12:03,819 - crawler - INFO - Worker 3: Completed route Thiết bị chơi game in Hà Nội in 3.15s
2026-04-07 10:12:03,820 - queue_manager - INFO - Scheduled next crawl for Thiết bị chơi game in Hà Nội after 1800.0s
2026-04-07 10:12:04,574 - crawler - INFO - Worker 1: Processing Điện thoại in Đông Bắc Bộ (page=0, priority=0)
2026-04-07 10:12:04,704 - crawler - INFO - Worker 2: Completed route Điện thoại in Thanh Nghệ Tĩnh in 2.92s
2026-04-07 10:12:04,704 - queue_manager - INFO - Scheduled next crawl for Điện thoại in Thanh Nghệ Tĩnh after 1800.0s
2026-04-07 10:12:05,049 - database - INFO - Saved 2 new crawled item IDs
2026-04-07 10:12:05,527 - crawler - INFO - Worker 0: Processing Điện thoại in Tây Bắc Bộ (page=0, priority=0)
2026-04-07 10:12:05,620 - crawler - INFO - Worker 4: Processing Đồng hồ in Các tỉnh lân cận Hà Nội (page=0, priority=0)
2026-04-07 10:12:05,959 - database - INFO - Saved 2 new crawled item IDs
2026-04-07 10:12:06,293 - database - INFO - Đã lọc bỏ 1 items lừa đảo/rác trong mẻ này.
2026-04-07 10:12:06,293 - database - INFO - No items passed the filtering criteria and scam check
2026-04-07 10:12:06,786 - httpx - INFO - HTTP Request: POST https://generativelanguage.googleapis.com/v1beta/models/gemini-3.1-flash-lite-preview:generateContent "HTTP/1.1 200 OK"
2026-04-07 10:12:06,801 - ai_worker - INFO - Đã xử lý 5 items. Tìm thấy 1 kèo thơm (type 1)!
2026-04-07 10:12:06,820 - crawler - INFO - Worker 3: Processing Đồng hồ in Đông Nam Bộ (page=0, priority=0)
2026-04-07 10:12:06,996 - database - INFO - Saved 1 new items to database
2026-04-07 10:12:07,199 - database - INFO - Saved 1 new crawled item IDs
2026-04-07 10:12:07,705 - crawler - INFO - Worker 2: Processing Đồng hồ in Quảng Nam Đà Nẵng (page=0, priority=0)
2026-04-07 10:12:08,054 - database - INFO - Saved 4 new crawled item IDs
2026-04-07 10:12:08,141 - crawler - INFO - Worker 0: Completed route Điện thoại in Tây Bắc Bộ in 2.61s
2026-04-07 10:12:08,141 - queue_manager - INFO - Scheduled next crawl for Điện thoại in Tây Bắc Bộ after 1800.0s
2026-04-07 10:12:08,235 - database - INFO - Saved 1 new items to database
2026-04-07 10:12:08,631 - crawler - INFO - Worker 1: Completed route Điện thoại in Đông Bắc Bộ in 4.06s
2026-04-07 10:12:08,632 - queue_manager - INFO - Scheduled next crawl for Điện thoại in Đông Bắc Bộ after 1800.0s
2026-04-07 10:12:09,095 - database - INFO - Đã lọc bỏ 1 items lừa đảo/rác trong mẻ này.
2026-04-07 10:12:09,096 - database - INFO - No items passed the filtering criteria and scam check
2026-04-07 10:12:09,762 - crawler - INFO - Worker 4: Completed route Đồng hồ in Các tỉnh lân cận Hà Nội in 4.14s
2026-04-07 10:12:09,762 - queue_manager - INFO - Scheduled next crawl for Đồng hồ in Các tỉnh lân cận Hà Nội after 1800.0s
2026-04-07 10:12:10,679 - crawler - INFO - Worker 3: Completed route Đồng hồ in Đông Nam Bộ in 3.86s
2026-04-07 10:12:10,679 - queue_manager - INFO - Scheduled next crawl for Đồng hồ in Đông Nam Bộ after 1800.0s
2026-04-07 10:12:11,141 - crawler - INFO - Worker 0: Processing Đồng hồ in Hải Phòng Nam Định Thái Bình (page=0, priority=0)
2026-04-07 10:12:11,567 - crawler - INFO - Worker 2: Completed route Đồng hồ in Quảng Nam Đà Nẵng in 3.86s
2026-04-07 10:12:11,567 - queue_manager - INFO - Scheduled next crawl for Đồng hồ in Quảng Nam Đà Nẵng after 1800.0s
2026-04-07 10:12:11,595 - database - INFO - Saved 3 new crawled item IDs
2026-04-07 10:12:11,632 - crawler - INFO - Worker 1: Processing Đồng hồ in Cần Thơ - Tây Nam Bộ (page=0, priority=0)
2026-04-07 10:12:11,976 - database - INFO - Saved 2 new crawled item IDs
2026-04-07 10:12:12,627 - database - INFO - Đã lọc bỏ 1 items lừa đảo/rác trong mẻ này.
2026-04-07 10:12:12,627 - database - INFO - No items passed the filtering criteria and scam check
2026-04-07 10:12:12,762 - crawler - INFO - Worker 4: Processing Đồng hồ in Bình Trị Thừa Thiên Huế (page=0, priority=0)
2026-04-07 10:12:13,187 - database - INFO - Đã lọc bỏ 1 items lừa đảo/rác trong mẻ này.
2026-04-07 10:12:13,188 - database - INFO - Saved 1 new items to database
2026-04-07 10:12:13,680 - crawler - INFO - Worker 3: Processing Đồng hồ in Nam Trung Bộ (page=0, priority=0)
2026-04-07 10:12:14,568 - crawler - INFO - Worker 2: Processing Đồng hồ in Thanh Nghệ Tĩnh (page=0, priority=0)
2026-04-07 10:12:14,984 - crawler - INFO - Worker 0: Completed route Đồng hồ in Hải Phòng Nam Định Thái Bình in 3.84s
2026-04-07 10:12:14,984 - queue_manager - INFO - Scheduled next crawl for Đồng hồ in Hải Phòng Nam Định Thái Bình after 1800.0s
2026-04-07 10:12:14,984 - database - INFO - Saved 1 new crawled item IDs
2026-04-07 10:12:15,892 - crawler - INFO - Worker 1: Completed route Đồng hồ in Cần Thơ - Tây Nam Bộ in 4.26s
2026-04-07 10:12:15,893 - queue_manager - INFO - Scheduled next crawl for Đồng hồ in Cần Thơ - Tây Nam Bộ after 1800.0s
2026-04-07 10:12:15,895 - crawler - INFO - Worker 4: Completed route Đồng hồ in Bình Trị Thừa Thiên Huế in 3.13s
2026-04-07 10:12:15,895 - queue_manager - INFO - Scheduled next crawl for Đồng hồ in Bình Trị Thừa Thiên Huế after 1800.0s
2026-04-07 10:12:16,028 - database - INFO - Saved 1 new items to database
2026-04-07 10:12:16,563 - crawler - INFO - Worker 3: Completed route Đồng hồ in Nam Trung Bộ in 2.88s
2026-04-07 10:12:16,563 - queue_manager - INFO - Scheduled next crawl for Đồng hồ in Nam Trung Bộ after 1800.0s
2026-04-07 10:12:17,984 - crawler - INFO - Worker 0: Processing Phụ kiện thời trang khác in Tp Hồ Chí Minh (page=0, priority=245)
2026-04-07 10:12:18,166 - crawler - INFO - Worker 2: Completed route Đồng hồ in Thanh Nghệ Tĩnh in 3.60s
2026-04-07 10:12:18,167 - queue_manager - INFO - Scheduled next crawl for Đồng hồ in Thanh Nghệ Tĩnh after 1800.0s
2026-04-07 10:12:18,385 - database - INFO - Saved 18 new crawled item IDs
2026-04-07 10:12:18,893 - crawler - INFO - Worker 1: Processing Đồng hồ in Tây Nguyên (page=0, priority=0)
2026-04-07 10:12:18,895 - crawler - INFO - Worker 4: Processing Đồng hồ in Đông Bắc Bộ (page=0, priority=0)
2026-04-07 10:12:19,289 - database - INFO - Saved 2 new crawled item IDs
2026-04-07 10:12:19,562 - database - INFO - Đã lọc bỏ 2 items lừa đảo/rác trong mẻ này.
2026-04-07 10:12:19,563 - crawler - INFO - Worker 3: Processing Đồng hồ in Tây Bắc Bộ (page=0, priority=0)
2026-04-07 10:12:19,564 - database - INFO - Saved 6 new items to database
2026-04-07 10:12:20,326 - database - INFO - Đã lọc bỏ 1 items lừa đảo/rác trong mẻ này.
2026-04-07 10:12:20,326 - database - INFO - No items passed the filtering criteria and scam check
2026-04-07 10:12:21,167 - crawler - INFO - Worker 2: Processing Đồng hồ in Tp Hồ Chí Minh (page=0, priority=0)
2026-04-07 10:12:21,472 - crawler - INFO - Worker 4: Completed route Đồng hồ in Đông Bắc Bộ in 2.58s
2026-04-07 10:12:21,472 - queue_manager - INFO - Scheduled next crawl for Đồng hồ in Đông Bắc Bộ after 1800.0s
2026-04-07 10:12:21,550 - database - INFO - Saved 14 new crawled item IDs
2026-04-07 10:12:21,809 - ai_worker - INFO - Đã bỏ qua 2 items quá hạn (cũ hơn 180 phút).
2026-04-07 10:12:21,811 - ai_worker - INFO - Gửi 5 items lên Gemini AI (gemini-3.1-flash-lite-preview) để thẩm định...
2026-04-07 10:12:21,811 - google_genai.models - INFO - AFC is enabled with max remote calls: 10.
2026-04-07 10:12:21,846 - crawler - INFO - Worker 3: Completed route Đồng hồ in Tây Bắc Bộ in 2.28s
2026-04-07 10:12:21,847 - queue_manager - INFO - Scheduled next crawl for Đồng hồ in Tây Bắc Bộ after 1800.0s
2026-04-07 10:12:21,935 - database - INFO - Saved 18 new crawled item IDs
2026-04-07 10:12:22,602 - database - INFO - Đã lọc bỏ 2 items lừa đảo/rác trong mẻ này.
2026-04-07 10:12:22,603 - database - INFO - Saved 1 new items to database
2026-04-07 10:12:22,696 - crawler - INFO - Worker 1: Completed route Đồng hồ in Tây Nguyên in 3.80s
2026-04-07 10:12:22,696 - queue_manager - INFO - Scheduled next crawl for Đồng hồ in Tây Nguyên after 1800.0s
2026-04-07 10:12:22,972 - database - INFO - Đã lọc bỏ 3 items lừa đảo/rác trong mẻ này.
2026-04-07 10:12:22,973 - database - INFO - Saved 4 new items to database
2026-04-07 10:12:24,472 - crawler - INFO - Worker 4: Processing Laptop in Các tỉnh lân cận Hà Nội (page=0, priority=0)
2026-04-07 10:12:24,847 - crawler - INFO - Worker 3: Processing Laptop in Đông Nam Bộ (page=0, priority=0)
2026-04-07 10:12:24,849 - database - INFO - Saved 3 new crawled item IDs
2026-04-07 10:12:24,948 - database - INFO - Saved 15 new crawled item IDs
2026-04-07 10:12:25,181 - database - INFO - Saved 10 new crawled item IDs
2026-04-07 10:12:25,322 - database - INFO - Saved 8 new crawled item IDs
2026-04-07 10:12:25,697 - crawler - INFO - Worker 1: Processing Laptop in Quảng Nam Đà Nẵng (page=0, priority=0)
2026-04-07 10:12:25,997 - database - INFO - Saved 2 new items to database
2026-04-07 10:12:26,019 - database - INFO - Saved 6 new crawled item IDs
2026-04-07 10:12:26,381 - database - INFO - Đã lọc bỏ 1 items lừa đảo/rác trong mẻ này.
2026-04-07 10:12:26,383 - database - INFO - Saved 2 new items to database
2026-04-07 10:12:26,383 - crawler - INFO - Worker 0: Completed route Phụ kiện thời trang khác in Tp Hồ Chí Minh in 8.40s
2026-04-07 10:12:26,384 - queue_manager - INFO - Scheduled next crawl for Phụ kiện thời trang khác in Tp Hồ Chí Minh after 98.5s
2026-04-07 10:12:27,047 - database - INFO - Đã lọc bỏ 1 items lừa đảo/rác trong mẻ này.
2026-04-07 10:12:27,047 - database - INFO - No items passed the filtering criteria and scam check
2026-04-07 10:12:27,279 - crawler - INFO - Worker 4: Completed route Laptop in Các tỉnh lân cận Hà Nội in 2.81s
2026-04-07 10:12:27,279 - queue_manager - INFO - Scheduled next crawl for Laptop in Các tỉnh lân cận Hà Nội after 1800.0s
2026-04-07 10:12:27,527 - crawler - INFO - Worker 3: Completed route Laptop in Đông Nam Bộ in 2.68s
2026-04-07 10:12:27,527 - queue_manager - INFO - Scheduled next crawl for Laptop in Đông Nam Bộ after 1800.0s
2026-04-07 10:12:28,368 - database - INFO - Saved 1 new crawled item IDs
2026-04-07 10:12:28,369 - crawler - INFO - Worker 2: Completed route Đồng hồ in Tp Hồ Chí Minh in 7.20s
2026-04-07 10:12:28,369 - queue_manager - INFO - Scheduled next crawl for Đồng hồ in Tp Hồ Chí Minh after 1800.0s
2026-04-07 10:12:29,383 - crawler - INFO - Worker 0: Processing Laptop in Hải Phòng Nam Định Thái Bình (page=0, priority=0)
2026-04-07 10:12:29,442 - crawler - INFO - Worker 1: Completed route Laptop in Quảng Nam Đà Nẵng in 3.74s
2026-04-07 10:12:29,442 - queue_manager - INFO - Scheduled next crawl for Laptop in Quảng Nam Đà Nẵng after 1800.0s
2026-04-07 10:12:29,829 - database - INFO - Saved 3 new crawled item IDs
2026-04-07 10:12:30,279 - crawler - INFO - Worker 4: Processing Laptop in Cần Thơ - Tây Nam Bộ (page=0, priority=0)
2026-04-07 10:12:30,528 - crawler - INFO - Worker 3: Processing Laptop in Bình Trị Thừa Thiên Huế (page=0, priority=0)
2026-04-07 10:12:30,648 - database - INFO - Saved 5 new crawled item IDs
2026-04-07 10:12:30,956 - database - INFO - Saved 1 new crawled item IDs
2026-04-07 10:12:31,368 - crawler - INFO - Worker 2: Processing Laptop in Nam Trung Bộ (page=0, priority=0)
2026-04-07 10:12:31,837 - database - INFO - Saved 2 new crawled item IDs
2026-04-07 10:12:32,442 - crawler - INFO - Worker 1: Processing Laptop in Thanh Nghệ Tĩnh (page=0, priority=0)
2026-04-07 10:12:32,449 - crawler - INFO - Worker 0: Completed route Laptop in Hải Phòng Nam Định Thái Bình in 3.07s
2026-04-07 10:12:32,450 - queue_manager - INFO - Scheduled next crawl for Laptop in Hải Phòng Nam Định Thái Bình after 1800.0s
2026-04-07 10:12:32,772 - database - INFO - Saved 1 new crawled item IDs
2026-04-07 10:12:33,042 - crawler - INFO - Worker 4: Completed route Laptop in Cần Thơ - Tây Nam Bộ in 2.76s
2026-04-07 10:12:33,042 - queue_manager - INFO - Scheduled next crawl for Laptop in Cần Thơ - Tây Nam Bộ after 1800.0s
2026-04-07 10:12:33,723 - crawler - INFO - Worker 3: Completed route Laptop in Bình Trị Thừa Thiên Huế in 3.20s
2026-04-07 10:12:33,723 - queue_manager - INFO - Scheduled next crawl for Laptop in Bình Trị Thừa Thiên Huế after 1800.0s
2026-04-07 10:12:34,165 - crawler - INFO - Worker 2: Completed route Laptop in Nam Trung Bộ in 2.80s
2026-04-07 10:12:34,165 - queue_manager - INFO - Scheduled next crawl for Laptop in Nam Trung Bộ after 1800.0s
2026-04-07 10:12:35,237 - crawler - INFO - Worker 1: Completed route Laptop in Thanh Nghệ Tĩnh in 2.79s
2026-04-07 10:12:35,237 - queue_manager - INFO - Scheduled next crawl for Laptop in Thanh Nghệ Tĩnh after 1800.0s
2026-04-07 10:12:35,450 - crawler - INFO - Worker 0: Processing Laptop in Tây Nguyên (page=0, priority=0)
2026-04-07 10:12:35,845 - database - INFO - Saved 2 new crawled item IDs
2026-04-07 10:12:36,042 - crawler - INFO - Worker 4: Processing Laptop in Đông Bắc Bộ (page=0, priority=0)
2026-04-07 10:12:36,383 - database - INFO - Saved 1 new crawled item IDs
2026-04-07 10:12:36,584 - httpx - INFO - HTTP Request: POST https://generativelanguage.googleapis.com/v1beta/models/gemini-3.1-flash-lite-preview:generateContent "HTTP/1.1 200 OK"
2026-04-07 10:12:36,588 - ai_worker - INFO - Đã xử lý 5 items. Tìm thấy 0 kèo thơm (type 1)!
2026-04-07 10:12:36,724 - crawler - INFO - Worker 3: Processing Laptop in Tây Bắc Bộ (page=0, priority=0)
2026-04-07 10:12:37,166 - crawler - INFO - Worker 2: Processing Laptop in Hà Nội (page=0, priority=0)
2026-04-07 10:12:37,487 - database - INFO - Saved 19 new crawled item IDs
2026-04-07 10:12:38,180 - crawler - INFO - Worker 0: Completed route Laptop in Tây Nguyên in 2.73s
2026-04-07 10:12:38,180 - queue_manager - INFO - Scheduled next crawl for Laptop in Tây Nguyên after 1800.0s
2026-04-07 10:12:38,237 - crawler - INFO - Worker 1: Processing Laptop in Tp Hồ Chí Minh (page=0, priority=0)
2026-04-07 10:12:38,542 - database - INFO - Saved 1 new items to database
2026-04-07 10:12:38,652 - database - INFO - Saved 15 new crawled item IDs
2026-04-07 10:12:38,726 - crawler - INFO - Worker 4: Completed route Laptop in Đông Bắc Bộ in 2.68s
2026-04-07 10:12:38,727 - queue_manager - INFO - Scheduled next crawl for Laptop in Đông Bắc Bộ after 1800.0s
2026-04-07 10:12:39,099 - crawler - INFO - Worker 3: Completed route Laptop in Tây Bắc Bộ in 2.37s
2026-04-07 10:12:39,099 - queue_manager - INFO - Scheduled next crawl for Laptop in Tây Bắc Bộ after 1800.0s
2026-04-07 10:12:40,889 - database - INFO - Saved 2 new crawled item IDs
2026-04-07 10:12:40,889 - crawler - INFO - Worker 2: Completed route Laptop in Hà Nội in 3.72s
2026-04-07 10:12:40,890 - queue_manager - INFO - Scheduled next crawl for Laptop in Hà Nội after 1800.0s
2026-04-07 10:12:41,001 - database - INFO - Saved 17 new crawled item IDs
2026-04-07 10:12:41,181 - crawler - INFO - Worker 0: Processing Máy ảnh, Máy quay in Các tỉnh lân cận Hà Nội (page=0, priority=0)
2026-04-07 10:12:41,634 - database - INFO - Saved 1 new crawled item IDs
2026-04-07 10:12:41,726 - crawler - INFO - Worker 4: Processing Máy ảnh, Máy quay in Đông Nam Bộ (page=0, priority=0)
2026-04-07 10:12:42,025 - database - INFO - Saved 2 new crawled item IDs
2026-04-07 10:12:42,099 - crawler - INFO - Worker 3: Processing Máy ảnh, Máy quay in Quảng Nam Đà Nẵng (page=0, priority=0)
2026-04-07 10:12:42,577 - database - INFO - Saved 4 new crawled item IDs
2026-04-07 10:12:42,695 - database - INFO - Đã lọc bỏ 1 items lừa đảo/rác trong mẻ này.
2026-04-07 10:12:42,695 - database - INFO - No items passed the filtering criteria and scam check
2026-04-07 10:12:43,450 - database - INFO - Saved 11 new crawled item IDs
2026-04-07 10:12:43,610 - database - INFO - Đã lọc bỏ 1 items lừa đảo/rác trong mẻ này.
2026-04-07 10:12:43,610 - database - INFO - No items passed the filtering criteria and scam check
2026-04-07 10:12:43,889 - crawler - INFO - Worker 2: Processing Máy ảnh, Máy quay in Hải Phòng Nam Định Thái Bình (page=0, priority=0)
2026-04-07 10:12:44,438 - crawler - INFO - Worker 4: Completed route Máy ảnh, Máy quay in Đông Nam Bộ in 2.71s
2026-04-07 10:12:44,438 - queue_manager - INFO - Scheduled next crawl for Máy ảnh, Máy quay in Đông Nam Bộ after 1800.0s
2026-04-07 10:12:44,478 - database - INFO - Đã lọc bỏ 1 items lừa đảo/rác trong mẻ này.
2026-04-07 10:12:44,478 - database - INFO - No items passed the filtering criteria and scam check
2026-04-07 10:12:45,086 - crawler - INFO - Worker 0: Completed route Máy ảnh, Máy quay in Các tỉnh lân cận Hà Nội in 3.91s
2026-04-07 10:12:45,086 - queue_manager - INFO - Scheduled next crawl for Máy ảnh, Máy quay in Các tỉnh lân cận Hà Nội after 1800.0s
2026-04-07 10:12:46,221 - crawler - INFO - Worker 3: Completed route Máy ảnh, Máy quay in Quảng Nam Đà Nẵng in 4.12s
2026-04-07 10:12:46,222 - queue_manager - INFO - Scheduled next crawl for Máy ảnh, Máy quay in Quảng Nam Đà Nẵng after 1800.0s
2026-04-07 10:12:46,477 - crawler - INFO - Worker 1: Completed route Laptop in Tp Hồ Chí Minh in 8.24s
2026-04-07 10:12:46,478 - queue_manager - INFO - Scheduled next crawl for Laptop in Tp Hồ Chí Minh after 1800.0s
2026-04-07 10:12:46,565 - crawler - INFO - Worker 2: Completed route Máy ảnh, Máy quay in Hải Phòng Nam Định Thái Bình in 2.68s
2026-04-07 10:12:46,566 - queue_manager - INFO - Scheduled next crawl for Máy ảnh, Máy quay in Hải Phòng Nam Định Thái Bình after 1800.0s
2026-04-07 10:12:47,438 - crawler - INFO - Worker 4: Processing Máy ảnh, Máy quay in Cần Thơ - Tây Nam Bộ (page=0, priority=0)
2026-04-07 10:12:47,852 - database - INFO - Saved 7 new crawled item IDs
2026-04-07 10:12:48,087 - crawler - INFO - Worker 0: Processing Máy ảnh, Máy quay in Bình Trị Thừa Thiên Huế (page=0, priority=0)
2026-04-07 10:12:48,471 - database - INFO - Saved 1 new crawled item IDs
2026-04-07 10:12:48,894 - database - INFO - Saved 1 new items to database
2026-04-07 10:12:49,221 - crawler - INFO - Worker 3: Processing Máy ảnh, Máy quay in Nam Trung Bộ (page=0, priority=0)
2026-04-07 10:12:49,478 - crawler - INFO - Worker 1: Processing Máy ảnh, Máy quay in Thanh Nghệ Tĩnh (page=0, priority=0)
2026-04-07 10:12:49,558 - database - INFO - Saved 1 new crawled item IDs
2026-04-07 10:12:49,566 - crawler - INFO - Worker 2: Processing Máy ảnh, Máy quay in Tây Nguyên (page=0, priority=0)
2026-04-07 10:12:49,901 - database - INFO - Saved 1 new crawled item IDs
2026-04-07 10:12:49,901 - database - INFO - Saved 2 new crawled item IDs
2026-04-07 10:12:50,603 - database - INFO - Saved 1 new items to database
2026-04-07 10:12:50,675 - crawler - INFO - Worker 0: Completed route Máy ảnh, Máy quay in Bình Trị Thừa Thiên Huế in 2.59s
2026-04-07 10:12:50,675 - queue_manager - INFO - Scheduled next crawl for Máy ảnh, Máy quay in Bình Trị Thừa Thiên Huế after 1800.0s
2026-04-07 10:12:50,947 - database - INFO - Đã lọc bỏ 1 items lừa đảo/rác trong mẻ này.
2026-04-07 10:12:50,947 - database - INFO - No items passed the filtering criteria and scam check
2026-04-07 10:12:51,344 - crawler - INFO - Worker 4: Completed route Máy ảnh, Máy quay in Cần Thơ - Tây Nam Bộ in 3.91s
2026-04-07 10:12:51,344 - queue_manager - INFO - Scheduled next crawl for Máy ảnh, Máy quay in Cần Thơ - Tây Nam Bộ after 1800.0s
2026-04-07 10:12:51,594 - ai_worker - INFO - Đã bỏ qua 10 items quá hạn (cũ hơn 180 phút).
2026-04-07 10:12:51,596 - ai_worker - INFO - Gửi 5 items lên Gemini AI (gemini-3.1-flash-lite-preview) để thẩm định...
2026-04-07 10:12:51,596 - google_genai.models - INFO - AFC is enabled with max remote calls: 10.
2026-04-07 10:12:52,100 - crawler - INFO - Worker 1: Completed route Máy ảnh, Máy quay in Thanh Nghệ Tĩnh in 2.62s
2026-04-07 10:12:52,101 - queue_manager - INFO - Scheduled next crawl for Máy ảnh, Máy quay in Thanh Nghệ Tĩnh after 1800.0s
2026-04-07 10:12:52,966 - crawler - INFO - Worker 3: Completed route Máy ảnh, Máy quay in Nam Trung Bộ in 3.74s
2026-04-07 10:12:52,966 - queue_manager - INFO - Scheduled next crawl for Máy ảnh, Máy quay in Nam Trung Bộ after 1800.0s
2026-04-07 10:12:53,464 - crawler - INFO - Worker 2: Completed route Máy ảnh, Máy quay in Tây Nguyên in 3.90s
2026-04-07 10:12:53,465 - queue_manager - INFO - Scheduled next crawl for Máy ảnh, Máy quay in Tây Nguyên after 1800.0s
2026-04-07 10:12:53,675 - crawler - INFO - Worker 0: Processing Điện thoại in Tp Hồ Chí Minh (page=0, priority=250)
2026-04-07 10:12:54,015 - database - INFO - Saved 1 new crawled item IDs
2026-04-07 10:12:54,344 - crawler - INFO - Worker 4: Processing Máy ảnh, Máy quay in Đông Bắc Bộ (page=0, priority=0)
2026-04-07 10:12:55,101 - crawler - INFO - Worker 1: Processing Máy ảnh, Máy quay in Tây Bắc Bộ (page=0, priority=0)
2026-04-07 10:12:55,967 - crawler - INFO - Worker 3: Processing Máy ảnh, Máy quay in Hà Nội (page=0, priority=0)
2026-04-07 10:12:56,453 - crawler - INFO - Worker 0: Completed route Điện thoại in Tp Hồ Chí Minh in 2.78s
2026-04-07 10:12:56,453 - queue_manager - INFO - Scheduled next crawl for Điện thoại in Tp Hồ Chí Minh after 63.0s
2026-04-07 10:12:56,454 - database - INFO - Saved 10 new crawled item IDs
2026-04-07 10:12:56,465 - crawler - INFO - Worker 2: Processing Máy ảnh, Máy quay in Tp Hồ Chí Minh (page=0, priority=0)
2026-04-07 10:12:56,870 - database - INFO - Saved 17 new crawled item IDs
2026-04-07 10:12:56,981 - crawler - INFO - Worker 4: Completed route Máy ảnh, Máy quay in Đông Bắc Bộ in 2.64s
2026-04-07 10:12:56,981 - queue_manager - INFO - Scheduled next crawl for Máy ảnh, Máy quay in Đông Bắc Bộ after 1800.0s
2026-04-07 10:12:57,581 - crawler - INFO - Worker 1: Completed route Máy ảnh, Máy quay in Tây Bắc Bộ in 2.48s
2026-04-07 10:12:57,581 - queue_manager - INFO - Scheduled next crawl for Máy ảnh, Máy quay in Tây Bắc Bộ after 1800.0s
2026-04-07 10:12:57,628 - database - INFO - Saved 2 new items to database
2026-04-07 10:12:58,191 - database - INFO - Saved 3 new items to database
2026-04-07 10:12:59,454 - crawler - INFO - Worker 0: Processing Phụ kiện (Màn hình, Chuột...) in Các tỉnh lân cận Hà Nội (page=0, priority=0)
2026-04-07 10:12:59,832 - database - INFO - Saved 2 new crawled item IDs
2026-04-07 10:12:59,902 - crawler - INFO - Worker 3: Completed route Máy ảnh, Máy quay in Hà Nội in 3.93s
2026-04-07 10:12:59,902 - queue_manager - INFO - Scheduled next crawl for Máy ảnh, Máy quay in Hà Nội after 1800.0s
2026-04-07 10:12:59,981 - crawler - INFO - Worker 4: Processing Phụ kiện (Màn hình, Chuột...) in Đông Nam Bộ (page=0, priority=0)
2026-04-07 10:13:00,262 - database - INFO - Saved 8 new crawled item IDs
2026-04-07 10:13:00,550 - database - INFO - Saved 11 new crawled item IDs
2026-04-07 10:13:00,582 - crawler - INFO - Worker 1: Processing Phụ kiện (Màn hình, Chuột...) in Quảng Nam Đà Nẵng (page=0, priority=0)
2026-04-07 10:13:00,858 - database - INFO - Đã lọc bỏ 1 items lừa đảo/rác trong mẻ này.
2026-04-07 10:13:00,859 - database - INFO - Saved 1 new items to database
2026-04-07 10:13:00,905 - database - INFO - Saved 11 new crawled item IDs
2026-04-07 10:13:01,295 - database - INFO - Đã lọc bỏ 1 items lừa đảo/rác trong mẻ này.
2026-04-07 10:13:01,296 - database - INFO - Saved 1 new items to database
2026-04-07 10:13:01,740 - database - INFO - Đã lọc bỏ 3 items lừa đảo/rác trong mẻ này.
2026-04-07 10:13:01,742 - database - INFO - Saved 2 new items to database
2026-04-07 10:13:01,956 - database - INFO - Đã lọc bỏ 3 items lừa đảo/rác trong mẻ này.
2026-04-07 10:13:01,957 - database - INFO - Saved 2 new items to database
2026-04-07 10:13:02,903 - crawler - INFO - Worker 3: Processing Điện thoại in Hà Nội (page=0, priority=238)
2026-04-07 10:13:03,306 - crawler - INFO - Worker 0: Completed route Phụ kiện (Màn hình, Chuột...) in Các tỉnh lân cận Hà Nội in 3.85s
2026-04-07 10:13:03,306 - queue_manager - INFO - Scheduled next crawl for Phụ kiện (Màn hình, Chuột...) in Các tỉnh lân cận Hà Nội after 1800.0s
2026-04-07 10:13:03,307 - database - INFO - Saved 14 new crawled item IDs
2026-04-07 10:13:03,811 - crawler - INFO - Worker 4: Completed route Phụ kiện (Màn hình, Chuột...) in Đông Nam Bộ in 3.83s
2026-04-07 10:13:03,811 - queue_manager - INFO - Scheduled next crawl for Phụ kiện (Màn hình, Chuột...) in Đông Nam Bộ after 1800.0s
2026-04-07 10:13:04,136 - crawler - INFO - Worker 2: Completed route Máy ảnh, Máy quay in Tp Hồ Chí Minh in 7.67s
2026-04-07 10:13:04,137 - queue_manager - INFO - Scheduled next crawl for Máy ảnh, Máy quay in Tp Hồ Chí Minh after 1800.0s
2026-04-07 10:13:04,440 - crawler - INFO - Worker 1: Completed route Phụ kiện (Màn hình, Chuột...) in Quảng Nam Đà Nẵng in 3.86s
2026-04-07 10:13:04,440 - queue_manager - INFO - Scheduled next crawl for Phụ kiện (Màn hình, Chuột...) in Quảng Nam Đà Nẵng after 1800.0s
2026-04-07 10:13:06,084 - database - INFO - Saved 20 new crawled item IDs
2026-04-07 10:13:06,306 - crawler - INFO - Worker 0: Processing Phụ kiện (Màn hình, Chuột...) in Hải Phòng Nam Định Thái Bình (page=0, priority=0)
2026-04-07 10:13:06,796 - database - INFO - Saved 4 new crawled item IDs
2026-04-07 10:13:06,811 - crawler - INFO - Worker 4: Processing Phụ kiện (Màn hình, Chuột...) in Cần Thơ - Tây Nam Bộ (page=0, priority=0)
2026-04-07 10:13:07,131 - database - INFO - Đã lọc bỏ 1 items lừa đảo/rác trong mẻ này.
2026-04-07 10:13:07,132 - database - INFO - No items passed the filtering criteria and scam check
2026-04-07 10:13:07,133 - database - INFO - Saved 9 new crawled item IDs
2026-04-07 10:13:07,137 - crawler - INFO - Worker 2: Processing Phụ kiện (Màn hình, Chuột...) in Bình Trị Thừa Thiên Huế (page=0, priority=0)
2026-04-07 10:13:07,440 - crawler - INFO - Worker 1: Processing Phụ kiện (Màn hình, Chuột...) in Nam Trung Bộ (page=0, priority=0)
2026-04-07 10:13:07,827 - database - INFO - Đã lọc bỏ 1 items lừa đảo/rác trong mẻ này.
2026-04-07 10:13:07,827 - database - INFO - No items passed the filtering criteria and scam check
2026-04-07 10:13:08,170 - database - INFO - Đã lọc bỏ 1 items lừa đảo/rác trong mẻ này.
2026-04-07 10:13:08,172 - database - INFO - Saved 2 new items to database
2026-04-07 10:13:08,515 - database - INFO - Saved 1 new crawled item IDs
2026-04-07 10:13:09,564 - database - INFO - Saved 17 new crawled item IDs
2026-04-07 10:13:10,088 - crawler - INFO - Worker 1: Completed route Phụ kiện (Màn hình, Chuột...) in Nam Trung Bộ in 2.65s
2026-04-07 10:13:10,088 - queue_manager - INFO - Scheduled next crawl for Phụ kiện (Màn hình, Chuột...) in Nam Trung Bộ after 1800.0s
2026-04-07 10:13:10,221 - crawler - INFO - Worker 0: Completed route Phụ kiện (Màn hình, Chuột...) in Hải Phòng Nam Định Thái Bình in 3.92s
2026-04-07 10:13:10,222 - queue_manager - INFO - Scheduled next crawl for Phụ kiện (Màn hình, Chuột...) in Hải Phòng Nam Định Thái Bình after 1800.0s
2026-04-07 10:13:10,515 - crawler - INFO - Worker 4: Completed route Phụ kiện (Màn hình, Chuột...) in Cần Thơ - Tây Nam Bộ in 3.70s
2026-04-07 10:13:10,515 - queue_manager - INFO - Scheduled next crawl for Phụ kiện (Màn hình, Chuột...) in Cần Thơ - Tây Nam Bộ after 1800.0s
2026-04-07 10:13:10,603 - database - INFO - Saved 1 new items to database
2026-04-07 10:13:10,891 - crawler - INFO - Worker 2: Completed route Phụ kiện (Màn hình, Chuột...) in Bình Trị Thừa Thiên Huế in 3.75s
2026-04-07 10:13:10,891 - queue_manager - INFO - Scheduled next crawl for Phụ kiện (Màn hình, Chuột...) in Bình Trị Thừa Thiên Huế after 1800.0s
2026-04-07 10:13:12,603 - crawler - INFO - Worker 3: Completed route Điện thoại in Hà Nội in 9.70s
2026-04-07 10:13:12,603 - queue_manager - INFO - Scheduled next crawl for Điện thoại in Hà Nội after 144.1s
2026-04-07 10:13:13,089 - crawler - INFO - Worker 1: Processing Phụ kiện (Màn hình, Chuột...) in Thanh Nghệ Tĩnh (page=0, priority=0)
2026-04-07 10:13:13,222 - crawler - INFO - Worker 0: Processing Phụ kiện (Màn hình, Chuột...) in Tây Nguyên (page=0, priority=0)
2026-04-07 10:13:13,515 - crawler - INFO - Worker 4: Processing Phụ kiện (Màn hình, Chuột...) in Đông Bắc Bộ (page=0, priority=0)
2026-04-07 10:13:13,522 - database - INFO - Saved 1 new crawled item IDs
2026-04-07 10:13:13,552 - database - INFO - Saved 2 new crawled item IDs
2026-04-07 10:13:13,891 - crawler - INFO - Worker 2: Processing Phụ kiện (Màn hình, Chuột...) in Tây Bắc Bộ (page=0, priority=0)
2026-04-07 10:13:13,947 - database - INFO - Saved 2 new crawled item IDs
2026-04-07 10:13:14,122 - database - INFO - Saved 1 new crawled item IDs
2026-04-07 10:13:14,555 - database - INFO - Saved 1 new items to database
2026-04-07 10:13:15,103 - httpx - INFO - HTTP Request: POST https://generativelanguage.googleapis.com/v1beta/models/gemini-3.1-flash-lite-preview:generateContent "HTTP/1.1 200 OK"
2026-04-07 10:13:15,108 - ai_worker - INFO - Đã xử lý 5 items. Tìm thấy 0 kèo thơm (type 1)!
2026-04-07 10:13:15,185 - database - INFO - Saved 1 new items to database
2026-04-07 10:13:15,604 - crawler - INFO - Worker 3: Processing Phụ kiện (Màn hình, Chuột...) in Hà Nội (page=0, priority=0)
2026-04-07 10:13:15,911 - crawler - INFO - Worker 0: Completed route Phụ kiện (Màn hình, Chuột...) in Tây Nguyên in 2.69s
2026-04-07 10:13:15,911 - queue_manager - INFO - Scheduled next crawl for Phụ kiện (Màn hình, Chuột...) in Tây Nguyên after 1800.0s
2026-04-07 10:13:15,912 - database - INFO - Saved 19 new crawled item IDs
2026-04-07 10:13:16,332 - crawler - INFO - Worker 4: Completed route Phụ kiện (Màn hình, Chuột...) in Đông Bắc Bộ in 2.82s
2026-04-07 10:13:16,332 - queue_manager - INFO - Scheduled next crawl for Phụ kiện (Màn hình, Chuột...) in Đông Bắc Bộ after 1800.0s
2026-04-07 10:13:16,970 - crawler - INFO - Worker 1: Completed route Phụ kiện (Màn hình, Chuột...) in Thanh Nghệ Tĩnh in 3.88s
2026-04-07 10:13:16,970 - queue_manager - INFO - Scheduled next crawl for Phụ kiện (Màn hình, Chuột...) in Thanh Nghệ Tĩnh after 1800.0s
2026-04-07 10:13:17,167 - database - INFO - Đã lọc bỏ 4 items lừa đảo/rác trong mẻ này.
2026-04-07 10:13:17,169 - database - INFO - Saved 4 new items to database
2026-04-07 10:13:17,346 - crawler - INFO - Worker 2: Completed route Phụ kiện (Màn hình, Chuột...) in Tây Bắc Bộ in 3.45s
2026-04-07 10:13:17,347 - queue_manager - INFO - Scheduled next crawl for Phụ kiện (Màn hình, Chuột...) in Tây Bắc Bộ after 1800.0s
2026-04-07 10:13:18,912 - crawler - INFO - Worker 0: Processing Phụ kiện (Màn hình, Chuột...) in Tp Hồ Chí Minh (page=0, priority=0)
2026-04-07 10:13:19,311 - database - INFO - Saved 17 new crawled item IDs
2026-04-07 10:13:19,332 - crawler - INFO - Worker 4: Processing Thiết bị đeo thông minh in Các tỉnh lân cận Hà Nội (page=0, priority=0)
2026-04-07 10:13:19,596 - database - INFO - Saved 9 new crawled item IDs
2026-04-07 10:13:19,734 - database - INFO - Saved 1 new crawled item IDs
2026-04-07 10:13:19,970 - crawler - INFO - Worker 1: Processing Thiết bị đeo thông minh in Đông Nam Bộ (page=0, priority=0)
2026-04-07 10:13:20,347 - crawler - INFO - Worker 2: Processing Thiết bị đeo thông minh in Quảng Nam Đà Nẵng (page=0, priority=0)
2026-04-07 10:13:20,357 - database - INFO - Đã lọc bỏ 3 items lừa đảo/rác trong mẻ này.
2026-04-07 10:13:20,359 - database - INFO - Saved 1 new items to database
2026-04-07 10:13:20,360 - database - INFO - Saved 1 new crawled item IDs
2026-04-07 10:13:20,632 - database - INFO - Đã lọc bỏ 3 items lừa đảo/rác trong mẻ này.
2026-04-07 10:13:20,633 - database - INFO - Saved 1 new items to database
2026-04-07 10:13:20,634 - crawler - INFO - Worker 3: Completed route Phụ kiện (Màn hình, Chuột...) in Hà Nội in 5.03s
2026-04-07 10:13:20,634 - queue_manager - INFO - Scheduled next crawl for Phụ kiện (Màn hình, Chuột...) in Hà Nội after 1800.0s
2026-04-07 10:13:20,723 - database - INFO - Saved 3 new crawled item IDs
2026-04-07 10:13:21,743 - database - INFO - Đã lọc bỏ 1 items lừa đảo/rác trong mẻ này.
2026-04-07 10:13:21,743 - database - INFO - No items passed the filtering criteria and scam check
2026-04-07 10:13:22,080 - crawler - INFO - Worker 4: Completed route Thiết bị đeo thông minh in Các tỉnh lân cận Hà Nội in 2.75s
2026-04-07 10:13:22,081 - queue_manager - INFO - Scheduled next crawl for Thiết bị đeo thông minh in Các tỉnh lân cận Hà Nội after 1800.0s
2026-04-07 10:13:22,671 - crawler - INFO - Worker 1: Completed route Thiết bị đeo thông minh in Đông Nam Bộ in 2.70s
2026-04-07 10:13:22,672 - queue_manager - INFO - Scheduled next crawl for Thiết bị đeo thông minh in Đông Nam Bộ after 1800.0s
2026-04-07 10:13:22,673 - database - INFO - Saved 19 new crawled item IDs
2026-04-07 10:13:23,634 - crawler - INFO - Worker 3: Processing Thiết bị đeo thông minh in Hải Phòng Nam Định Thái Bình (page=0, priority=0)
2026-04-07 10:13:23,740 - database - INFO - Đã lọc bỏ 2 items lừa đảo/rác trong mẻ này.
2026-04-07 10:13:23,742 - database - INFO - Saved 2 new items to database
2026-04-07 10:13:24,091 - crawler - INFO - Worker 2: Completed route Thiết bị đeo thông minh in Quảng Nam Đà Nẵng in 3.74s
2026-04-07 10:13:24,091 - queue_manager - INFO - Scheduled next crawl for Thiết bị đeo thông minh in Quảng Nam Đà Nẵng after 1800.0s
2026-04-07 10:13:25,081 - crawler - INFO - Worker 4: Processing Thiết bị đeo thông minh in Cần Thơ - Tây Nam Bộ (page=0, priority=0)
2026-04-07 10:13:25,535 - database - INFO - Saved 6 new crawled item IDs
2026-04-07 10:13:25,673 - crawler - INFO - Worker 1: Processing Thiết bị đeo thông minh in Bình Trị Thừa Thiên Huế (page=0, priority=0)
2026-04-07 10:13:26,353 - database - INFO - Saved 19 new crawled item IDs
2026-04-07 10:13:26,354 - crawler - INFO - Worker 3: Completed route Thiết bị đeo thông minh in Hải Phòng Nam Định Thái Bình in 2.72s
2026-04-07 10:13:26,354 - queue_manager - INFO - Scheduled next crawl for Thiết bị đeo thông minh in Hải Phòng Nam Định Thái Bình after 1800.0s
2026-04-07 10:13:26,563 - database - INFO - Saved 1 new items to database
2026-04-07 10:13:27,091 - crawler - INFO - Worker 2: Processing Thiết bị đeo thông minh in Nam Trung Bộ (page=0, priority=0)
2026-04-07 10:13:27,401 - database - INFO - Đã lọc bỏ 2 items lừa đảo/rác trong mẻ này.
2026-04-07 10:13:27,403 - database - INFO - Saved 5 new items to database
2026-04-07 10:13:27,439 - database - INFO - Saved 1 new crawled item IDs
2026-04-07 10:13:28,200 - crawler - INFO - Worker 1: Completed route Thiết bị đeo thông minh in Bình Trị Thừa Thiên Huế in 2.53s
2026-04-07 10:13:28,201 - queue_manager - INFO - Scheduled next crawl for Thiết bị đeo thông minh in Bình Trị Thừa Thiên Huế after 1800.0s
2026-04-07 10:13:29,032 - crawler - INFO - Worker 4: Completed route Thiết bị đeo thông minh in Cần Thơ - Tây Nam Bộ in 3.95s
2026-04-07 10:13:29,032 - queue_manager - INFO - Scheduled next crawl for Thiết bị đeo thông minh in Cần Thơ - Tây Nam Bộ after 1800.0s
2026-04-07 10:13:29,355 - crawler - INFO - Worker 3: Processing Thiết bị đeo thông minh in Thanh Nghệ Tĩnh (page=0, priority=0)
2026-04-07 10:13:29,403 - crawler - INFO - Worker 0: Completed route Phụ kiện (Màn hình, Chuột...) in Tp Hồ Chí Minh in 10.49s
2026-04-07 10:13:29,403 - queue_manager - INFO - Scheduled next crawl for Phụ kiện (Màn hình, Chuột...) in Tp Hồ Chí Minh after 1800.0s
2026-04-07 10:13:29,736 - crawler - INFO - Worker 2: Completed route Thiết bị đeo thông minh in Nam Trung Bộ in 2.65s
2026-04-07 10:13:29,736 - queue_manager - INFO - Scheduled next crawl for Thiết bị đeo thông minh in Nam Trung Bộ after 1800.0s
2026-04-07 10:13:30,115 - ai_worker - INFO - Đã bỏ qua 21 items quá hạn (cũ hơn 180 phút).
2026-04-07 10:13:30,116 - ai_worker - INFO - Gửi 5 items lên Gemini AI (gemini-3.1-flash-lite-preview) để thẩm định...
2026-04-07 10:13:30,117 - google_genai.models - INFO - AFC is enabled with max remote calls: 10.
2026-04-07 10:13:31,201 - crawler - INFO - Worker 1: Processing Thiết bị đeo thông minh in Tây Nguyên (page=0, priority=0)
2026-04-07 10:13:31,890 - crawler - INFO - Worker 3: Completed route Thiết bị đeo thông minh in Thanh Nghệ Tĩnh in 2.54s
2026-04-07 10:13:31,890 - queue_manager - INFO - Scheduled next crawl for Thiết bị đeo thông minh in Thanh Nghệ Tĩnh after 1800.0s
2026-04-07 10:13:32,033 - crawler - INFO - Worker 4: Processing Thiết bị đeo thông minh in Đông Bắc Bộ (page=0, priority=0)
2026-04-07 10:13:32,403 - crawler - INFO - Worker 0: Processing Thiết bị đeo thông minh in Tây Bắc Bộ (page=0, priority=0)
2026-04-07 10:13:32,558 - crawler - INFO - Worker 0: Completed route Thiết bị đeo thông minh in Tây Bắc Bộ in 0.15s
2026-04-07 10:13:32,558 - queue_manager - INFO - Scheduled next crawl for Thiết bị đeo thông minh in Tây Bắc Bộ after 1800.0s
2026-04-07 10:13:32,737 - crawler - INFO - Worker 2: Processing Thiết bị đeo thông minh in Hà Nội (page=0, priority=0)
2026-04-07 10:13:33,113 - database - INFO - Saved 6 new crawled item IDs
2026-04-07 10:13:34,077 - crawler - INFO - Worker 1: Completed route Thiết bị đeo thông minh in Tây Nguyên in 2.88s
2026-04-07 10:13:34,078 - queue_manager - INFO - Scheduled next crawl for Thiết bị đeo thông minh in Tây Nguyên after 1800.0s
2026-04-07 10:13:34,163 - database - INFO - Saved 1 new items to database
2026-04-07 10:13:34,646 - crawler - INFO - Worker 4: Completed route Thiết bị đeo thông minh in Đông Bắc Bộ in 2.61s
2026-04-07 10:13:34,646 - queue_manager - INFO - Scheduled next crawl for Thiết bị đeo thông minh in Đông Bắc Bộ after 1800.0s
2026-04-07 10:13:34,891 - crawler - INFO - Worker 3: Processing Thiết bị đeo thông minh in Tp Hồ Chí Minh (page=0, priority=0)
2026-04-07 10:13:35,558 - crawler - INFO - Worker 0: Processing Điện thoại in Tây Nguyên (page=0, priority=0)
2026-04-07 10:13:35,569 - database - INFO - Saved 15 new crawled item IDs
2026-04-07 10:13:35,985 - database - INFO - Saved 7 new crawled item IDs
2026-04-07 10:13:36,529 - crawler - INFO - Worker 2: Completed route Thiết bị đeo thông minh in Hà Nội in 3.79s
2026-04-07 10:13:36,529 - queue_manager - INFO - Scheduled next crawl for Thiết bị đeo thông minh in Hà Nội after 1800.0s
2026-04-07 10:13:36,622 - database - INFO - Đã lọc bỏ 1 items lừa đảo/rác trong mẻ này.
2026-04-07 10:13:36,623 - database - INFO - Saved 1 new items to database
2026-04-07 10:13:37,010 - database - INFO - Đã lọc bỏ 1 items lừa đảo/rác trong mẻ này.
2026-04-07 10:13:37,010 - database - INFO - No items passed the filtering criteria and scam check
2026-04-07 10:13:37,078 - crawler - INFO - Worker 1: Processing Thiết bị chơi game in Tp Hồ Chí Minh (page=0, priority=0)
2026-04-07 10:13:37,516 - database - INFO - Saved 9 new crawled item IDs
2026-04-07 10:13:37,647 - crawler - INFO - Worker 4: Processing Điện thoại in Nam Trung Bộ (page=0, priority=0)
2026-04-07 10:13:38,199 - database - INFO - Saved 8 new crawled item IDs
2026-04-07 10:13:38,546 - database - INFO - Saved 1 new items to database
2026-04-07 10:13:38,947 - crawler - INFO - Worker 3: Completed route Thiết bị đeo thông minh in Tp Hồ Chí Minh in 4.06s
2026-04-07 10:13:38,948 - queue_manager - INFO - Scheduled next crawl for Thiết bị đeo thông minh in Tp Hồ Chí Minh after 1800.0s
2026-04-07 10:13:39,226 - database - INFO - Đã lọc bỏ 1 items lừa đảo/rác trong mẻ này.
2026-04-07 10:13:39,228 - database - INFO - Saved 1 new items to database
2026-04-07 10:13:39,348 - crawler - INFO - Worker 0: Completed route Điện thoại in Tây Nguyên in 3.79s
2026-04-07 10:13:39,348 - queue_manager - INFO - Scheduled next crawl for Điện thoại in Tây Nguyên after 1847.0s
2026-04-07 10:13:39,529 - crawler - INFO - Worker 2: Processing Phụ tùng xe in Cần Thơ - Tây Nam Bộ (page=0, priority=0)
2026-04-07 10:13:39,913 - database - INFO - Saved 4 new crawled item IDs
2026-04-07 10:13:40,866 - crawler - INFO - Worker 1: Completed route Thiết bị chơi game in Tp Hồ Chí Minh in 3.79s
2026-04-07 10:13:40,867 - queue_manager - INFO - Scheduled next crawl for Thiết bị chơi game in Tp Hồ Chí Minh after 1938.5s
2026-04-07 10:13:40,954 - database - INFO - Saved 2 new items to database
2026-04-07 10:13:41,437 - httpx - INFO - HTTP Request: POST https://generativelanguage.googleapis.com/v1beta/models/gemini-3.1-flash-lite-preview:generateContent "HTTP/1.1 200 OK"
2026-04-07 10:13:41,442 - ai_worker - INFO - Đã xử lý 5 items. Tìm thấy 1 kèo thơm (type 1)!
2026-04-07 10:13:41,577 - crawler - INFO - Worker 4: Completed route Điện thoại in Nam Trung Bộ in 3.93s
2026-04-07 10:13:41,578 - queue_manager - INFO - Scheduled next crawl for Điện thoại in Nam Trung Bộ after 1977.5s
2026-04-07 10:13:41,948 - crawler - INFO - Worker 3: Processing Điện thoại in Các tỉnh lân cận Hà Nội (page=0, priority=0)
2026-04-07 10:13:42,348 - crawler - INFO - Worker 0: Processing Điện thoại in Bình Trị Thừa Thiên Huế (page=0, priority=0)
2026-04-07 10:13:42,409 - database - INFO - Saved 11 new crawled item IDs
2026-04-07 10:13:43,317 - crawler - INFO - Worker 2: Completed route Phụ tùng xe in Cần Thơ - Tây Nam Bộ in 3.79s
2026-04-07 10:13:43,318 - queue_manager - INFO - Scheduled next crawl for Phụ tùng xe in Cần Thơ - Tây Nam Bộ after 2175.0s
2026-04-07 10:13:43,583 - database - INFO - Đã lọc bỏ 1 items lừa đảo/rác trong mẻ này.
2026-04-07 10:13:43,584 - database - INFO - Saved 2 new items to database
2026-04-07 10:13:43,867 - crawler - INFO - Worker 1: Processing Giày dép in Đông Nam Bộ (page=0, priority=0)
2026-04-07 10:13:44,204 - database - INFO - Saved 4 new crawled item IDs
2026-04-07 10:13:44,578 - crawler - INFO - Worker 4: Processing Đồng hồ in Hà Nội (page=0, priority=0)
2026-04-07 10:13:44,951 - database - INFO - Saved 7 new crawled item IDs
2026-04-07 10:13:45,202 - crawler - INFO - Worker 0: Completed route Điện thoại in Bình Trị Thừa Thiên Huế in 2.85s
2026-04-07 10:13:45,202 - queue_manager - INFO - Scheduled next crawl for Điện thoại in Bình Trị Thừa Thiên Huế after 2694.0s
2026-04-07 10:13:45,252 - database - INFO - Saved 1 new items to database
2026-04-07 10:13:45,940 - crawler - INFO - Worker 3: Completed route Điện thoại in Các tỉnh lân cận Hà Nội in 3.99s
2026-04-07 10:13:45,940 - queue_manager - INFO - Scheduled next crawl for Điện thoại in Các tỉnh lân cận Hà Nội after 2258.5s
2026-04-07 10:13:45,992 - database - INFO - Đã lọc bỏ 1 items lừa đảo/rác trong mẻ này.
2026-04-07 10:13:45,993 - database - INFO - Saved 1 new items to database
2026-04-07 10:13:46,318 - crawler - INFO - Worker 2: Processing Mẹ và bé in Quảng Nam Đà Nẵng (page=0, priority=0)
2026-04-07 10:13:47,593 - crawler - INFO - Worker 1: Completed route Giày dép in Đông Nam Bộ in 3.73s
2026-04-07 10:13:47,593 - queue_manager - INFO - Scheduled next crawl for Giày dép in Đông Nam Bộ after 3008.0s
2026-04-07 10:13:48,383 - crawler - INFO - Worker 4: Completed route Đồng hồ in Hà Nội in 3.80s
2026-04-07 10:13:48,383 - queue_manager - INFO - Scheduled next crawl for Đồng hồ in Hà Nội after 3189.0s
2026-04-07 10:13:49,081 - crawler - INFO - Worker 2: Completed route Mẹ và bé in Quảng Nam Đà Nẵng in 2.76s
2026-04-07 10:13:49,081 - queue_manager - INFO - Scheduled next crawl for Mẹ và bé in Quảng Nam Đà Nẵng after 3430.0s
2026-04-07 10:13:56,449 - ai_worker - INFO - Đã bỏ qua 6 items quá hạn (cũ hơn 180 phút).
2026-04-07 10:13:56,450 - ai_worker - INFO - Gửi 5 items lên Gemini AI (gemini-3.1-flash-lite-preview) để thẩm định...
2026-04-07 10:13:56,451 - google_genai.models - INFO - AFC is enabled with max remote calls: 10.
2026-04-07 10:13:59,454 - crawler - INFO - Worker 1: Processing Điện thoại in Tp Hồ Chí Minh (page=0, priority=250)
2026-04-07 10:14:03,839 - crawler - INFO - Worker 1: Completed route Điện thoại in Tp Hồ Chí Minh in 4.39s
2026-04-07 10:14:03,839 - queue_manager - INFO - Scheduled next crawl for Điện thoại in Tp Hồ Chí Minh after 63.0s
2026-04-07 10:14:04,884 - crawler - INFO - Worker 0: Processing Phụ kiện thời trang khác in Tp Hồ Chí Minh (page=0, priority=245)
2026-04-07 10:14:05,682 - database - INFO - Saved 1 new crawled item IDs
2026-04-07 10:14:06,894 - database - INFO - Saved 1 new items to database
2026-04-07 10:14:09,262 - crawler - INFO - Worker 0: Completed route Phụ kiện thời trang khác in Tp Hồ Chí Minh in 4.38s
2026-04-07 10:14:09,262 - queue_manager - INFO - Scheduled next crawl for Phụ kiện thời trang khác in Tp Hồ Chí Minh after 98.5s
2026-04-07 10:14:14,089 - httpx - INFO - HTTP Request: POST https://generativelanguage.googleapis.com/v1beta/models/gemini-3.1-flash-lite-preview:generateContent "HTTP/1.1 200 OK"
2026-04-07 10:14:14,092 - ai_worker - INFO - Đã xử lý 5 items. Tìm thấy 2 kèo thơm (type 1)!
2026-04-07 10:14:17,585 - crawler - INFO - Worker 0: Processing Giày dép in Tp Hồ Chí Minh (page=0, priority=227)
2026-04-07 10:14:17,973 - database - INFO - Saved 19 new crawled item IDs
2026-04-07 10:14:19,273 - database - INFO - Đã lọc bỏ 4 items lừa đảo/rác trong mẻ này.
2026-04-07 10:14:19,275 - database - INFO - Saved 2 new items to database
2026-04-07 10:14:21,675 - database - INFO - Saved 18 new crawled item IDs
2026-04-07 10:14:22,876 - database - INFO - Đã lọc bỏ 5 items lừa đảo/rác trong mẻ này.
2026-04-07 10:14:22,877 - database - INFO - Saved 3 new items to database
2026-04-07 10:14:25,557 - database - INFO - Saved 11 new crawled item IDs
2026-04-07 10:14:26,630 - database - INFO - Đã lọc bỏ 1 items lừa đảo/rác trong mẻ này.
2026-04-07 10:14:26,631 - database - INFO - Saved 2 new items to database
2026-04-07 10:14:28,633 - crawler - INFO - Worker 0: Completed route Giày dép in Tp Hồ Chí Minh in 11.05s
2026-04-07 10:14:28,633 - queue_manager - INFO - Scheduled next crawl for Giày dép in Tp Hồ Chí Minh after 221.0s
2026-04-07 10:14:29,100 - ai_worker - INFO - Đã bỏ qua 5 items quá hạn (cũ hơn 180 phút).
2026-04-07 10:14:29,101 - ai_worker - INFO - Gửi 5 items lên Gemini AI (gemini-3.1-flash-lite-preview) để thẩm định...
2026-04-07 10:14:29,101 - google_genai.models - INFO - AFC is enabled with max remote calls: 10.
2026-04-07 10:14:43,970 - httpx - INFO - HTTP Request: POST https://generativelanguage.googleapis.com/v1beta/models/gemini-3.1-flash-lite-preview:generateContent "HTTP/1.1 200 OK"
2026-04-07 10:14:43,974 - ai_worker - INFO - Đã xử lý 5 items. Tìm thấy 1 kèo thơm (type 1)!
2026-04-07 10:15:06,840 - crawler - INFO - Worker 3: Processing Điện thoại in Tp Hồ Chí Minh (page=0, priority=250)
2026-04-07 10:15:08,042 - database - INFO - Saved 1 new crawled item IDs
2026-04-07 10:15:10,397 - crawler - INFO - Worker 3: Completed route Điện thoại in Tp Hồ Chí Minh in 3.56s
2026-04-07 10:15:10,397 - queue_manager - INFO - Scheduled next crawl for Điện thoại in Tp Hồ Chí Minh after 63.0s
2026-04-07 10:15:17,587 - crawler - INFO - Worker 0: Processing Phụ tùng xe in Tp Hồ Chí Minh (page=0, priority=218)
2026-04-07 10:15:17,972 - database - INFO - Saved 16 new crawled item IDs
2026-04-07 10:15:19,197 - database - INFO - Saved 2 new items to database
2026-04-07 10:15:21,591 - database - INFO - Saved 19 new crawled item IDs
2026-04-07 10:15:22,967 - database - INFO - Đã lọc bỏ 3 items lừa đảo/rác trong mẻ này.
2026-04-07 10:15:22,969 - database - INFO - Saved 5 new items to database
2026-04-07 10:15:25,549 - database - INFO - Saved 10 new crawled item IDs
2026-04-07 10:15:26,708 - database - INFO - Đã lọc bỏ 5 items lừa đảo/rác trong mẻ này.
2026-04-07 10:15:26,709 - database - INFO - Saved 1 new items to database
2026-04-07 10:15:28,710 - crawler - INFO - Worker 0: Completed route Phụ tùng xe in Tp Hồ Chí Minh in 11.12s
2026-04-07 10:15:28,710 - queue_manager - INFO - Scheduled next crawl for Phụ tùng xe in Tp Hồ Chí Minh after 281.0s
2026-04-07 10:15:28,996 - ai_worker - INFO - Đã bỏ qua 5 items quá hạn (cũ hơn 180 phút).
2026-04-07 10:15:36,654 - crawler - INFO - Worker 4: Processing Điện thoại in Hà Nội (page=0, priority=238)
2026-04-07 10:15:36,972 - database - INFO - Saved 1 new crawled item IDs
2026-04-07 10:15:39,320 - crawler - INFO - Worker 4: Completed route Điện thoại in Hà Nội in 2.67s
2026-04-07 10:15:39,321 - queue_manager - INFO - Scheduled next crawl for Điện thoại in Hà Nội after 144.1s
2026-04-07 10:15:47,763 - crawler - INFO - Worker 2: Processing Phụ kiện thời trang khác in Tp Hồ Chí Minh (page=0, priority=245)
2026-04-07 10:15:50,543 - crawler - INFO - Worker 2: Completed route Phụ kiện thời trang khác in Tp Hồ Chí Minh in 2.78s
2026-04-07 10:15:50,544 - queue_manager - INFO - Scheduled next crawl for Phụ kiện thời trang khác in Tp Hồ Chí Minh after 98.5s
2026-04-07 10:16:10,303 - crawler - INFO - Worker 3: Processing Điện thoại in Quảng Nam Đà Nẵng (page=0, priority=211)
2026-04-07 10:16:11,429 - database - INFO - Saved 18 new crawled item IDs
2026-04-07 10:16:12,572 - database - INFO - Đã lọc bỏ 1 items lừa đảo/rác trong mẻ này.
2026-04-07 10:16:12,573 - database - INFO - Saved 1 new items to database
2026-04-07 10:16:13,397 - crawler - INFO - Worker 2: Processing Điện thoại in Tp Hồ Chí Minh (page=0, priority=250)
2026-04-07 10:16:14,022 - ai_worker - INFO - Gửi 5 items lên Gemini AI (gemini-3.1-flash-lite-preview) để thẩm định...
2026-04-07 10:16:14,022 - google_genai.models - INFO - AFC is enabled with max remote calls: 10.
2026-04-07 10:16:15,113 - database - INFO - Saved 5 new crawled item IDs
2026-04-07 10:16:16,147 - database - INFO - Saved 1 new items to database
2026-04-07 10:16:16,148 - crawler - INFO - Worker 3: Completed route Điện thoại in Quảng Nam Đà Nẵng in 5.84s
2026-04-07 10:16:16,148 - queue_manager - INFO - Scheduled next crawl for Điện thoại in Quảng Nam Đà Nẵng after 330.0s
2026-04-07 10:16:16,340 - database - INFO - Saved 1 new crawled item IDs
2026-04-07 10:16:17,392 - database - INFO - Đã lọc bỏ 1 items lừa đảo/rác trong mẻ này.
2026-04-07 10:16:17,392 - database - INFO - No items passed the filtering criteria and scam check
2026-04-07 10:16:17,393 - crawler - INFO - Worker 2: Completed route Điện thoại in Tp Hồ Chí Minh in 4.00s
2026-04-07 10:16:17,393 - queue_manager - INFO - Scheduled next crawl for Điện thoại in Tp Hồ Chí Minh after 63.0s
2026-04-07 10:16:22,644 - httpx - INFO - HTTP Request: POST https://generativelanguage.googleapis.com/v1beta/models/gemini-3.1-flash-lite-preview:generateContent "HTTP/1.1 200 OK"
2026-04-07 10:16:22,688 - ai_worker - INFO - Đã xử lý 5 items. Tìm thấy 1 kèo thơm (type 1)!
2026-04-07 10:16:37,695 - ai_worker - INFO - Đã bỏ qua 1 items quá hạn (cũ hơn 180 phút).
2026-04-07 10:16:40,201 - crawler - INFO - Worker 4: Processing Đồ thể thao, Dã ngoại in Tp Hồ Chí Minh (page=0, priority=207)
2026-04-07 10:16:40,705 - database - INFO - Saved 17 new crawled item IDs
2026-04-07 10:16:41,903 - database - INFO - Đã lọc bỏ 1 items lừa đảo/rác trong mẻ này.
2026-04-07 10:16:41,905 - database - INFO - Saved 4 new items to database
2026-04-07 10:16:44,270 - database - INFO - Saved 7 new crawled item IDs
2026-04-07 10:16:44,271 - crawler - INFO - Worker 4: Completed route Đồ thể thao, Dã ngoại in Tp Hồ Chí Minh in 4.07s
2026-04-07 10:16:44,271 - queue_manager - INFO - Scheduled next crawl for Đồ thể thao, Dã ngoại in Tp Hồ Chí Minh after 360.0s
2026-04-07 10:16:52,703 - ai_worker - INFO - Đã bỏ qua 1 items quá hạn (cũ hơn 180 phút).
2026-04-07 10:16:53,214 - crawler - INFO - Worker 0: Processing Mẹ và bé in Tp Hồ Chí Minh (page=0, priority=205)
2026-04-07 10:16:53,569 - database - INFO - Saved 20 new crawled item IDs
2026-04-07 10:16:54,607 - database - INFO - Đã lọc bỏ 4 items lừa đảo/rác trong mẻ này.
2026-04-07 10:16:54,609 - database - INFO - Saved 1 new items to database
2026-04-07 10:16:56,919 - database - INFO - Saved 11 new crawled item IDs
2026-04-07 10:16:57,975 - database - INFO - Đã lọc bỏ 1 items lừa đảo/rác trong mẻ này.
2026-04-07 10:16:57,977 - database - INFO - Saved 2 new items to database
2026-04-07 10:17:00,329 - crawler - INFO - Worker 0: Completed route Mẹ và bé in Tp Hồ Chí Minh in 7.12s
2026-04-07 10:17:00,329 - queue_manager - INFO - Scheduled next crawl for Mẹ và bé in Tp Hồ Chí Minh after 373.0s
2026-04-07 10:17:07,712 - ai_worker - INFO - Đã bỏ qua 2 items quá hạn (cũ hơn 180 phút).
2026-04-07 10:17:20,392 - crawler - INFO - Worker 4: Processing Điện thoại in Tp Hồ Chí Minh (page=0, priority=250)
2026-04-07 10:17:21,057 - database - INFO - Saved 2 new crawled item IDs
2026-04-07 10:17:23,514 - crawler - INFO - Worker 4: Completed route Điện thoại in Tp Hồ Chí Minh in 3.12s
2026-04-07 10:17:23,515 - queue_manager - INFO - Scheduled next crawl for Điện thoại in Tp Hồ Chí Minh after 63.0s
2026-04-07 10:17:26,302 - crawler - INFO - Worker 1: Processing Điện thoại in Đông Nam Bộ (page=0, priority=200)
2026-04-07 10:17:26,792 - database - INFO - Saved 14 new crawled item IDs
2026-04-07 10:17:27,958 - database - INFO - Saved 2 new items to database
2026-04-07 10:17:29,044 - crawler - INFO - Worker 3: Processing Phụ kiện thời trang khác in Tp Hồ Chí Minh (page=0, priority=245)
2026-04-07 10:17:30,388 - database - INFO - Saved 19 new crawled item IDs
2026-04-07 10:17:31,590 - database - INFO - Đã lọc bỏ 1 items lừa đảo/rác trong mẻ này.
2026-04-07 10:17:31,592 - database - INFO - Saved 2 new items to database
2026-04-07 10:17:32,321 - crawler - INFO - Worker 3: Completed route Phụ kiện thời trang khác in Tp Hồ Chí Minh in 3.28s
2026-04-07 10:17:32,321 - queue_manager - INFO - Scheduled next crawl for Phụ kiện thời trang khác in Tp Hồ Chí Minh after 98.5s
2026-04-07 10:17:34,130 - crawler - INFO - Worker 1: Completed route Điện thoại in Đông Nam Bộ in 7.83s
2026-04-07 10:17:34,130 - queue_manager - INFO - Scheduled next crawl for Điện thoại in Đông Nam Bộ after 406.0s
2026-04-07 10:17:37,728 - ai_worker - INFO - Đã bỏ qua 2 items quá hạn (cũ hơn 180 phút).
2026-04-07 10:17:37,730 - ai_worker - INFO - Gửi 5 items lên Gemini AI (gemini-3.1-flash-lite-preview) để thẩm định...
2026-04-07 10:17:37,730 - google_genai.models - INFO - AFC is enabled with max remote calls: 10.
2026-04-07 10:17:46,039 - httpx - INFO - HTTP Request: POST https://generativelanguage.googleapis.com/v1beta/models/gemini-3.1-flash-lite-preview:generateContent "HTTP/1.1 200 OK"
2026-04-07 10:17:46,083 - ai_worker - INFO - Đã xử lý 5 items. Tìm thấy 2 kèo thơm (type 1)!
2026-04-07 10:18:03,370 - crawler - INFO - Worker 2: Processing Điện thoại in Hà Nội (page=0, priority=238)
2026-04-07 10:18:04,066 - database - INFO - Saved 2 new crawled item IDs
2026-04-07 10:18:06,599 - crawler - INFO - Worker 2: Completed route Điện thoại in Hà Nội in 3.23s
2026-04-07 10:18:06,599 - queue_manager - INFO - Scheduled next crawl for Điện thoại in Hà Nội after 144.1s
2026-04-07 10:18:09,633 - crawler - INFO - Worker 1: Processing Giày dép in Tp Hồ Chí Minh (page=0, priority=227)
2026-04-07 10:18:12,871 - crawler - INFO - Worker 1: Completed route Giày dép in Tp Hồ Chí Minh in 3.24s
2026-04-07 10:18:12,871 - queue_manager - INFO - Scheduled next crawl for Giày dép in Tp Hồ Chí Minh after 221.0s
2026-04-07 10:18:26,515 - crawler - INFO - Worker 2: Processing Điện thoại in Tp Hồ Chí Minh (page=0, priority=250)
2026-04-07 10:18:26,901 - database - INFO - Saved 1 new crawled item IDs
2026-04-07 10:18:29,668 - crawler - INFO - Worker 2: Completed route Điện thoại in Tp Hồ Chí Minh in 3.15s
2026-04-07 10:18:29,668 - queue_manager - INFO - Scheduled next crawl for Điện thoại in Tp Hồ Chí Minh after 63.0s
2026-04-07 10:19:10,821 - crawler - INFO - Worker 4: Processing Phụ kiện thời trang khác in Tp Hồ Chí Minh (page=0, priority=245)
2026-04-07 10:19:13,800 - crawler - INFO - Worker 4: Completed route Phụ kiện thời trang khác in Tp Hồ Chí Minh in 2.98s
2026-04-07 10:19:13,800 - queue_manager - INFO - Scheduled next crawl for Phụ kiện thời trang khác in Tp Hồ Chí Minh after 98.5s
2026-04-07 10:19:32,667 - crawler - INFO - Worker 3: Processing Điện thoại in Tp Hồ Chí Minh (page=0, priority=250)
2026-04-07 10:19:33,257 - database - INFO - Saved 1 new crawled item IDs
2026-04-07 10:19:35,648 - crawler - INFO - Worker 3: Completed route Điện thoại in Tp Hồ Chí Minh in 2.98s
2026-04-07 10:19:35,649 - queue_manager - INFO - Scheduled next crawl for Điện thoại in Tp Hồ Chí Minh after 63.0s
2026-04-07 10:20:09,711 - crawler - INFO - Worker 3: Processing Phụ tùng xe in Tp Hồ Chí Minh (page=0, priority=218)
2026-04-07 10:20:13,704 - crawler - INFO - Worker 3: Completed route Phụ tùng xe in Tp Hồ Chí Minh in 3.99s
2026-04-07 10:20:13,704 - queue_manager - INFO - Scheduled next crawl for Phụ tùng xe in Tp Hồ Chí Minh after 281.0s
2026-04-07 10:20:26,507 - crawler - INFO - Worker 3: Processing Điện thoại in Cần Thơ - Tây Nam Bộ (page=0, priority=174)
2026-04-07 10:20:27,429 - database - INFO - Saved 20 new crawled item IDs
2026-04-07 10:20:28,599 - database - INFO - Đã lọc bỏ 1 items lừa đảo/rác trong mẻ này.
2026-04-07 10:20:28,641 - database - INFO - Saved 1 new items to database
2026-04-07 10:20:30,650 - crawler - INFO - Worker 2: Processing Điện thoại in Hà Nội (page=0, priority=238)
2026-04-07 10:20:31,088 - database - INFO - Saved 15 new crawled item IDs
2026-04-07 10:20:31,523 - database - INFO - Saved 1 new crawled item IDs
2026-04-07 10:20:32,363 - database - INFO - Saved 3 new items to database
2026-04-07 10:20:32,552 - database - INFO - Đã lọc bỏ 1 items lừa đảo/rác trong mẻ này.
2026-04-07 10:20:32,552 - database - INFO - No items passed the filtering criteria and scam check
2026-04-07 10:20:34,704 - crawler - INFO - Worker 3: Completed route Điện thoại in Cần Thơ - Tây Nam Bộ in 8.20s
2026-04-07 10:20:34,705 - queue_manager - INFO - Scheduled next crawl for Điện thoại in Cần Thơ - Tây Nam Bộ after 586.0s
2026-04-07 10:20:34,901 - crawler - INFO - Worker 2: Completed route Điện thoại in Hà Nội in 4.25s
2026-04-07 10:20:34,901 - queue_manager - INFO - Scheduled next crawl for Điện thoại in Hà Nội after 144.1s
2026-04-07 10:20:38,648 - crawler - INFO - Worker 4: Processing Điện thoại in Tp Hồ Chí Minh (page=0, priority=250)
2026-04-07 10:20:41,594 - crawler - INFO - Worker 4: Completed route Điện thoại in Tp Hồ Chí Minh in 2.95s
2026-04-07 10:20:41,594 - queue_manager - INFO - Scheduled next crawl for Điện thoại in Tp Hồ Chí Minh after 63.0s
2026-04-07 10:20:46,204 - ai_worker - INFO - Đã bỏ qua 3 items quá hạn (cũ hơn 180 phút).
2026-04-07 10:20:52,300 - crawler - INFO - Worker 4: Processing Phụ kiện thời trang khác in Tp Hồ Chí Minh (page=0, priority=245)
2026-04-07 10:20:52,702 - database - INFO - Saved 1 new crawled item IDs
2026-04-07 10:20:55,485 - crawler - INFO - Worker 4: Completed route Phụ kiện thời trang khác in Tp Hồ Chí Minh in 3.19s
2026-04-07 10:20:55,486 - queue_manager - INFO - Scheduled next crawl for Phụ kiện thời trang khác in Tp Hồ Chí Minh after 98.5s
2026-04-07 10:21:44,593 - crawler - INFO - Worker 3: Processing Điện thoại in Tp Hồ Chí Minh (page=0, priority=250)
2026-04-07 10:21:45,070 - database - INFO - Saved 1 new crawled item IDs
2026-04-07 10:21:46,148 - crawler - INFO - Worker 2: Processing Điện thoại in Quảng Nam Đà Nẵng (page=0, priority=211)
2026-04-07 10:21:47,407 - crawler - INFO - Worker 3: Completed route Điện thoại in Tp Hồ Chí Minh in 2.81s
2026-04-07 10:21:47,407 - queue_manager - INFO - Scheduled next crawl for Điện thoại in Tp Hồ Chí Minh after 63.0s
2026-04-07 10:21:48,854 - crawler - INFO - Worker 2: Completed route Điện thoại in Quảng Nam Đà Nẵng in 2.71s
2026-04-07 10:21:48,854 - queue_manager - INFO - Scheduled next crawl for Điện thoại in Quảng Nam Đà Nẵng after 330.0s
2026-04-07 10:21:53,872 - crawler - INFO - Worker 4: Processing Giày dép in Tp Hồ Chí Minh (page=0, priority=227)
2026-04-07 10:21:58,052 - crawler - INFO - Worker 4: Completed route Giày dép in Tp Hồ Chí Minh in 4.18s
2026-04-07 10:21:58,052 - queue_manager - INFO - Scheduled next crawl for Giày dép in Tp Hồ Chí Minh after 221.0s
2026-04-07 10:22:33,986 - crawler - INFO - Worker 4: Processing Phụ kiện thời trang khác in Tp Hồ Chí Minh (page=0, priority=245)
2026-04-07 10:22:37,105 - crawler - INFO - Worker 4: Completed route Phụ kiện thời trang khác in Tp Hồ Chí Minh in 3.11s
2026-04-07 10:22:37,105 - queue_manager - INFO - Scheduled next crawl for Phụ kiện thời trang khác in Tp Hồ Chí Minh after 98.5s
2026-04-07 10:22:44,271 - crawler - INFO - Worker 3: Processing Đồ thể thao, Dã ngoại in Tp Hồ Chí Minh (page=0, priority=207)
2026-04-07 10:22:46,999 - crawler - INFO - Worker 3: Completed route Đồ thể thao, Dã ngoại in Tp Hồ Chí Minh in 2.73s
2026-04-07 10:22:46,999 - queue_manager - INFO - Scheduled next crawl for Đồ thể thao, Dã ngoại in Tp Hồ Chí Minh after 360.0s
2026-04-07 10:22:50,408 - crawler - INFO - Worker 3: Processing Điện thoại in Tp Hồ Chí Minh (page=0, priority=250)
2026-04-07 10:22:50,797 - database - INFO - Saved 2 new crawled item IDs
2026-04-07 10:22:53,654 - crawler - INFO - Worker 3: Completed route Điện thoại in Tp Hồ Chí Minh in 3.25s
2026-04-07 10:22:53,655 - queue_manager - INFO - Scheduled next crawl for Điện thoại in Tp Hồ Chí Minh after 63.0s
2026-04-07 10:22:58,950 - crawler - INFO - Worker 0: Processing Điện thoại in Hà Nội (page=0, priority=238)
2026-04-07 10:23:02,256 - crawler - INFO - Worker 0: Completed route Điện thoại in Hà Nội in 3.31s
2026-04-07 10:23:02,256 - queue_manager - INFO - Scheduled next crawl for Điện thoại in Hà Nội after 144.1s
2026-04-07 10:23:13,330 - crawler - INFO - Worker 2: Processing Mẹ và bé in Tp Hồ Chí Minh (page=0, priority=205)
2026-04-07 10:23:14,155 - database - INFO - Saved 1 new crawled item IDs
2026-04-07 10:23:16,542 - crawler - INFO - Worker 2: Completed route Mẹ và bé in Tp Hồ Chí Minh in 3.21s
2026-04-07 10:23:16,542 - queue_manager - INFO - Scheduled next crawl for Mẹ và bé in Tp Hồ Chí Minh after 373.0s
2026-04-07 10:23:56,655 - crawler - INFO - Worker 1: Processing Điện thoại in Tp Hồ Chí Minh (page=0, priority=250)
2026-04-07 10:23:57,554 - database - INFO - Saved 1 new crawled item IDs
2026-04-07 10:24:00,009 - crawler - INFO - Worker 1: Completed route Điện thoại in Tp Hồ Chí Minh in 3.35s
2026-04-07 10:24:00,010 - queue_manager - INFO - Scheduled next crawl for Điện thoại in Tp Hồ Chí Minh after 63.0s
2026-04-07 10:24:15,604 - crawler - INFO - Worker 2: Processing Phụ kiện thời trang khác in Tp Hồ Chí Minh (page=0, priority=245)
2026-04-07 10:24:19,056 - crawler - INFO - Worker 2: Completed route Phụ kiện thời trang khác in Tp Hồ Chí Minh in 3.45s
2026-04-07 10:24:19,056 - queue_manager - INFO - Scheduled next crawl for Phụ kiện thời trang khác in Tp Hồ Chí Minh after 98.5s
2026-04-07 10:24:20,131 - crawler - INFO - Worker 1: Processing Điện thoại in Đông Nam Bộ (page=0, priority=200)
2026-04-07 10:24:23,152 - crawler - INFO - Worker 1: Completed route Điện thoại in Đông Nam Bộ in 3.02s
2026-04-07 10:24:23,152 - queue_manager - INFO - Scheduled next crawl for Điện thoại in Đông Nam Bộ after 406.0s
2026-04-07 10:24:54,705 - crawler - INFO - Worker 2: Processing Phụ tùng xe in Tp Hồ Chí Minh (page=0, priority=218)
2026-04-07 10:24:57,674 - crawler - INFO - Worker 2: Completed route Phụ tùng xe in Tp Hồ Chí Minh in 2.97s
2026-04-07 10:24:57,675 - queue_manager - INFO - Scheduled next crawl for Phụ tùng xe in Tp Hồ Chí Minh after 281.0s
2026-04-07 10:25:03,010 - crawler - INFO - Worker 0: Processing Điện thoại in Tp Hồ Chí Minh (page=0, priority=250)
2026-04-07 10:25:06,161 - crawler - INFO - Worker 0: Completed route Điện thoại in Tp Hồ Chí Minh in 3.14s
2026-04-07 10:25:06,161 - queue_manager - INFO - Scheduled next crawl for Điện thoại in Tp Hồ Chí Minh after 63.0s
2026-04-07 10:25:26,306 - crawler - INFO - Worker 3: Processing Điện thoại in Hà Nội (page=0, priority=238)
2026-04-07 10:25:29,732 - crawler - INFO - Worker 3: Completed route Điện thoại in Hà Nội in 3.43s
2026-04-07 10:25:29,732 - queue_manager - INFO - Scheduled next crawl for Điện thoại in Hà Nội after 144.1s
2026-04-07 10:25:39,052 - crawler - INFO - Worker 3: Processing Giày dép in Tp Hồ Chí Minh (page=0, priority=227)
2026-04-07 10:25:39,532 - database - INFO - Saved 1 new crawled item IDs
2026-04-07 10:25:42,320 - crawler - INFO - Worker 3: Completed route Giày dép in Tp Hồ Chí Minh in 3.27s
2026-04-07 10:25:42,320 - queue_manager - INFO - Scheduled next crawl for Giày dép in Tp Hồ Chí Minh after 221.0s
2026-04-07 10:25:57,557 - crawler - INFO - Worker 2: Processing Phụ kiện thời trang khác in Tp Hồ Chí Minh (page=0, priority=245)
2026-04-07 10:26:00,535 - crawler - INFO - Worker 2: Completed route Phụ kiện thời trang khác in Tp Hồ Chí Minh in 2.98s
2026-04-07 10:26:00,535 - queue_manager - INFO - Scheduled next crawl for Phụ kiện thời trang khác in Tp Hồ Chí Minh after 98.5s
2026-04-07 10:26:09,162 - crawler - INFO - Worker 1: Processing Điện thoại in Tp Hồ Chí Minh (page=0, priority=250)
2026-04-07 10:26:12,005 - crawler - INFO - Worker 1: Completed route Điện thoại in Tp Hồ Chí Minh in 2.84s
2026-04-07 10:26:12,005 - queue_manager - INFO - Scheduled next crawl for Điện thoại in Tp Hồ Chí Minh after 63.0s
2026-04-07 10:27:15,006 - crawler - INFO - Worker 1: Processing Điện thoại in Tp Hồ Chí Minh (page=0, priority=250)
2026-04-07 10:27:15,530 - database - INFO - Saved 1 new crawled item IDs
2026-04-07 10:27:17,965 - crawler - INFO - Worker 1: Completed route Điện thoại in Tp Hồ Chí Minh in 2.96s
2026-04-07 10:27:17,965 - queue_manager - INFO - Scheduled next crawl for Điện thoại in Tp Hồ Chí Minh after 63.0s
2026-04-07 10:27:18,854 - crawler - INFO - Worker 3: Processing Điện thoại in Quảng Nam Đà Nẵng (page=0, priority=211)
2026-04-07 10:27:19,213 - database - INFO - Saved 1 new crawled item IDs
2026-04-07 10:27:21,640 - crawler - INFO - Worker 3: Completed route Điện thoại in Quảng Nam Đà Nẵng in 2.79s
2026-04-07 10:27:21,640 - queue_manager - INFO - Scheduled next crawl for Điện thoại in Quảng Nam Đà Nẵng after 330.0s
2026-04-07 10:27:39,036 - crawler - INFO - Worker 1: Processing Phụ kiện thời trang khác in Tp Hồ Chí Minh (page=0, priority=245)
2026-04-07 10:27:39,512 - database - INFO - Saved 1 new crawled item IDs
2026-04-07 10:27:40,704 - database - INFO - Đã lọc bỏ 1 items lừa đảo/rác trong mẻ này.
2026-04-07 10:27:40,705 - database - INFO - No items passed the filtering criteria and scam check
2026-04-07 10:27:43,066 - crawler - INFO - Worker 1: Completed route Phụ kiện thời trang khác in Tp Hồ Chí Minh in 4.03s
2026-04-07 10:27:43,066 - queue_manager - INFO - Scheduled next crawl for Phụ kiện thời trang khác in Tp Hồ Chí Minh after 98.5s
2026-04-07 10:27:53,782 - crawler - INFO - Worker 0: Processing Điện thoại in Hà Nội (page=0, priority=238)
2026-04-07 10:27:56,570 - crawler - INFO - Worker 0: Completed route Điện thoại in Hà Nội in 2.79s
2026-04-07 10:27:56,570 - queue_manager - INFO - Scheduled next crawl for Điện thoại in Hà Nội after 144.1s
2026-04-07 10:28:20,966 - crawler - INFO - Worker 0: Processing Điện thoại in Tp Hồ Chí Minh (page=0, priority=250)
2026-04-07 10:28:23,897 - crawler - INFO - Worker 0: Completed route Điện thoại in Tp Hồ Chí Minh in 2.93s
2026-04-07 10:28:23,897 - queue_manager - INFO - Scheduled next crawl for Điện thoại in Tp Hồ Chí Minh after 63.0s
2026-04-07 10:28:46,998 - crawler - INFO - Worker 0: Processing Đồ thể thao, Dã ngoại in Tp Hồ Chí Minh (page=0, priority=207)
2026-04-07 10:28:49,522 - database - INFO - Saved 1 new crawled item IDs
2026-04-07 10:28:52,094 - crawler - INFO - Worker 0: Completed route Đồ thể thao, Dã ngoại in Tp Hồ Chí Minh in 5.10s
2026-04-07 10:28:52,095 - queue_manager - INFO - Scheduled next crawl for Đồ thể thao, Dã ngoại in Tp Hồ Chí Minh after 360.0s
2026-04-07 10:29:21,566 - crawler - INFO - Worker 3: Processing Phụ kiện thời trang khác in Tp Hồ Chí Minh (page=0, priority=245)
2026-04-07 10:29:23,321 - crawler - INFO - Worker 2: Processing Giày dép in Tp Hồ Chí Minh (page=0, priority=227)
2026-04-07 10:29:23,701 - database - INFO - Saved 2 new crawled item IDs
2026-04-07 10:29:24,722 - crawler - INFO - Worker 3: Completed route Phụ kiện thời trang khác in Tp Hồ Chí Minh in 3.16s
2026-04-07 10:29:24,722 - queue_manager - INFO - Scheduled next crawl for Phụ kiện thời trang khác in Tp Hồ Chí Minh after 98.5s
2026-04-07 10:29:26,189 - crawler - INFO - Worker 2: Completed route Giày dép in Tp Hồ Chí Minh in 2.87s
2026-04-07 10:29:26,190 - queue_manager - INFO - Scheduled next crawl for Giày dép in Tp Hồ Chí Minh after 221.0s
2026-04-07 10:29:26,898 - crawler - INFO - Worker 0: Processing Điện thoại in Tp Hồ Chí Minh (page=0, priority=250)
2026-04-07 10:29:29,542 - crawler - INFO - Worker 1: Processing Mẹ và bé in Tp Hồ Chí Minh (page=0, priority=205)
2026-04-07 10:29:29,856 - crawler - INFO - Worker 0: Completed route Điện thoại in Tp Hồ Chí Minh in 2.96s
2026-04-07 10:29:29,856 - queue_manager - INFO - Scheduled next crawl for Điện thoại in Tp Hồ Chí Minh after 63.0s
2026-04-07 10:29:30,150 - database - INFO - Saved 1 new crawled item IDs
2026-04-07 10:29:31,417 - database - INFO - Saved 1 new items to database
2026-04-07 10:29:33,768 - crawler - INFO - Worker 1: Completed route Mẹ và bé in Tp Hồ Chí Minh in 4.23s
2026-04-07 10:29:33,768 - queue_manager - INFO - Scheduled next crawl for Mẹ và bé in Tp Hồ Chí Minh after 373.0s
2026-04-07 10:29:38,675 - crawler - INFO - Worker 2: Processing Phụ tùng xe in Tp Hồ Chí Minh (page=0, priority=218)
2026-04-07 10:29:41,516 - crawler - INFO - Worker 2: Completed route Phụ tùng xe in Tp Hồ Chí Minh in 2.84s
2026-04-07 10:29:41,516 - queue_manager - INFO - Scheduled next crawl for Phụ tùng xe in Tp Hồ Chí Minh after 281.0s
2026-04-07 10:30:20,619 - crawler - INFO - Worker 1: Processing Điện thoại in Hà Nội (page=0, priority=238)
2026-04-07 10:30:20,705 - crawler - INFO - Worker 3: Processing Điện thoại in Cần Thơ - Tây Nam Bộ (page=0, priority=174)
2026-04-07 10:30:21,556 - database - INFO - Saved 1 new crawled item IDs
2026-04-07 10:30:21,556 - database - INFO - Saved 1 new crawled item IDs
2026-04-07 10:30:24,051 - crawler - INFO - Worker 1: Completed route Điện thoại in Hà Nội in 3.43s
2026-04-07 10:30:24,052 - queue_manager - INFO - Scheduled next crawl for Điện thoại in Hà Nội after 144.1s
2026-04-07 10:30:24,052 - crawler - INFO - Worker 3: Completed route Điện thoại in Cần Thơ - Tây Nam Bộ in 3.35s
2026-04-07 10:30:24,052 - queue_manager - INFO - Scheduled next crawl for Điện thoại in Cần Thơ - Tây Nam Bộ after 586.0s
2026-04-07 10:30:32,857 - crawler - INFO - Worker 1: Processing Điện thoại in Tp Hồ Chí Minh (page=0, priority=250)
2026-04-07 10:30:35,711 - crawler - INFO - Worker 1: Completed route Điện thoại in Tp Hồ Chí Minh in 2.85s
2026-04-07 10:30:35,711 - queue_manager - INFO - Scheduled next crawl for Điện thoại in Tp Hồ Chí Minh after 63.0s
2026-04-07 10:31:03,223 - crawler - INFO - Worker 2: Processing Phụ kiện thời trang khác in Tp Hồ Chí Minh (page=0, priority=245)
2026-04-07 10:31:06,310 - crawler - INFO - Worker 2: Completed route Phụ kiện thời trang khác in Tp Hồ Chí Minh in 3.09s
2026-04-07 10:31:06,310 - queue_manager - INFO - Scheduled next crawl for Phụ kiện thời trang khác in Tp Hồ Chí Minh after 98.5s
2026-04-07 10:31:09,153 - crawler - INFO - Worker 1: Processing Điện thoại in Đông Nam Bộ (page=0, priority=200)
2026-04-07 10:31:12,039 - crawler - INFO - Worker 1: Completed route Điện thoại in Đông Nam Bộ in 2.89s
2026-04-07 10:31:12,039 - queue_manager - INFO - Scheduled next crawl for Điện thoại in Đông Nam Bộ after 406.0s
2026-04-07 10:31:38,712 - crawler - INFO - Worker 0: Processing Điện thoại in Tp Hồ Chí Minh (page=0, priority=250)
2026-04-07 10:31:41,728 - crawler - INFO - Worker 0: Completed route Điện thoại in Tp Hồ Chí Minh in 3.02s
2026-04-07 10:31:41,728 - queue_manager - INFO - Scheduled next crawl for Điện thoại in Tp Hồ Chí Minh after 63.0s
2026-04-07 10:32:24,832 - crawler - INFO - Worker 1: Processing Điện thoại in Hải Phòng Nam Định Thái Bình (page=0, priority=71)
2026-04-07 10:32:25,378 - database - INFO - Saved 9 new crawled item IDs
2026-04-07 10:32:27,816 - crawler - INFO - Worker 1: Completed route Điện thoại in Hải Phòng Nam Định Thái Bình in 2.98s
2026-04-07 10:32:27,816 - queue_manager - INFO - Scheduled next crawl for Điện thoại in Hải Phòng Nam Định Thái Bình after 1301.0s
2026-04-07 10:32:44,729 - crawler - INFO - Worker 3: Processing Điện thoại in Tp Hồ Chí Minh (page=0, priority=250)
2026-04-07 10:32:44,809 - crawler - INFO - Worker 4: Processing Phụ kiện thời trang khác in Tp Hồ Chí Minh (page=0, priority=245)
2026-04-07 10:32:47,711 - crawler - INFO - Worker 3: Completed route Điện thoại in Tp Hồ Chí Minh in 2.98s
2026-04-07 10:32:47,712 - queue_manager - INFO - Scheduled next crawl for Điện thoại in Tp Hồ Chí Minh after 63.0s
2026-04-07 10:32:47,745 - crawler - INFO - Worker 4: Completed route Phụ kiện thời trang khác in Tp Hồ Chí Minh in 2.94s
2026-04-07 10:32:47,745 - queue_manager - INFO - Scheduled next crawl for Phụ kiện thời trang khác in Tp Hồ Chí Minh after 98.5s
2026-04-07 10:32:48,102 - crawler - INFO - Worker 1: Processing Điện thoại in Hà Nội (page=0, priority=238)
2026-04-07 10:32:48,536 - database - INFO - Saved 5 new crawled item IDs
2026-04-07 10:32:51,056 - crawler - INFO - Worker 1: Completed route Điện thoại in Hà Nội in 2.95s
2026-04-07 10:32:51,056 - queue_manager - INFO - Scheduled next crawl for Điện thoại in Hà Nội after 144.1s
2026-04-07 10:32:51,641 - crawler - INFO - Worker 0: Processing Điện thoại in Quảng Nam Đà Nẵng (page=0, priority=211)
2026-04-07 10:32:52,080 - database - INFO - Saved 2 new crawled item IDs
2026-04-07 10:32:54,551 - crawler - INFO - Worker 0: Completed route Điện thoại in Quảng Nam Đà Nẵng in 2.91s
2026-04-07 10:32:54,551 - queue_manager - INFO - Scheduled next crawl for Điện thoại in Quảng Nam Đà Nẵng after 330.0s
2026-04-07 10:33:07,189 - crawler - INFO - Worker 2: Processing Giày dép in Tp Hồ Chí Minh (page=0, priority=227)
2026-04-07 10:33:10,201 - crawler - INFO - Worker 2: Completed route Giày dép in Tp Hồ Chí Minh in 3.01s
2026-04-07 10:33:10,202 - queue_manager - INFO - Scheduled next crawl for Giày dép in Tp Hồ Chí Minh after 221.0s
2026-04-07 10:33:50,712 - crawler - INFO - Worker 1: Processing Điện thoại in Tp Hồ Chí Minh (page=0, priority=250)
2026-04-07 10:33:54,179 - crawler - INFO - Worker 1: Completed route Điện thoại in Tp Hồ Chí Minh in 3.47s
2026-04-07 10:33:54,179 - queue_manager - INFO - Scheduled next crawl for Điện thoại in Tp Hồ Chí Minh after 63.0s
2026-04-07 10:34:22,517 - crawler - INFO - Worker 2: Processing Phụ tùng xe in Tp Hồ Chí Minh (page=0, priority=218)
2026-04-07 10:34:26,246 - crawler - INFO - Worker 1: Processing Phụ kiện thời trang khác in Tp Hồ Chí Minh (page=0, priority=245)
2026-04-07 10:34:26,268 - crawler - INFO - Worker 2: Completed route Phụ tùng xe in Tp Hồ Chí Minh in 3.75s
2026-04-07 10:34:26,268 - queue_manager - INFO - Scheduled next crawl for Phụ tùng xe in Tp Hồ Chí Minh after 281.0s
2026-04-07 10:34:29,255 - crawler - INFO - Worker 1: Completed route Phụ kiện thời trang khác in Tp Hồ Chí Minh in 3.01s
2026-04-07 10:34:29,256 - queue_manager - INFO - Scheduled next crawl for Phụ kiện thời trang khác in Tp Hồ Chí Minh after 98.5s
2026-04-07 10:34:52,095 - crawler - INFO - Worker 1: Processing Đồ thể thao, Dã ngoại in Tp Hồ Chí Minh (page=0, priority=207)
2026-04-07 10:34:55,577 - crawler - INFO - Worker 1: Completed route Đồ thể thao, Dã ngoại in Tp Hồ Chí Minh in 3.48s
2026-04-07 10:34:55,577 - queue_manager - INFO - Scheduled next crawl for Đồ thể thao, Dã ngoại in Tp Hồ Chí Minh after 360.0s
2026-04-07 10:34:57,179 - crawler - INFO - Worker 3: Processing Điện thoại in Tp Hồ Chí Minh (page=0, priority=250)
2026-04-07 10:35:00,273 - crawler - INFO - Worker 3: Completed route Điện thoại in Tp Hồ Chí Minh in 3.09s
2026-04-07 10:35:00,273 - queue_manager - INFO - Scheduled next crawl for Điện thoại in Tp Hồ Chí Minh after 63.0s
2026-04-07 10:35:15,106 - crawler - INFO - Worker 2: Processing Điện thoại in Hà Nội (page=0, priority=238)
2026-04-07 10:35:18,307 - crawler - INFO - Worker 2: Completed route Điện thoại in Hà Nội in 3.20s
2026-04-07 10:35:18,307 - queue_manager - INFO - Scheduled next crawl for Điện thoại in Hà Nội after 144.1s
2026-04-07 10:35:32,863 - crawler - INFO - Worker 4: Processing Phụ tùng xe in Đông Nam Bộ (page=0, priority=44)
2026-04-07 10:35:33,346 - database - INFO - Saved 6 new crawled item IDs
2026-04-07 10:35:34,538 - database - INFO - Đã lọc bỏ 3 items lừa đảo/rác trong mẻ này.
2026-04-07 10:35:34,540 - database - INFO - Saved 3 new items to database
2026-04-07 10:35:36,933 - crawler - INFO - Worker 4: Completed route Phụ tùng xe in Đông Nam Bộ in 4.07s
2026-04-07 10:35:36,934 - queue_manager - INFO - Scheduled next crawl for Phụ tùng xe in Đông Nam Bộ after 1489.0s
2026-04-07 10:35:46,751 - ai_worker - INFO - Đã bỏ qua 2 items quá hạn (cũ hơn 180 phút).
2026-04-07 10:35:46,769 - crawler - INFO - Worker 3: Processing Mẹ và bé in Tp Hồ Chí Minh (page=0, priority=205)
2026-04-07 10:35:47,283 - database - INFO - Saved 2 new crawled item IDs
2026-04-07 10:35:48,506 - database - INFO - Đã lọc bỏ 1 items lừa đảo/rác trong mẻ này.
2026-04-07 10:35:48,506 - database - INFO - No items passed the filtering criteria and scam check
2026-04-07 10:35:51,659 - crawler - INFO - Worker 3: Completed route Mẹ và bé in Tp Hồ Chí Minh in 4.89s
2026-04-07 10:35:51,659 - queue_manager - INFO - Scheduled next crawl for Mẹ và bé in Tp Hồ Chí Minh after 373.0s
2026-04-07 10:36:03,274 - crawler - INFO - Worker 3: Processing Điện thoại in Tp Hồ Chí Minh (page=0, priority=250)
2026-04-07 10:36:06,622 - crawler - INFO - Worker 3: Completed route Điện thoại in Tp Hồ Chí Minh in 3.35s
2026-04-07 10:36:06,623 - queue_manager - INFO - Scheduled next crawl for Điện thoại in Tp Hồ Chí Minh after 63.0s
2026-04-07 10:36:07,756 - crawler - INFO - Worker 1: Processing Phụ kiện thời trang khác in Tp Hồ Chí Minh (page=0, priority=245)
2026-04-07 10:36:10,929 - crawler - INFO - Worker 1: Completed route Phụ kiện thời trang khác in Tp Hồ Chí Minh in 3.17s
2026-04-07 10:36:10,929 - queue_manager - INFO - Scheduled next crawl for Phụ kiện thời trang khác in Tp Hồ Chí Minh after 98.5s
2026-04-07 10:36:51,202 - crawler - INFO - Worker 2: Processing Giày dép in Tp Hồ Chí Minh (page=0, priority=227)
2026-04-07 10:36:54,123 - crawler - INFO - Worker 2: Completed route Giày dép in Tp Hồ Chí Minh in 2.92s
2026-04-07 10:36:54,123 - queue_manager - INFO - Scheduled next crawl for Giày dép in Tp Hồ Chí Minh after 221.0s
2026-04-07 10:37:09,622 - crawler - INFO - Worker 1: Processing Điện thoại in Tp Hồ Chí Minh (page=0, priority=250)
2026-04-07 10:37:10,222 - database - INFO - Saved 1 new crawled item IDs
2026-04-07 10:37:11,617 - database - INFO - Saved 1 new items to database
2026-04-07 10:37:13,996 - crawler - INFO - Worker 1: Completed route Điện thoại in Tp Hồ Chí Minh in 4.37s
2026-04-07 10:37:13,997 - queue_manager - INFO - Scheduled next crawl for Điện thoại in Tp Hồ Chí Minh after 63.0s
2026-04-07 10:37:16,824 - ai_worker - INFO - Gửi 5 items lên Gemini AI (gemini-3.1-flash-lite-preview) để thẩm định...
2026-04-07 10:37:16,863 - google_genai.models - INFO - AFC is enabled with max remote calls: 10.
2026-04-07 10:37:22,817 - httpx - INFO - HTTP Request: POST https://generativelanguage.googleapis.com/v1beta/models/gemini-3.1-flash-lite-preview:generateContent "HTTP/1.1 200 OK"
2026-04-07 10:37:22,820 - ai_worker - INFO - Đã xử lý 5 items. Tìm thấy 0 kèo thơm (type 1)!
2026-04-07 10:37:42,357 - crawler - INFO - Worker 2: Processing Điện thoại in Hà Nội (page=0, priority=238)
2026-04-07 10:37:45,332 - crawler - INFO - Worker 2: Completed route Điện thoại in Hà Nội in 2.97s
2026-04-07 10:37:45,332 - queue_manager - INFO - Scheduled next crawl for Điện thoại in Hà Nội after 144.1s
2026-04-07 10:37:49,429 - crawler - INFO - Worker 4: Processing Phụ kiện thời trang khác in Tp Hồ Chí Minh (page=0, priority=245)
2026-04-07 10:37:52,180 - crawler - INFO - Worker 4: Completed route Phụ kiện thời trang khác in Tp Hồ Chí Minh in 2.75s
2026-04-07 10:37:52,180 - queue_manager - INFO - Scheduled next crawl for Phụ kiện thời trang khác in Tp Hồ Chí Minh after 98.5s
2026-04-07 10:37:58,039 - crawler - INFO - Worker 2: Processing Điện thoại in Đông Nam Bộ (page=0, priority=200)
2026-04-07 10:38:01,100 - crawler - INFO - Worker 2: Completed route Điện thoại in Đông Nam Bộ in 3.06s
2026-04-07 10:38:01,100 - queue_manager - INFO - Scheduled next crawl for Điện thoại in Đông Nam Bộ after 406.0s
2026-04-07 10:38:16,997 - crawler - INFO - Worker 4: Processing Điện thoại in Tp Hồ Chí Minh (page=0, priority=250)
2026-04-07 10:38:20,156 - crawler - INFO - Worker 4: Completed route Điện thoại in Tp Hồ Chí Minh in 3.16s
2026-04-07 10:38:20,157 - queue_manager - INFO - Scheduled next crawl for Điện thoại in Tp Hồ Chí Minh after 63.0s
2026-04-07 10:38:24,552 - crawler - INFO - Worker 2: Processing Điện thoại in Quảng Nam Đà Nẵng (page=0, priority=211)
2026-04-07 10:38:27,437 - crawler - INFO - Worker 2: Completed route Điện thoại in Quảng Nam Đà Nẵng in 2.88s
2026-04-07 10:38:27,437 - queue_manager - INFO - Scheduled next crawl for Điện thoại in Quảng Nam Đà Nẵng after 330.0s
2026-04-07 10:39:07,268 - crawler - INFO - Worker 0: Processing Phụ tùng xe in Tp Hồ Chí Minh (page=0, priority=218)
2026-04-07 10:39:07,757 - database - INFO - Saved 1 new crawled item IDs
2026-04-07 10:39:10,124 - crawler - INFO - Worker 0: Completed route Phụ tùng xe in Tp Hồ Chí Minh in 2.86s
2026-04-07 10:39:10,125 - queue_manager - INFO - Scheduled next crawl for Phụ tùng xe in Tp Hồ Chí Minh after 281.0s
2026-04-07 10:39:23,156 - crawler - INFO - Worker 1: Processing Điện thoại in Tp Hồ Chí Minh (page=0, priority=250)
2026-04-07 10:39:25,983 - crawler - INFO - Worker 1: Completed route Điện thoại in Tp Hồ Chí Minh in 2.83s
2026-04-07 10:39:25,983 - queue_manager - INFO - Scheduled next crawl for Điện thoại in Tp Hồ Chí Minh after 63.0s
2026-04-07 10:39:30,680 - crawler - INFO - Worker 3: Processing Phụ kiện thời trang khác in Tp Hồ Chí Minh (page=0, priority=245)
2026-04-07 10:39:33,559 - crawler - INFO - Worker 3: Completed route Phụ kiện thời trang khác in Tp Hồ Chí Minh in 2.88s
2026-04-07 10:39:33,559 - queue_manager - INFO - Scheduled next crawl for Phụ kiện thời trang khác in Tp Hồ Chí Minh after 98.5s
2026-04-07 10:39:46,669 - crawler - INFO - Worker 0: Processing Đồ thể thao, Dã ngoại in Hà Nội (page=0, priority=8)
2026-04-07 10:39:47,076 - database - INFO - Saved 10 new crawled item IDs
2026-04-07 10:39:48,270 - database - INFO - Đã lọc bỏ 1 items lừa đảo/rác trong mẻ này.
2026-04-07 10:39:48,272 - database - INFO - Saved 3 new items to database
2026-04-07 10:39:50,762 - crawler - INFO - Worker 0: Completed route Đồ thể thao, Dã ngoại in Hà Nội in 4.09s
2026-04-07 10:39:50,762 - queue_manager - INFO - Scheduled next crawl for Đồ thể thao, Dã ngoại in Hà Nội after 1742.8s
2026-04-07 10:39:52,900 - ai_worker - INFO - Đã bỏ qua 3 items quá hạn (cũ hơn 180 phút).
2026-04-07 10:40:09,383 - crawler - INFO - Worker 3: Processing Điện thoại in Hà Nội (page=0, priority=238)
2026-04-07 10:40:10,052 - crawler - INFO - Worker 1: Processing Điện thoại in Cần Thơ - Tây Nam Bộ (page=0, priority=174)
2026-04-07 10:40:10,729 - database - INFO - Saved 1 new crawled item IDs
2026-04-07 10:40:12,572 - crawler - INFO - Worker 3: Completed route Điện thoại in Hà Nội in 3.19s
2026-04-07 10:40:12,572 - queue_manager - INFO - Scheduled next crawl for Điện thoại in Hà Nội after 144.1s
2026-04-07 10:40:13,242 - crawler - INFO - Worker 1: Completed route Điện thoại in Cần Thơ - Tây Nam Bộ in 3.19s
2026-04-07 10:40:13,242 - queue_manager - INFO - Scheduled next crawl for Điện thoại in Cần Thơ - Tây Nam Bộ after 586.0s
2026-04-07 10:40:28,984 - crawler - INFO - Worker 4: Processing Điện thoại in Tp Hồ Chí Minh (page=0, priority=250)
2026-04-07 10:40:29,981 - database - INFO - Saved 1 new crawled item IDs
2026-04-07 10:40:32,448 - crawler - INFO - Worker 4: Completed route Điện thoại in Tp Hồ Chí Minh in 3.46s
2026-04-07 10:40:32,448 - queue_manager - INFO - Scheduled next crawl for Điện thoại in Tp Hồ Chí Minh after 63.0s
2026-04-07 10:40:35,124 - crawler - INFO - Worker 3: Processing Giày dép in Tp Hồ Chí Minh (page=0, priority=227)
2026-04-07 10:40:35,566 - database - INFO - Saved 1 new crawled item IDs
2026-04-07 10:40:36,755 - database - INFO - Đã lọc bỏ 1 items lừa đảo/rác trong mẻ này.
2026-04-07 10:40:36,756 - database - INFO - No items passed the filtering criteria and scam check
2026-04-07 10:40:39,144 - crawler - INFO - Worker 3: Completed route Giày dép in Tp Hồ Chí Minh in 4.02s
2026-04-07 10:40:39,145 - queue_manager - INFO - Scheduled next crawl for Giày dép in Tp Hồ Chí Minh after 221.0s
2026-04-07 10:40:43,921 - crawler - INFO - Worker 4: Processing Phụ tùng xe in Các tỉnh lân cận Hà Nội (page=0, priority=0)
2026-04-07 10:40:44,148 - crawler - INFO - Worker 1: Processing Phụ tùng xe in Quảng Nam Đà Nẵng (page=0, priority=0)
2026-04-07 10:40:44,327 - database - INFO - Saved 1 new crawled item IDs
2026-04-07 10:40:46,665 - crawler - INFO - Worker 4: Completed route Phụ tùng xe in Các tỉnh lân cận Hà Nội in 2.74s
2026-04-07 10:40:46,665 - queue_manager - INFO - Scheduled next crawl for Phụ tùng xe in Các tỉnh lân cận Hà Nội after 1800.0s
2026-04-07 10:40:47,091 - crawler - INFO - Worker 1: Completed route Phụ tùng xe in Quảng Nam Đà Nẵng in 2.94s
2026-04-07 10:40:47,092 - queue_manager - INFO - Scheduled next crawl for Phụ tùng xe in Quảng Nam Đà Nẵng after 1800.0s
2026-04-07 10:40:49,481 - crawler - INFO - Worker 0: Processing Phụ tùng xe in Thanh Nghệ Tĩnh (page=0, priority=0)
2026-04-07 10:40:49,512 - crawler - INFO - Worker 3: Processing Phụ tùng xe in Hải Phòng Nam Định Thái Bình (page=0, priority=0)
2026-04-07 10:40:49,513 - crawler - INFO - Worker 2: Processing Phụ tùng xe in Bình Trị Thừa Thiên Huế (page=0, priority=0)
2026-04-07 10:40:49,728 - crawler - INFO - Worker 4: Processing Phụ tùng xe in Nam Trung Bộ (page=0, priority=0)
2026-04-07 10:40:50,102 - crawler - INFO - Worker 1: Processing Phụ tùng xe in Tây Nguyên (page=0, priority=0)
2026-04-07 10:40:51,904 - crawler - INFO - Worker 0: Completed route Phụ tùng xe in Thanh Nghệ Tĩnh in 2.42s
2026-04-07 10:40:51,905 - queue_manager - INFO - Scheduled next crawl for Phụ tùng xe in Thanh Nghệ Tĩnh after 1800.0s
2026-04-07 10:40:52,090 - crawler - INFO - Worker 3: Completed route Phụ tùng xe in Hải Phòng Nam Định Thái Bình in 2.58s
2026-04-07 10:40:52,090 - queue_manager - INFO - Scheduled next crawl for Phụ tùng xe in Hải Phòng Nam Định Thái Bình after 1800.0s
2026-04-07 10:40:52,557 - crawler - INFO - Worker 2: Completed route Phụ tùng xe in Bình Trị Thừa Thiên Huế in 3.04s
2026-04-07 10:40:52,558 - queue_manager - INFO - Scheduled next crawl for Phụ tùng xe in Bình Trị Thừa Thiên Huế after 1800.0s
2026-04-07 10:40:52,725 - crawler - INFO - Worker 4: Completed route Phụ tùng xe in Nam Trung Bộ in 3.00s
2026-04-07 10:40:52,725 - queue_manager - INFO - Scheduled next crawl for Phụ tùng xe in Nam Trung Bộ after 1800.0s
2026-04-07 10:40:52,834 - crawler - INFO - Worker 1: Completed route Phụ tùng xe in Tây Nguyên in 2.73s
2026-04-07 10:40:52,834 - queue_manager - INFO - Scheduled next crawl for Phụ tùng xe in Tây Nguyên after 1800.0s
2026-04-07 10:40:54,905 - crawler - INFO - Worker 0: Processing Phụ tùng xe in Đông Bắc Bộ (page=0, priority=0)
2026-04-07 10:40:55,091 - crawler - INFO - Worker 3: Processing Phụ tùng xe in Tây Bắc Bộ (page=0, priority=0)
2026-04-07 10:40:55,558 - crawler - INFO - Worker 2: Processing Giày dép in Các tỉnh lân cận Hà Nội (page=0, priority=0)
2026-04-07 10:40:55,726 - crawler - INFO - Worker 4: Processing Đồ thể thao, Dã ngoại in Tp Hồ Chí Minh (page=0, priority=207)
2026-04-07 10:40:55,836 - crawler - INFO - Worker 1: Processing Phụ tùng xe in Hà Nội (page=0, priority=0)
2026-04-07 10:40:56,198 - database - INFO - Saved 1 new crawled item IDs
2026-04-07 10:40:57,369 - crawler - INFO - Worker 0: Completed route Phụ tùng xe in Đông Bắc Bộ in 2.46s
2026-04-07 10:40:57,369 - queue_manager - INFO - Scheduled next crawl for Phụ tùng xe in Đông Bắc Bộ after 1800.0s
2026-04-07 10:40:57,453 - database - INFO - Saved 1 new items to database
2026-04-07 10:40:57,515 - crawler - INFO - Worker 3: Completed route Phụ tùng xe in Tây Bắc Bộ in 2.42s
2026-04-07 10:40:57,516 - queue_manager - INFO - Scheduled next crawl for Phụ tùng xe in Tây Bắc Bộ after 1800.0s
2026-04-07 10:40:58,215 - crawler - INFO - Worker 2: Completed route Giày dép in Các tỉnh lân cận Hà Nội in 2.66s
2026-04-07 10:40:58,215 - queue_manager - INFO - Scheduled next crawl for Giày dép in Các tỉnh lân cận Hà Nội after 1800.0s
2026-04-07 10:40:58,649 - crawler - INFO - Worker 1: Completed route Phụ tùng xe in Hà Nội in 2.81s
2026-04-07 10:40:58,649 - queue_manager - INFO - Scheduled next crawl for Phụ tùng xe in Hà Nội after 1800.0s
2026-04-07 10:40:59,878 - crawler - INFO - Worker 4: Completed route Đồ thể thao, Dã ngoại in Tp Hồ Chí Minh in 4.15s
2026-04-07 10:40:59,879 - queue_manager - INFO - Scheduled next crawl for Đồ thể thao, Dã ngoại in Tp Hồ Chí Minh after 360.0s
2026-04-07 10:41:00,369 - crawler - INFO - Worker 0: Processing Giày dép in Quảng Nam Đà Nẵng (page=0, priority=0)
2026-04-07 10:41:00,926 - crawler - INFO - Worker 3: Processing Giày dép in Bình Trị Thừa Thiên Huế (page=0, priority=0)
2026-04-07 10:41:01,265 - crawler - INFO - Worker 2: Processing Giày dép in Nam Trung Bộ (page=0, priority=0)
2026-04-07 10:41:01,846 - crawler - INFO - Worker 1: Processing Giày dép in Hải Phòng Nam Định Thái Bình (page=0, priority=0)
2026-04-07 10:41:02,879 - crawler - INFO - Worker 4: Processing Giày dép in Cần Thơ - Tây Nam Bộ (page=0, priority=0)
2026-04-07 10:41:03,408 - crawler - INFO - Worker 0: Completed route Giày dép in Quảng Nam Đà Nẵng in 3.04s
2026-04-07 10:41:03,408 - queue_manager - INFO - Scheduled next crawl for Giày dép in Quảng Nam Đà Nẵng after 1800.0s
2026-04-07 10:41:03,665 - crawler - INFO - Worker 3: Completed route Giày dép in Bình Trị Thừa Thiên Huế in 2.74s
2026-04-07 10:41:03,665 - queue_manager - INFO - Scheduled next crawl for Giày dép in Bình Trị Thừa Thiên Huế after 1800.0s
2026-04-07 10:41:03,750 - database - INFO - Saved 1 new crawled item IDs
2026-04-07 10:41:04,135 - crawler - INFO - Worker 2: Completed route Giày dép in Nam Trung Bộ in 2.87s
2026-04-07 10:41:04,135 - queue_manager - INFO - Scheduled next crawl for Giày dép in Nam Trung Bộ after 1800.0s
2026-04-07 10:41:04,896 - crawler - INFO - Worker 1: Completed route Giày dép in Hải Phòng Nam Định Thái Bình in 3.05s
2026-04-07 10:41:04,896 - queue_manager - INFO - Scheduled next crawl for Giày dép in Hải Phòng Nam Định Thái Bình after 1800.0s
2026-04-07 10:41:06,409 - crawler - INFO - Worker 0: Processing Giày dép in Thanh Nghệ Tĩnh (page=0, priority=0)
2026-04-07 10:41:06,417 - crawler - INFO - Worker 4: Completed route Giày dép in Cần Thơ - Tây Nam Bộ in 3.54s
2026-04-07 10:41:06,417 - queue_manager - INFO - Scheduled next crawl for Giày dép in Cần Thơ - Tây Nam Bộ after 1800.0s
2026-04-07 10:41:06,666 - crawler - INFO - Worker 3: Processing Giày dép in Tây Bắc Bộ (page=0, priority=0)
2026-04-07 10:41:06,818 - crawler - INFO - Worker 3: Completed route Giày dép in Tây Bắc Bộ in 0.15s
2026-04-07 10:41:06,819 - queue_manager - INFO - Scheduled next crawl for Giày dép in Tây Bắc Bộ after 1800.0s
2026-04-07 10:41:07,136 - crawler - INFO - Worker 2: Processing Giày dép in Tây Nguyên (page=0, priority=0)
2026-04-07 10:41:07,897 - crawler - INFO - Worker 1: Processing Giày dép in Đông Bắc Bộ (page=0, priority=0)
2026-04-07 10:41:08,988 - crawler - INFO - Worker 0: Completed route Giày dép in Thanh Nghệ Tĩnh in 2.58s
2026-04-07 10:41:08,988 - queue_manager - INFO - Scheduled next crawl for Giày dép in Thanh Nghệ Tĩnh after 1800.0s
2026-04-07 10:41:09,418 - crawler - INFO - Worker 4: Processing Phụ kiện thời trang khác in Các tỉnh lân cận Hà Nội (page=0, priority=0)
2026-04-07 10:41:09,819 - crawler - INFO - Worker 3: Processing Giày dép in Hà Nội (page=0, priority=0)
2026-04-07 10:41:09,913 - crawler - INFO - Worker 2: Completed route Giày dép in Tây Nguyên in 2.78s
2026-04-07 10:41:09,913 - queue_manager - INFO - Scheduled next crawl for Giày dép in Tây Nguyên after 1800.0s
2026-04-07 10:41:10,221 - database - INFO - Saved 1 new crawled item IDs
2026-04-07 10:41:10,533 - crawler - INFO - Worker 1: Completed route Giày dép in Đông Bắc Bộ in 2.64s
2026-04-07 10:41:10,533 - queue_manager - INFO - Scheduled next crawl for Giày dép in Đông Bắc Bộ after 1800.0s
2026-04-07 10:41:11,989 - crawler - INFO - Worker 0: Processing Phụ kiện thời trang khác in Đông Nam Bộ (page=0, priority=0)
2026-04-07 10:41:12,306 - database - INFO - Saved 1 new crawled item IDs
2026-04-07 10:41:12,591 - crawler - INFO - Worker 3: Completed route Giày dép in Hà Nội in 2.77s
2026-04-07 10:41:12,592 - queue_manager - INFO - Scheduled next crawl for Giày dép in Hà Nội after 1800.0s
2026-04-07 10:41:12,914 - crawler - INFO - Worker 2: Processing Phụ kiện thời trang khác in Tp Hồ Chí Minh (page=0, priority=245)
2026-04-07 10:41:12,985 - crawler - INFO - Worker 4: Completed route Phụ kiện thời trang khác in Các tỉnh lân cận Hà Nội in 3.57s
2026-04-07 10:41:12,985 - queue_manager - INFO - Scheduled next crawl for Phụ kiện thời trang khác in Các tỉnh lân cận Hà Nội after 1800.0s
2026-04-07 10:41:13,533 - crawler - INFO - Worker 1: Processing Phụ kiện thời trang khác in Hải Phòng Nam Định Thái Bình (page=0, priority=0)
2026-04-07 10:41:14,664 - crawler - INFO - Worker 0: Completed route Phụ kiện thời trang khác in Đông Nam Bộ in 2.67s
2026-04-07 10:41:14,664 - queue_manager - INFO - Scheduled next crawl for Phụ kiện thời trang khác in Đông Nam Bộ after 1800.0s
2026-04-07 10:41:15,592 - crawler - INFO - Worker 3: Processing Phụ kiện thời trang khác in Quảng Nam Đà Nẵng (page=0, priority=0)
2026-04-07 10:41:15,668 - crawler - INFO - Worker 2: Completed route Phụ kiện thời trang khác in Tp Hồ Chí Minh in 2.75s
2026-04-07 10:41:15,668 - queue_manager - INFO - Scheduled next crawl for Phụ kiện thời trang khác in Tp Hồ Chí Minh after 98.5s
2026-04-07 10:41:15,986 - crawler - INFO - Worker 4: Processing Phụ kiện thời trang khác in Bình Trị Thừa Thiên Huế (page=0, priority=0)
2026-04-07 10:41:16,511 - crawler - INFO - Worker 1: Completed route Phụ kiện thời trang khác in Hải Phòng Nam Định Thái Bình in 2.98s
2026-04-07 10:41:16,511 - queue_manager - INFO - Scheduled next crawl for Phụ kiện thời trang khác in Hải Phòng Nam Định Thái Bình after 1800.0s
2026-04-07 10:41:17,663 - crawler - INFO - Worker 0: Processing Phụ kiện thời trang khác in Cần Thơ - Tây Nam Bộ (page=0, priority=0)
2026-04-07 10:41:18,061 - database - INFO - Saved 1 new crawled item IDs
2026-04-07 10:41:18,440 - crawler - INFO - Worker 3: Completed route Phụ kiện thời trang khác in Quảng Nam Đà Nẵng in 2.85s
2026-04-07 10:41:18,440 - queue_manager - INFO - Scheduled next crawl for Phụ kiện thời trang khác in Quảng Nam Đà Nẵng after 1800.0s
2026-04-07 10:41:18,668 - crawler - INFO - Worker 2: Processing Phụ kiện thời trang khác in Nam Trung Bộ (page=0, priority=0)
2026-04-07 10:41:18,749 - crawler - INFO - Worker 4: Completed route Phụ kiện thời trang khác in Bình Trị Thừa Thiên Huế in 2.76s
2026-04-07 10:41:18,750 - queue_manager - INFO - Scheduled next crawl for Phụ kiện thời trang khác in Bình Trị Thừa Thiên Huế after 1800.0s
2026-04-07 10:41:19,330 - database - INFO - Đã lọc bỏ 1 items lừa đảo/rác trong mẻ này.
2026-04-07 10:41:19,330 - database - INFO - No items passed the filtering criteria and scam check
2026-04-07 10:41:19,511 - crawler - INFO - Worker 1: Processing Phụ kiện thời trang khác in Thanh Nghệ Tĩnh (page=0, priority=0)
2026-04-07 10:41:21,396 - crawler - INFO - Worker 2: Completed route Phụ kiện thời trang khác in Nam Trung Bộ in 2.73s
2026-04-07 10:41:21,396 - queue_manager - INFO - Scheduled next crawl for Phụ kiện thời trang khác in Nam Trung Bộ after 1800.0s
2026-04-07 10:41:21,440 - crawler - INFO - Worker 3: Processing Phụ kiện thời trang khác in Tây Bắc Bộ (page=0, priority=0)
2026-04-07 10:41:21,602 - crawler - INFO - Worker 3: Completed route Phụ kiện thời trang khác in Tây Bắc Bộ in 0.16s
2026-04-07 10:41:21,602 - queue_manager - INFO - Scheduled next crawl for Phụ kiện thời trang khác in Tây Bắc Bộ after 1800.0s
2026-04-07 10:41:21,745 - crawler - INFO - Worker 0: Completed route Phụ kiện thời trang khác in Cần Thơ - Tây Nam Bộ in 4.08s
2026-04-07 10:41:21,745 - queue_manager - INFO - Scheduled next crawl for Phụ kiện thời trang khác in Cần Thơ - Tây Nam Bộ after 1800.0s
2026-04-07 10:41:21,750 - crawler - INFO - Worker 4: Processing Phụ kiện thời trang khác in Đông Bắc Bộ (page=0, priority=0)
2026-04-07 10:41:21,962 - crawler - INFO - Worker 1: Completed route Phụ kiện thời trang khác in Thanh Nghệ Tĩnh in 2.45s
2026-04-07 10:41:21,962 - queue_manager - INFO - Scheduled next crawl for Phụ kiện thời trang khác in Thanh Nghệ Tĩnh after 1800.0s
2026-04-07 10:41:24,200 - crawler - INFO - Worker 4: Completed route Phụ kiện thời trang khác in Đông Bắc Bộ in 2.45s
2026-04-07 10:41:24,201 - queue_manager - INFO - Scheduled next crawl for Phụ kiện thời trang khác in Đông Bắc Bộ after 1800.0s
2026-04-07 10:41:24,396 - crawler - INFO - Worker 2: Processing Phụ kiện thời trang khác in Tây Nguyên (page=0, priority=0)
2026-04-07 10:41:24,603 - crawler - INFO - Worker 3: Processing Phụ kiện thời trang khác in Hà Nội (page=0, priority=0)
2026-04-07 10:41:24,746 - crawler - INFO - Worker 0: Processing Đồ thể thao, Dã ngoại in Các tỉnh lân cận Hà Nội (page=0, priority=0)
2026-04-07 10:41:25,786 - crawler - INFO - Worker 1: Processing Đồ thể thao, Dã ngoại in Đông Nam Bộ (page=0, priority=0)
2026-04-07 10:41:27,198 - crawler - INFO - Worker 2: Completed route Phụ kiện thời trang khác in Tây Nguyên in 2.80s
2026-04-07 10:41:27,199 - queue_manager - INFO - Scheduled next crawl for Phụ kiện thời trang khác in Tây Nguyên after 1800.0s
2026-04-07 10:41:27,201 - crawler - INFO - Worker 4: Processing Đồ thể thao, Dã ngoại in Hải Phòng Nam Định Thái Bình (page=0, priority=0)
2026-04-07 10:41:27,337 - crawler - INFO - Worker 0: Completed route Đồ thể thao, Dã ngoại in Các tỉnh lân cận Hà Nội in 2.59s
2026-04-07 10:41:27,337 - queue_manager - INFO - Scheduled next crawl for Đồ thể thao, Dã ngoại in Các tỉnh lân cận Hà Nội after 1800.0s
2026-04-07 10:41:27,347 - crawler - INFO - Worker 3: Completed route Phụ kiện thời trang khác in Hà Nội in 2.74s
2026-04-07 10:41:27,347 - queue_manager - INFO - Scheduled next crawl for Phụ kiện thời trang khác in Hà Nội after 1800.0s
2026-04-07 10:41:28,553 - crawler - INFO - Worker 1: Completed route Đồ thể thao, Dã ngoại in Đông Nam Bộ in 2.77s
2026-04-07 10:41:28,553 - queue_manager - INFO - Scheduled next crawl for Đồ thể thao, Dã ngoại in Đông Nam Bộ after 1800.0s
2026-04-07 10:41:29,907 - crawler - INFO - Worker 4: Completed route Đồ thể thao, Dã ngoại in Hải Phòng Nam Định Thái Bình in 2.71s
2026-04-07 10:41:29,907 - queue_manager - INFO - Scheduled next crawl for Đồ thể thao, Dã ngoại in Hải Phòng Nam Định Thái Bình after 1800.0s
2026-04-07 10:41:30,199 - crawler - INFO - Worker 2: Processing Đồ thể thao, Dã ngoại in Quảng Nam Đà Nẵng (page=0, priority=0)
2026-04-07 10:41:30,337 - crawler - INFO - Worker 0: Processing Đồ thể thao, Dã ngoại in Cần Thơ - Tây Nam Bộ (page=0, priority=0)
2026-04-07 10:41:30,347 - crawler - INFO - Worker 3: Processing Đồ thể thao, Dã ngoại in Bình Trị Thừa Thiên Huế (page=0, priority=0)
2026-04-07 10:41:31,553 - crawler - INFO - Worker 1: Processing Đồ thể thao, Dã ngoại in Nam Trung Bộ (page=0, priority=0)
2026-04-07 10:41:32,849 - crawler - INFO - Worker 3: Completed route Đồ thể thao, Dã ngoại in Bình Trị Thừa Thiên Huế in 2.50s
2026-04-07 10:41:32,849 - queue_manager - INFO - Scheduled next crawl for Đồ thể thao, Dã ngoại in Bình Trị Thừa Thiên Huế after 1800.0s
2026-04-07 10:41:32,908 - crawler - INFO - Worker 4: Processing Đồ thể thao, Dã ngoại in Thanh Nghệ Tĩnh (page=0, priority=0)
2026-04-07 10:41:33,040 - crawler - INFO - Worker 2: Completed route Đồ thể thao, Dã ngoại in Quảng Nam Đà Nẵng in 2.84s
2026-04-07 10:41:33,041 - queue_manager - INFO - Scheduled next crawl for Đồ thể thao, Dã ngoại in Quảng Nam Đà Nẵng after 1800.0s
2026-04-07 10:41:33,097 - crawler - INFO - Worker 0: Completed route Đồ thể thao, Dã ngoại in Cần Thơ - Tây Nam Bộ in 2.76s
2026-04-07 10:41:33,098 - queue_manager - INFO - Scheduled next crawl for Đồ thể thao, Dã ngoại in Cần Thơ - Tây Nam Bộ after 1800.0s
2026-04-07 10:41:34,775 - crawler - INFO - Worker 1: Completed route Đồ thể thao, Dã ngoại in Nam Trung Bộ in 3.22s
2026-04-07 10:41:34,776 - queue_manager - INFO - Scheduled next crawl for Đồ thể thao, Dã ngoại in Nam Trung Bộ after 1800.0s
2026-04-07 10:41:35,515 - crawler - INFO - Worker 4: Completed route Đồ thể thao, Dã ngoại in Thanh Nghệ Tĩnh in 2.61s
2026-04-07 10:41:35,516 - queue_manager - INFO - Scheduled next crawl for Đồ thể thao, Dã ngoại in Thanh Nghệ Tĩnh after 1800.0s
2026-04-07 10:41:35,849 - crawler - INFO - Worker 3: Processing Điện thoại in Tp Hồ Chí Minh (page=0, priority=250)
2026-04-07 10:41:36,040 - crawler - INFO - Worker 2: Processing Đồ thể thao, Dã ngoại in Tây Nguyên (page=0, priority=0)
2026-04-07 10:41:36,098 - crawler - INFO - Worker 0: Processing Đồ thể thao, Dã ngoại in Tây Bắc Bộ (page=0, priority=0)
2026-04-07 10:41:36,226 - database - INFO - Saved 1 new crawled item IDs
2026-04-07 10:41:37,776 - crawler - INFO - Worker 1: Processing Đồ thể thao, Dã ngoại in Đông Bắc Bộ (page=0, priority=0)
2026-04-07 10:41:38,433 - crawler - INFO - Worker 0: Completed route Đồ thể thao, Dã ngoại in Tây Bắc Bộ in 2.33s
2026-04-07 10:41:38,433 - queue_manager - INFO - Scheduled next crawl for Đồ thể thao, Dã ngoại in Tây Bắc Bộ after 1800.0s
2026-04-07 10:41:38,516 - crawler - INFO - Worker 4: Processing Mẹ và bé in Các tỉnh lân cận Hà Nội (page=0, priority=0)
2026-04-07 10:41:38,645 - crawler - INFO - Worker 3: Completed route Điện thoại in Tp Hồ Chí Minh in 2.80s
2026-04-07 10:41:38,645 - queue_manager - INFO - Scheduled next crawl for Điện thoại in Tp Hồ Chí Minh after 63.0s
2026-04-07 10:41:38,788 - crawler - INFO - Worker 2: Completed route Đồ thể thao, Dã ngoại in Tây Nguyên in 2.75s
2026-04-07 10:41:38,788 - queue_manager - INFO - Scheduled next crawl for Đồ thể thao, Dã ngoại in Tây Nguyên after 1800.0s
2026-04-07 10:41:40,492 - crawler - INFO - Worker 1: Completed route Đồ thể thao, Dã ngoại in Đông Bắc Bộ in 2.72s
2026-04-07 10:41:40,493 - queue_manager - INFO - Scheduled next crawl for Đồ thể thao, Dã ngoại in Đông Bắc Bộ after 1800.0s
2026-04-07 10:41:41,085 - crawler - INFO - Worker 4: Completed route Mẹ và bé in Các tỉnh lân cận Hà Nội in 2.57s
2026-04-07 10:41:41,086 - queue_manager - INFO - Scheduled next crawl for Mẹ và bé in Các tỉnh lân cận Hà Nội after 1800.0s
2026-04-07 10:41:41,434 - crawler - INFO - Worker 0: Processing Mẹ và bé in Hải Phòng Nam Định Thái Bình (page=0, priority=0)
2026-04-07 10:41:41,646 - crawler - INFO - Worker 3: Processing Mẹ và bé in Đông Nam Bộ (page=0, priority=0)
2026-04-07 10:41:41,789 - crawler - INFO - Worker 2: Processing Mẹ và bé in Cần Thơ - Tây Nam Bộ (page=0, priority=0)
2026-04-07 10:41:43,492 - crawler - INFO - Worker 1: Processing Mẹ và bé in Bình Trị Thừa Thiên Huế (page=0, priority=0)
2026-04-07 10:41:43,964 - crawler - INFO - Worker 0: Completed route Mẹ và bé in Hải Phòng Nam Định Thái Bình in 2.53s
2026-04-07 10:41:43,964 - queue_manager - INFO - Scheduled next crawl for Mẹ và bé in Hải Phòng Nam Định Thái Bình after 1800.0s
2026-04-07 10:41:44,233 - crawler - INFO - Worker 4: Processing Mẹ và bé in Thanh Nghệ Tĩnh (page=0, priority=0)
2026-04-07 10:41:44,285 - crawler - INFO - Worker 3: Completed route Mẹ và bé in Đông Nam Bộ in 2.64s
2026-04-07 10:41:44,285 - queue_manager - INFO - Scheduled next crawl for Mẹ và bé in Đông Nam Bộ after 1800.0s
2026-04-07 10:41:44,451 - crawler - INFO - Worker 2: Completed route Mẹ và bé in Cần Thơ - Tây Nam Bộ in 2.66s
2026-04-07 10:41:44,451 - queue_manager - INFO - Scheduled next crawl for Mẹ và bé in Cần Thơ - Tây Nam Bộ after 1800.0s
2026-04-07 10:41:45,897 - crawler - INFO - Worker 1: Completed route Mẹ và bé in Bình Trị Thừa Thiên Huế in 2.41s
2026-04-07 10:41:45,897 - queue_manager - INFO - Scheduled next crawl for Mẹ và bé in Bình Trị Thừa Thiên Huế after 1800.0s
2026-04-07 10:41:46,621 - crawler - INFO - Worker 4: Completed route Mẹ và bé in Thanh Nghệ Tĩnh in 2.39s
2026-04-07 10:41:46,622 - queue_manager - INFO - Scheduled next crawl for Mẹ và bé in Thanh Nghệ Tĩnh after 1800.0s
2026-04-07 10:41:46,964 - crawler - INFO - Worker 0: Processing Mẹ và bé in Nam Trung Bộ (page=0, priority=0)
2026-04-07 10:41:47,285 - crawler - INFO - Worker 3: Processing Mẹ và bé in Tây Nguyên (page=0, priority=0)
2026-04-07 10:41:47,452 - crawler - INFO - Worker 2: Processing Mẹ và bé in Đông Bắc Bộ (page=0, priority=0)
2026-04-07 10:41:48,898 - crawler - INFO - Worker 1: Processing Mẹ và bé in Tây Bắc Bộ (page=0, priority=0)
2026-04-07 10:41:49,051 - crawler - INFO - Worker 1: Completed route Mẹ và bé in Tây Bắc Bộ in 0.15s
2026-04-07 10:41:49,052 - queue_manager - INFO - Scheduled next crawl for Mẹ và bé in Tây Bắc Bộ after 1800.0s
2026-04-07 10:41:49,641 - crawler - INFO - Worker 0: Completed route Mẹ và bé in Nam Trung Bộ in 2.68s
2026-04-07 10:41:49,641 - queue_manager - INFO - Scheduled next crawl for Mẹ và bé in Nam Trung Bộ after 1800.0s
2026-04-07 10:41:49,801 - crawler - INFO - Worker 2: Completed route Mẹ và bé in Đông Bắc Bộ in 2.35s
2026-04-07 10:41:49,801 - queue_manager - INFO - Scheduled next crawl for Mẹ và bé in Đông Bắc Bộ after 1800.0s
2026-04-07 10:41:49,876 - crawler - INFO - Worker 3: Completed route Mẹ và bé in Tây Nguyên in 2.59s
2026-04-07 10:41:49,876 - queue_manager - INFO - Scheduled next crawl for Mẹ và bé in Tây Nguyên after 1800.0s
2026-04-07 10:41:51,255 - crawler - INFO - Worker 4: Processing Mẹ và bé in Hà Nội (page=0, priority=0)
2026-04-07 10:41:52,052 - crawler - INFO - Worker 1: Processing Thiết bị chơi game in Các tỉnh lân cận Hà Nội (page=0, priority=0)
2026-04-07 10:41:52,642 - crawler - INFO - Worker 0: Processing Thiết bị chơi game in Đông Nam Bộ (page=0, priority=0)
2026-04-07 10:41:53,386 - crawler - INFO - Worker 2: Processing Thiết bị chơi game in Quảng Nam Đà Nẵng (page=0, priority=0)
2026-04-07 10:41:54,140 - crawler - INFO - Worker 4: Completed route Mẹ và bé in Hà Nội in 2.88s
2026-04-07 10:41:54,140 - queue_manager - INFO - Scheduled next crawl for Mẹ và bé in Hà Nội after 1800.0s
2026-04-07 10:41:54,655 - crawler - INFO - Worker 1: Completed route Thiết bị chơi game in Các tỉnh lân cận Hà Nội in 2.60s
2026-04-07 10:41:54,656 - queue_manager - INFO - Scheduled next crawl for Thiết bị chơi game in Các tỉnh lân cận Hà Nội after 1800.0s
2026-04-07 10:41:55,582 - crawler - INFO - Worker 0: Completed route Thiết bị chơi game in Đông Nam Bộ in 2.94s
2026-04-07 10:41:55,582 - queue_manager - INFO - Scheduled next crawl for Thiết bị chơi game in Đông Nam Bộ after 1800.0s
2026-04-07 10:41:56,040 - crawler - INFO - Worker 3: Processing Thiết bị chơi game in Hải Phòng Nam Định Thái Bình (page=0, priority=0)
2026-04-07 10:41:56,047 - crawler - INFO - Worker 2: Completed route Thiết bị chơi game in Quảng Nam Đà Nẵng in 2.66s
2026-04-07 10:41:56,047 - queue_manager - INFO - Scheduled next crawl for Thiết bị chơi game in Quảng Nam Đà Nẵng after 1800.0s
2026-04-07 10:41:57,140 - crawler - INFO - Worker 4: Processing Thiết bị chơi game in Cần Thơ - Tây Nam Bộ (page=0, priority=0)
2026-04-07 10:41:57,656 - crawler - INFO - Worker 1: Processing Thiết bị chơi game in Bình Trị Thừa Thiên Huế (page=0, priority=0)
2026-04-07 10:41:58,583 - crawler - INFO - Worker 0: Processing Thiết bị chơi game in Nam Trung Bộ (page=0, priority=0)
2026-04-07 10:41:58,669 - crawler - INFO - Worker 3: Completed route Thiết bị chơi game in Hải Phòng Nam Định Thái Bình in 2.63s
2026-04-07 10:41:58,669 - queue_manager - INFO - Scheduled next crawl for Thiết bị chơi game in Hải Phòng Nam Định Thái Bình after 1800.0s
2026-04-07 10:41:59,047 - crawler - INFO - Worker 2: Processing Thiết bị chơi game in Thanh Nghệ Tĩnh (page=0, priority=0)
2026-04-07 10:41:59,881 - crawler - INFO - Worker 4: Completed route Thiết bị chơi game in Cần Thơ - Tây Nam Bộ in 2.74s
2026-04-07 10:41:59,882 - queue_manager - INFO - Scheduled next crawl for Thiết bị chơi game in Cần Thơ - Tây Nam Bộ after 1800.0s
2026-04-07 10:42:00,185 - crawler - INFO - Worker 1: Completed route Thiết bị chơi game in Bình Trị Thừa Thiên Huế in 2.53s
2026-04-07 10:42:00,186 - queue_manager - INFO - Scheduled next crawl for Thiết bị chơi game in Bình Trị Thừa Thiên Huế after 1800.0s
2026-04-07 10:42:01,313 - crawler - INFO - Worker 0: Completed route Thiết bị chơi game in Nam Trung Bộ in 2.73s
2026-04-07 10:42:01,314 - queue_manager - INFO - Scheduled next crawl for Thiết bị chơi game in Nam Trung Bộ after 1800.0s
2026-04-07 10:42:01,516 - crawler - INFO - Worker 2: Completed route Thiết bị chơi game in Thanh Nghệ Tĩnh in 2.47s
2026-04-07 10:42:01,516 - queue_manager - INFO - Scheduled next crawl for Thiết bị chơi game in Thanh Nghệ Tĩnh after 1800.0s
2026-04-07 10:42:01,669 - crawler - INFO - Worker 3: Processing Thiết bị chơi game in Tây Nguyên (page=0, priority=0)
2026-04-07 10:42:02,881 - crawler - INFO - Worker 4: Processing Thiết bị chơi game in Tây Bắc Bộ (page=0, priority=0)
2026-04-07 10:42:03,186 - crawler - INFO - Worker 1: Processing Thiết bị chơi game in Đông Bắc Bộ (page=0, priority=0)
2026-04-07 10:42:04,200 - crawler - INFO - Worker 3: Completed route Thiết bị chơi game in Tây Nguyên in 2.53s
2026-04-07 10:42:04,200 - queue_manager - INFO - Scheduled next crawl for Thiết bị chơi game in Tây Nguyên after 1800.0s
2026-04-07 10:42:04,314 - crawler - INFO - Worker 0: Processing Thiết bị chơi game in Hà Nội (page=0, priority=0)
2026-04-07 10:42:04,660 - crawler - INFO - Worker 2: Processing Mẹ và bé in Tp Hồ Chí Minh (page=0, priority=205)
2026-04-07 10:42:05,003 - database - INFO - Saved 1 new crawled item IDs
2026-04-07 10:42:05,324 - crawler - INFO - Worker 4: Completed route Thiết bị chơi game in Tây Bắc Bộ in 2.44s
2026-04-07 10:42:05,325 - queue_manager - INFO - Scheduled next crawl for Thiết bị chơi game in Tây Bắc Bộ after 1800.0s
2026-04-07 10:42:05,661 - crawler - INFO - Worker 1: Completed route Thiết bị chơi game in Đông Bắc Bộ in 2.48s
2026-04-07 10:42:05,662 - queue_manager - INFO - Scheduled next crawl for Thiết bị chơi game in Đông Bắc Bộ after 1800.0s
2026-04-07 10:42:06,248 - database - INFO - Đã lọc bỏ 1 items lừa đảo/rác trong mẻ này.
2026-04-07 10:42:06,248 - database - INFO - No items passed the filtering criteria and scam check
2026-04-07 10:42:07,052 - crawler - INFO - Worker 0: Completed route Thiết bị chơi game in Hà Nội in 2.74s
2026-04-07 10:42:07,052 - queue_manager - INFO - Scheduled next crawl for Thiết bị chơi game in Hà Nội after 1800.0s
2026-04-07 10:42:07,201 - crawler - INFO - Worker 3: Processing Điện thoại in Thanh Nghệ Tĩnh (page=0, priority=0)
2026-04-07 10:42:08,325 - crawler - INFO - Worker 4: Processing Điện thoại in Tây Bắc Bộ (page=0, priority=0)
2026-04-07 10:42:08,593 - crawler - INFO - Worker 2: Completed route Mẹ và bé in Tp Hồ Chí Minh in 3.93s
2026-04-07 10:42:08,594 - queue_manager - INFO - Scheduled next crawl for Mẹ và bé in Tp Hồ Chí Minh after 373.0s
2026-04-07 10:42:08,662 - crawler - INFO - Worker 1: Processing Điện thoại in Đông Bắc Bộ (page=0, priority=0)
2026-04-07 10:42:10,053 - crawler - INFO - Worker 0: Processing Đồng hồ in Các tỉnh lân cận Hà Nội (page=0, priority=0)
2026-04-07 10:42:10,109 - crawler - INFO - Worker 3: Completed route Điện thoại in Thanh Nghệ Tĩnh in 2.91s
2026-04-07 10:42:10,109 - queue_manager - INFO - Scheduled next crawl for Điện thoại in Thanh Nghệ Tĩnh after 1800.0s
2026-04-07 10:42:10,785 - crawler - INFO - Worker 4: Completed route Điện thoại in Tây Bắc Bộ in 2.46s
2026-04-07 10:42:10,785 - queue_manager - INFO - Scheduled next crawl for Điện thoại in Tây Bắc Bộ after 1800.0s
2026-04-07 10:42:11,593 - crawler - INFO - Worker 2: Processing Đồng hồ in Đông Nam Bộ (page=0, priority=0)
2026-04-07 10:42:11,703 - crawler - INFO - Worker 1: Completed route Điện thoại in Đông Bắc Bộ in 3.04s
2026-04-07 10:42:11,704 - queue_manager - INFO - Scheduled next crawl for Điện thoại in Đông Bắc Bộ after 1800.0s
2026-04-07 10:42:12,091 - database - INFO - Saved 2 new crawled item IDs
2026-04-07 10:42:12,886 - crawler - INFO - Worker 0: Completed route Đồng hồ in Các tỉnh lân cận Hà Nội in 2.83s
2026-04-07 10:42:12,886 - queue_manager - INFO - Scheduled next crawl for Đồng hồ in Các tỉnh lân cận Hà Nội after 1800.0s
2026-04-07 10:42:13,108 - crawler - INFO - Worker 3: Processing Đồng hồ in Quảng Nam Đà Nẵng (page=0, priority=0)
2026-04-07 10:42:14,524 - crawler - INFO - Worker 2: Completed route Đồng hồ in Đông Nam Bộ in 2.93s
2026-04-07 10:42:14,525 - queue_manager - INFO - Scheduled next crawl for Đồng hồ in Đông Nam Bộ after 1800.0s
2026-04-07 10:42:14,985 - crawler - INFO - Worker 4: Processing Đồng hồ in Hải Phòng Nam Định Thái Bình (page=0, priority=0)
2026-04-07 10:42:15,894 - crawler - INFO - Worker 1: Processing Đồng hồ in Cần Thơ - Tây Nam Bộ (page=0, priority=0)
2026-04-07 10:42:15,895 - crawler - INFO - Worker 0: Processing Đồng hồ in Bình Trị Thừa Thiên Huế (page=0, priority=0)
2026-04-07 10:42:15,951 - crawler - INFO - Worker 3: Completed route Đồng hồ in Quảng Nam Đà Nẵng in 2.84s
2026-04-07 10:42:15,951 - queue_manager - INFO - Scheduled next crawl for Đồng hồ in Quảng Nam Đà Nẵng after 1800.0s
2026-04-07 10:42:17,525 - crawler - INFO - Worker 2: Processing Đồng hồ in Nam Trung Bộ (page=0, priority=0)
2026-04-07 10:42:17,651 - crawler - INFO - Worker 4: Completed route Đồng hồ in Hải Phòng Nam Định Thái Bình in 2.67s
2026-04-07 10:42:17,651 - queue_manager - INFO - Scheduled next crawl for Đồng hồ in Hải Phòng Nam Định Thái Bình after 1800.0s
2026-04-07 10:42:18,621 - crawler - INFO - Worker 1: Completed route Đồng hồ in Cần Thơ - Tây Nam Bộ in 2.73s
2026-04-07 10:42:18,621 - queue_manager - INFO - Scheduled next crawl for Đồng hồ in Cần Thơ - Tây Nam Bộ after 1800.0s
2026-04-07 10:42:18,898 - crawler - INFO - Worker 0: Completed route Đồng hồ in Bình Trị Thừa Thiên Huế in 3.00s
2026-04-07 10:42:18,898 - queue_manager - INFO - Scheduled next crawl for Đồng hồ in Bình Trị Thừa Thiên Huế after 1800.0s
2026-04-07 10:42:18,952 - crawler - INFO - Worker 3: Processing Đồng hồ in Thanh Nghệ Tĩnh (page=0, priority=0)
2026-04-07 10:42:21,172 - crawler - INFO - Worker 2: Completed route Đồng hồ in Nam Trung Bộ in 3.65s
2026-04-07 10:42:21,172 - queue_manager - INFO - Scheduled next crawl for Đồng hồ in Nam Trung Bộ after 1800.0s
2026-04-07 10:42:21,472 - crawler - INFO - Worker 4: Processing Đồng hồ in Đông Bắc Bộ (page=0, priority=0)
2026-04-07 10:42:21,698 - crawler - INFO - Worker 3: Completed route Đồng hồ in Thanh Nghệ Tĩnh in 2.75s
2026-04-07 10:42:21,698 - queue_manager - INFO - Scheduled next crawl for Đồng hồ in Thanh Nghệ Tĩnh after 1800.0s
2026-04-07 10:42:21,847 - crawler - INFO - Worker 1: Processing Đồng hồ in Tây Bắc Bộ (page=0, priority=0)
2026-04-07 10:42:22,697 - crawler - INFO - Worker 0: Processing Đồng hồ in Tây Nguyên (page=0, priority=0)
2026-04-07 10:42:24,039 - crawler - INFO - Worker 4: Completed route Đồng hồ in Đông Bắc Bộ in 2.57s
2026-04-07 10:42:24,050 - queue_manager - INFO - Scheduled next crawl for Đồng hồ in Đông Bắc Bộ after 1800.0s
2026-04-07 10:42:24,133 - crawler - INFO - Worker 1: Completed route Đồng hồ in Tây Bắc Bộ in 2.29s
2026-04-07 10:42:24,133 - queue_manager - INFO - Scheduled next crawl for Đồng hồ in Tây Bắc Bộ after 1800.0s
2026-04-07 10:42:25,481 - crawler - INFO - Worker 0: Completed route Đồng hồ in Tây Nguyên in 2.78s
2026-04-07 10:42:25,481 - queue_manager - INFO - Scheduled next crawl for Đồng hồ in Tây Nguyên after 1800.0s
2026-04-07 10:42:27,280 - crawler - INFO - Worker 2: Processing Laptop in Các tỉnh lân cận Hà Nội (page=0, priority=0)
2026-04-07 10:42:27,528 - crawler - INFO - Worker 3: Processing Laptop in Đông Nam Bộ (page=0, priority=0)
2026-04-07 10:42:28,057 - database - INFO - Saved 1 new crawled item IDs
2026-04-07 10:42:28,369 - crawler - INFO - Worker 4: Processing Đồng hồ in Tp Hồ Chí Minh (page=0, priority=0)
2026-04-07 10:42:28,779 - database - INFO - Saved 4 new crawled item IDs
2026-04-07 10:42:29,442 - crawler - INFO - Worker 1: Processing Laptop in Quảng Nam Đà Nẵng (page=0, priority=0)
2026-04-07 10:42:30,132 - crawler - INFO - Worker 2: Completed route Laptop in Các tỉnh lân cận Hà Nội in 2.85s
2026-04-07 10:42:30,133 - queue_manager - INFO - Scheduled next crawl for Laptop in Các tỉnh lân cận Hà Nội after 1800.0s
2026-04-07 10:42:30,498 - crawler - INFO - Worker 3: Completed route Laptop in Đông Nam Bộ in 2.97s
2026-04-07 10:42:30,499 - queue_manager - INFO - Scheduled next crawl for Laptop in Đông Nam Bộ after 1800.0s
2026-04-07 10:42:31,425 - crawler - INFO - Worker 4: Completed route Đồng hồ in Tp Hồ Chí Minh in 3.06s
2026-04-07 10:42:31,426 - queue_manager - INFO - Scheduled next crawl for Đồng hồ in Tp Hồ Chí Minh after 1800.0s
2026-04-07 10:42:32,110 - crawler - INFO - Worker 1: Completed route Laptop in Quảng Nam Đà Nẵng in 2.67s
2026-04-07 10:42:32,111 - queue_manager - INFO - Scheduled next crawl for Laptop in Quảng Nam Đà Nẵng after 1800.0s
2026-04-07 10:42:32,450 - crawler - INFO - Worker 0: Processing Laptop in Hải Phòng Nam Định Thái Bình (page=0, priority=0)
2026-04-07 10:42:33,133 - crawler - INFO - Worker 2: Processing Laptop in Cần Thơ - Tây Nam Bộ (page=0, priority=0)
2026-04-07 10:42:33,724 - crawler - INFO - Worker 3: Processing Laptop in Bình Trị Thừa Thiên Huế (page=0, priority=0)
2026-04-07 10:42:34,425 - crawler - INFO - Worker 4: Processing Laptop in Nam Trung Bộ (page=0, priority=0)
2026-04-07 10:42:35,154 - crawler - INFO - Worker 0: Completed route Laptop in Hải Phòng Nam Định Thái Bình in 2.70s
2026-04-07 10:42:35,154 - queue_manager - INFO - Scheduled next crawl for Laptop in Hải Phòng Nam Định Thái Bình after 1800.0s
2026-04-07 10:42:35,237 - crawler - INFO - Worker 1: Processing Laptop in Thanh Nghệ Tĩnh (page=0, priority=0)
2026-04-07 10:42:36,044 - crawler - INFO - Worker 2: Completed route Laptop in Cần Thơ - Tây Nam Bộ in 2.91s
2026-04-07 10:42:36,045 - queue_manager - INFO - Scheduled next crawl for Laptop in Cần Thơ - Tây Nam Bộ after 1800.0s
2026-04-07 10:42:36,546 - crawler - INFO - Worker 3: Completed route Laptop in Bình Trị Thừa Thiên Huế in 2.82s
2026-04-07 10:42:36,546 - queue_manager - INFO - Scheduled next crawl for Laptop in Bình Trị Thừa Thiên Huế after 1800.0s
2026-04-07 10:42:37,183 - crawler - INFO - Worker 4: Completed route Laptop in Nam Trung Bộ in 2.76s
2026-04-07 10:42:37,184 - queue_manager - INFO - Scheduled next crawl for Laptop in Nam Trung Bộ after 1800.0s
2026-04-07 10:42:38,002 - crawler - INFO - Worker 1: Completed route Laptop in Thanh Nghệ Tĩnh in 2.76s
2026-04-07 10:42:38,002 - queue_manager - INFO - Scheduled next crawl for Laptop in Thanh Nghệ Tĩnh after 1800.0s
2026-04-07 10:42:38,155 - crawler - INFO - Worker 0: Processing Điện thoại in Hà Nội (page=0, priority=238)
2026-04-07 10:42:39,044 - crawler - INFO - Worker 2: Processing Laptop in Tây Nguyên (page=0, priority=0)
2026-04-07 10:42:39,546 - crawler - INFO - Worker 3: Processing Laptop in Đông Bắc Bộ (page=0, priority=0)
2026-04-07 10:42:40,184 - crawler - INFO - Worker 4: Processing Laptop in Tây Bắc Bộ (page=0, priority=0)
2026-04-07 10:42:40,872 - crawler - INFO - Worker 0: Completed route Điện thoại in Hà Nội in 2.72s
2026-04-07 10:42:40,872 - queue_manager - INFO - Scheduled next crawl for Điện thoại in Hà Nội after 144.1s
2026-04-07 10:42:41,002 - crawler - INFO - Worker 1: Processing Laptop in Hà Nội (page=0, priority=0)
2026-04-07 10:42:41,354 - database - INFO - Saved 3 new crawled item IDs
2026-04-07 10:42:41,793 - crawler - INFO - Worker 2: Completed route Laptop in Tây Nguyên in 2.75s
2026-04-07 10:42:41,794 - queue_manager - INFO - Scheduled next crawl for Laptop in Tây Nguyên after 1800.0s
2026-04-07 10:42:42,272 - crawler - INFO - Worker 3: Completed route Laptop in Đông Bắc Bộ in 2.73s
2026-04-07 10:42:42,272 - queue_manager - INFO - Scheduled next crawl for Laptop in Đông Bắc Bộ after 1800.0s
2026-04-07 10:42:42,506 - database - INFO - Saved 1 new items to database
2026-04-07 10:42:42,529 - crawler - INFO - Worker 4: Completed route Laptop in Tây Bắc Bộ in 2.34s
2026-04-07 10:42:42,529 - queue_manager - INFO - Scheduled next crawl for Laptop in Tây Bắc Bộ after 1800.0s
2026-04-07 10:42:43,873 - crawler - INFO - Worker 0: Processing Điện thoại in Tp Hồ Chí Minh (page=0, priority=250)
2026-04-07 10:42:44,288 - database - INFO - Saved 3 new crawled item IDs
2026-04-07 10:42:44,794 - crawler - INFO - Worker 2: Processing Máy ảnh, Máy quay in Đông Nam Bộ (page=0, priority=0)
2026-04-07 10:42:44,881 - crawler - INFO - Worker 1: Completed route Laptop in Hà Nội in 3.88s
2026-04-07 10:42:44,881 - queue_manager - INFO - Scheduled next crawl for Laptop in Hà Nội after 1800.0s
2026-04-07 10:42:45,272 - crawler - INFO - Worker 3: Processing Máy ảnh, Máy quay in Các tỉnh lân cận Hà Nội (page=0, priority=0)
2026-04-07 10:42:45,324 - database - INFO - Saved 1 new items to database
2026-04-07 10:42:46,222 - crawler - INFO - Worker 4: Processing Máy ảnh, Máy quay in Quảng Nam Đà Nẵng (page=0, priority=0)
2026-04-07 10:42:47,598 - crawler - INFO - Worker 2: Completed route Máy ảnh, Máy quay in Đông Nam Bộ in 2.80s
2026-04-07 10:42:47,599 - queue_manager - INFO - Scheduled next crawl for Máy ảnh, Máy quay in Đông Nam Bộ after 1800.0s
2026-04-07 10:42:47,709 - crawler - INFO - Worker 0: Completed route Điện thoại in Tp Hồ Chí Minh in 3.84s
2026-04-07 10:42:47,709 - queue_manager - INFO - Scheduled next crawl for Điện thoại in Tp Hồ Chí Minh after 63.0s
2026-04-07 10:42:47,880 - crawler - INFO - Worker 1: Processing Laptop in Tp Hồ Chí Minh (page=0, priority=0)
2026-04-07 10:42:48,213 - crawler - INFO - Worker 3: Completed route Máy ảnh, Máy quay in Các tỉnh lân cận Hà Nội in 2.94s
2026-04-07 10:42:48,213 - queue_manager - INFO - Scheduled next crawl for Máy ảnh, Máy quay in Các tỉnh lân cận Hà Nội after 1800.0s
2026-04-07 10:42:48,235 - database - INFO - Saved 6 new crawled item IDs
2026-04-07 10:42:49,340 - crawler - INFO - Worker 4: Completed route Máy ảnh, Máy quay in Quảng Nam Đà Nẵng in 3.12s
2026-04-07 10:42:49,340 - queue_manager - INFO - Scheduled next crawl for Máy ảnh, Máy quay in Quảng Nam Đà Nẵng after 1800.0s
2026-04-07 10:42:50,599 - crawler - INFO - Worker 2: Processing Máy ảnh, Máy quay in Hải Phòng Nam Định Thái Bình (page=0, priority=0)
2026-04-07 10:42:50,657 - crawler - INFO - Worker 1: Completed route Laptop in Tp Hồ Chí Minh in 2.78s
2026-04-07 10:42:50,657 - queue_manager - INFO - Scheduled next crawl for Laptop in Tp Hồ Chí Minh after 1800.0s
2026-04-07 10:42:50,709 - crawler - INFO - Worker 0: Processing Máy ảnh, Máy quay in Bình Trị Thừa Thiên Huế (page=0, priority=0)
2026-04-07 10:42:51,344 - crawler - INFO - Worker 3: Processing Máy ảnh, Máy quay in Cần Thơ - Tây Nam Bộ (page=0, priority=0)
2026-04-07 10:42:52,341 - crawler - INFO - Worker 4: Processing Máy ảnh, Máy quay in Thanh Nghệ Tĩnh (page=0, priority=0)
2026-04-07 10:42:52,728 - database - INFO - Saved 1 new crawled item IDs
2026-04-07 10:42:53,547 - crawler - INFO - Worker 2: Completed route Máy ảnh, Máy quay in Hải Phòng Nam Định Thái Bình in 2.95s
2026-04-07 10:42:53,547 - queue_manager - INFO - Scheduled next crawl for Máy ảnh, Máy quay in Hải Phòng Nam Định Thái Bình after 1800.0s
2026-04-07 10:42:53,657 - crawler - INFO - Worker 1: Processing Máy ảnh, Máy quay in Nam Trung Bộ (page=0, priority=0)
2026-04-07 10:42:53,704 - crawler - INFO - Worker 0: Completed route Máy ảnh, Máy quay in Bình Trị Thừa Thiên Huế in 2.99s
2026-04-07 10:42:53,704 - queue_manager - INFO - Scheduled next crawl for Máy ảnh, Máy quay in Bình Trị Thừa Thiên Huế after 1800.0s
2026-04-07 10:42:54,049 - crawler - INFO - Worker 3: Completed route Máy ảnh, Máy quay in Cần Thơ - Tây Nam Bộ in 2.71s
2026-04-07 10:42:54,049 - queue_manager - INFO - Scheduled next crawl for Máy ảnh, Máy quay in Cần Thơ - Tây Nam Bộ after 1800.0s
2026-04-07 10:42:55,083 - crawler - INFO - Worker 4: Completed route Máy ảnh, Máy quay in Thanh Nghệ Tĩnh in 2.74s
2026-04-07 10:42:55,083 - queue_manager - INFO - Scheduled next crawl for Máy ảnh, Máy quay in Thanh Nghệ Tĩnh after 1800.0s
2026-04-07 10:42:56,506 - crawler - INFO - Worker 1: Completed route Máy ảnh, Máy quay in Nam Trung Bộ in 2.85s
2026-04-07 10:42:56,507 - queue_manager - INFO - Scheduled next crawl for Máy ảnh, Máy quay in Nam Trung Bộ after 1800.0s
2026-04-07 10:42:56,547 - crawler - INFO - Worker 2: Processing Phụ kiện thời trang khác in Tp Hồ Chí Minh (page=0, priority=245)
2026-04-07 10:42:56,704 - crawler - INFO - Worker 0: Processing Máy ảnh, Máy quay in Tây Nguyên (page=0, priority=0)
2026-04-07 10:42:57,050 - crawler - INFO - Worker 3: Processing Máy ảnh, Máy quay in Đông Bắc Bộ (page=0, priority=0)
2026-04-07 10:42:58,084 - crawler - INFO - Worker 4: Processing Máy ảnh, Máy quay in Tây Bắc Bộ (page=0, priority=0)
2026-04-07 10:42:59,366 - crawler - INFO - Worker 2: Completed route Phụ kiện thời trang khác in Tp Hồ Chí Minh in 2.82s
2026-04-07 10:42:59,367 - queue_manager - INFO - Scheduled next crawl for Phụ kiện thời trang khác in Tp Hồ Chí Minh after 98.5s
2026-04-07 10:42:59,541 - crawler - INFO - Worker 0: Completed route Máy ảnh, Máy quay in Tây Nguyên in 2.84s
2026-04-07 10:42:59,541 - queue_manager - INFO - Scheduled next crawl for Máy ảnh, Máy quay in Tây Nguyên after 1800.0s
2026-04-07 10:42:59,577 - crawler - INFO - Worker 3: Completed route Máy ảnh, Máy quay in Đông Bắc Bộ in 2.53s
2026-04-07 10:42:59,577 - queue_manager - INFO - Scheduled next crawl for Máy ảnh, Máy quay in Đông Bắc Bộ after 1800.0s
2026-04-07 10:42:59,915 - crawler - INFO - Worker 1: Processing Máy ảnh, Máy quay in Hà Nội (page=0, priority=0)
2026-04-07 10:43:00,490 - crawler - INFO - Worker 4: Completed route Máy ảnh, Máy quay in Tây Bắc Bộ in 2.41s
2026-04-07 10:43:00,491 - queue_manager - INFO - Scheduled next crawl for Máy ảnh, Máy quay in Tây Bắc Bộ after 1800.0s
2026-04-07 10:43:02,799 - crawler - INFO - Worker 1: Completed route Máy ảnh, Máy quay in Hà Nội in 2.88s
2026-04-07 10:43:02,800 - queue_manager - INFO - Scheduled next crawl for Máy ảnh, Máy quay in Hà Nội after 1800.0s
2026-04-07 10:43:03,307 - crawler - INFO - Worker 2: Processing Phụ kiện (Màn hình, Chuột...) in Các tỉnh lân cận Hà Nội (page=0, priority=0)
2026-04-07 10:43:03,811 - crawler - INFO - Worker 0: Processing Phụ kiện (Màn hình, Chuột...) in Đông Nam Bộ (page=0, priority=0)
2026-04-07 10:43:04,137 - crawler - INFO - Worker 3: Processing Máy ảnh, Máy quay in Tp Hồ Chí Minh (page=0, priority=0)
2026-04-07 10:43:04,201 - database - INFO - Saved 1 new crawled item IDs
2026-04-07 10:43:04,440 - crawler - INFO - Worker 4: Processing Phụ kiện (Màn hình, Chuột...) in Quảng Nam Đà Nẵng (page=0, priority=0)
2026-04-07 10:43:04,497 - database - INFO - Saved 5 new crawled item IDs
2026-04-07 10:43:05,719 - database - INFO - Đã lọc bỏ 1 items lừa đảo/rác trong mẻ này.
2026-04-07 10:43:05,719 - database - INFO - No items passed the filtering criteria and scam check
2026-04-07 10:43:06,265 - crawler - INFO - Worker 2: Completed route Phụ kiện (Màn hình, Chuột...) in Các tỉnh lân cận Hà Nội in 2.96s
2026-04-07 10:43:06,265 - queue_manager - INFO - Scheduled next crawl for Phụ kiện (Màn hình, Chuột...) in Các tỉnh lân cận Hà Nội after 1800.0s
2026-04-07 10:43:06,644 - crawler - INFO - Worker 0: Completed route Phụ kiện (Màn hình, Chuột...) in Đông Nam Bộ in 2.83s
2026-04-07 10:43:06,644 - queue_manager - INFO - Scheduled next crawl for Phụ kiện (Màn hình, Chuột...) in Đông Nam Bộ after 1800.0s
2026-04-07 10:43:07,463 - crawler - INFO - Worker 4: Completed route Phụ kiện (Màn hình, Chuột...) in Quảng Nam Đà Nẵng in 3.02s
2026-04-07 10:43:07,463 - queue_manager - INFO - Scheduled next crawl for Phụ kiện (Màn hình, Chuột...) in Quảng Nam Đà Nẵng after 1800.0s
2026-04-07 10:43:08,186 - crawler - INFO - Worker 3: Completed route Máy ảnh, Máy quay in Tp Hồ Chí Minh in 4.05s
2026-04-07 10:43:08,187 - queue_manager - INFO - Scheduled next crawl for Máy ảnh, Máy quay in Tp Hồ Chí Minh after 1800.0s
2026-04-07 10:43:10,100 - crawler - INFO - Worker 1: Processing Phụ kiện (Màn hình, Chuột...) in Nam Trung Bộ (page=0, priority=0)
2026-04-07 10:43:10,222 - crawler - INFO - Worker 2: Processing Phụ kiện (Màn hình, Chuột...) in Hải Phòng Nam Định Thái Bình (page=0, priority=0)
2026-04-07 10:43:10,515 - crawler - INFO - Worker 0: Processing Phụ kiện (Màn hình, Chuột...) in Cần Thơ - Tây Nam Bộ (page=0, priority=0)
2026-04-07 10:43:10,892 - crawler - INFO - Worker 4: Processing Phụ kiện (Màn hình, Chuột...) in Bình Trị Thừa Thiên Huế (page=0, priority=0)
2026-04-07 10:43:10,993 - database - INFO - Saved 1 new crawled item IDs
2026-04-07 10:43:12,856 - crawler - INFO - Worker 1: Completed route Phụ kiện (Màn hình, Chuột...) in Nam Trung Bộ in 2.76s
2026-04-07 10:43:12,856 - queue_manager - INFO - Scheduled next crawl for Phụ kiện (Màn hình, Chuột...) in Nam Trung Bộ after 1800.0s
2026-04-07 10:43:12,891 - crawler - INFO - Worker 2: Completed route Phụ kiện (Màn hình, Chuột...) in Hải Phòng Nam Định Thái Bình in 2.67s
2026-04-07 10:43:12,892 - queue_manager - INFO - Scheduled next crawl for Phụ kiện (Màn hình, Chuột...) in Hải Phòng Nam Định Thái Bình after 1800.0s
2026-04-07 10:43:13,615 - crawler - INFO - Worker 0: Completed route Phụ kiện (Màn hình, Chuột...) in Cần Thơ - Tây Nam Bộ in 3.10s
2026-04-07 10:43:13,615 - queue_manager - INFO - Scheduled next crawl for Phụ kiện (Màn hình, Chuột...) in Cần Thơ - Tây Nam Bộ after 1800.0s
2026-04-07 10:43:14,155 - crawler - INFO - Worker 4: Completed route Phụ kiện (Màn hình, Chuột...) in Bình Trị Thừa Thiên Huế in 3.26s
2026-04-07 10:43:14,155 - queue_manager - INFO - Scheduled next crawl for Phụ kiện (Màn hình, Chuột...) in Bình Trị Thừa Thiên Huế after 1800.0s
2026-04-07 10:43:15,911 - crawler - INFO - Worker 3: Processing Phụ kiện (Màn hình, Chuột...) in Tây Nguyên (page=0, priority=0)
2026-04-07 10:43:16,333 - crawler - INFO - Worker 1: Processing Phụ kiện (Màn hình, Chuột...) in Đông Bắc Bộ (page=0, priority=0)
2026-04-07 10:43:16,971 - crawler - INFO - Worker 2: Processing Phụ kiện (Màn hình, Chuột...) in Thanh Nghệ Tĩnh (page=0, priority=0)
2026-04-07 10:43:17,346 - crawler - INFO - Worker 0: Processing Phụ kiện (Màn hình, Chuột...) in Tây Bắc Bộ (page=0, priority=0)
2026-04-07 10:43:18,778 - crawler - INFO - Worker 3: Completed route Phụ kiện (Màn hình, Chuột...) in Tây Nguyên in 2.87s
2026-04-07 10:43:18,778 - queue_manager - INFO - Scheduled next crawl for Phụ kiện (Màn hình, Chuột...) in Tây Nguyên after 1800.0s
2026-04-07 10:43:19,033 - crawler - INFO - Worker 1: Completed route Phụ kiện (Màn hình, Chuột...) in Đông Bắc Bộ in 2.70s
2026-04-07 10:43:19,033 - queue_manager - INFO - Scheduled next crawl for Phụ kiện (Màn hình, Chuột...) in Đông Bắc Bộ after 1800.0s
2026-04-07 10:43:19,725 - crawler - INFO - Worker 2: Completed route Phụ kiện (Màn hình, Chuột...) in Thanh Nghệ Tĩnh in 2.75s
2026-04-07 10:43:19,725 - queue_manager - INFO - Scheduled next crawl for Phụ kiện (Màn hình, Chuột...) in Thanh Nghệ Tĩnh after 1800.0s
2026-04-07 10:43:19,743 - crawler - INFO - Worker 0: Completed route Phụ kiện (Màn hình, Chuột...) in Tây Bắc Bộ in 2.40s
2026-04-07 10:43:19,743 - queue_manager - INFO - Scheduled next crawl for Phụ kiện (Màn hình, Chuột...) in Tây Bắc Bộ after 1800.0s
2026-04-07 10:43:20,634 - crawler - INFO - Worker 4: Processing Phụ kiện (Màn hình, Chuột...) in Hà Nội (page=0, priority=0)
2026-04-07 10:43:20,988 - database - INFO - Saved 3 new crawled item IDs
2026-04-07 10:43:22,082 - crawler - INFO - Worker 3: Processing Thiết bị đeo thông minh in Các tỉnh lân cận Hà Nội (page=0, priority=0)
2026-04-07 10:43:22,147 - database - INFO - Saved 1 new items to database
2026-04-07 10:43:22,673 - crawler - INFO - Worker 1: Processing Thiết bị đeo thông minh in Đông Nam Bộ (page=0, priority=0)
2026-04-07 10:43:24,091 - crawler - INFO - Worker 2: Processing Thiết bị đeo thông minh in Quảng Nam Đà Nẵng (page=0, priority=0)
2026-04-07 10:43:24,629 - database - INFO - Saved 1 new crawled item IDs
2026-04-07 10:43:24,683 - crawler - INFO - Worker 4: Completed route Phụ kiện (Màn hình, Chuột...) in Hà Nội in 4.05s
2026-04-07 10:43:24,683 - queue_manager - INFO - Scheduled next crawl for Phụ kiện (Màn hình, Chuột...) in Hà Nội after 1800.0s
2026-04-07 10:43:24,787 - crawler - INFO - Worker 3: Completed route Thiết bị đeo thông minh in Các tỉnh lân cận Hà Nội in 2.70s
2026-04-07 10:43:24,787 - queue_manager - INFO - Scheduled next crawl for Thiết bị đeo thông minh in Các tỉnh lân cận Hà Nội after 1800.0s
2026-04-07 10:43:25,586 - crawler - INFO - Worker 1: Completed route Thiết bị đeo thông minh in Đông Nam Bộ in 2.91s
2026-04-07 10:43:25,586 - queue_manager - INFO - Scheduled next crawl for Thiết bị đeo thông minh in Đông Nam Bộ after 1800.0s
2026-04-07 10:43:25,670 - database - INFO - Saved 1 new items to database
2026-04-07 10:43:26,355 - crawler - INFO - Worker 0: Processing Thiết bị đeo thông minh in Hải Phòng Nam Định Thái Bình (page=0, priority=0)
2026-04-07 10:43:28,045 - crawler - INFO - Worker 2: Completed route Thiết bị đeo thông minh in Quảng Nam Đà Nẵng in 3.95s
2026-04-07 10:43:28,045 - queue_manager - INFO - Scheduled next crawl for Thiết bị đeo thông minh in Quảng Nam Đà Nẵng after 1800.0s
2026-04-07 10:43:28,200 - crawler - INFO - Worker 4: Processing Thiết bị đeo thông minh in Bình Trị Thừa Thiên Huế (page=0, priority=0)
2026-04-07 10:43:29,033 - crawler - INFO - Worker 3: Processing Thiết bị đeo thông minh in Cần Thơ - Tây Nam Bộ (page=0, priority=0)
2026-04-07 10:43:29,403 - crawler - INFO - Worker 1: Processing Phụ kiện (Màn hình, Chuột...) in Tp Hồ Chí Minh (page=0, priority=0)
2026-04-07 10:43:29,460 - crawler - INFO - Worker 0: Completed route Thiết bị đeo thông minh in Hải Phòng Nam Định Thái Bình in 3.10s
2026-04-07 10:43:29,460 - queue_manager - INFO - Scheduled next crawl for Thiết bị đeo thông minh in Hải Phòng Nam Định Thái Bình after 1800.0s
2026-04-07 10:43:29,993 - database - INFO - Saved 7 new crawled item IDs
2026-04-07 10:43:30,693 - crawler - INFO - Worker 4: Completed route Thiết bị đeo thông minh in Bình Trị Thừa Thiên Huế in 2.49s
2026-04-07 10:43:30,693 - queue_manager - INFO - Scheduled next crawl for Thiết bị đeo thông minh in Bình Trị Thừa Thiên Huế after 1800.0s
2026-04-07 10:43:31,044 - crawler - INFO - Worker 2: Processing Thiết bị đeo thông minh in Nam Trung Bộ (page=0, priority=0)
2026-04-07 10:43:31,158 - database - INFO - Đã lọc bỏ 1 items lừa đảo/rác trong mẻ này.
2026-04-07 10:43:31,159 - database - INFO - Saved 1 new items to database
2026-04-07 10:43:31,807 - crawler - INFO - Worker 3: Completed route Thiết bị đeo thông minh in Cần Thơ - Tây Nam Bộ in 2.77s
2026-04-07 10:43:31,807 - queue_manager - INFO - Scheduled next crawl for Thiết bị đeo thông minh in Cần Thơ - Tây Nam Bộ after 1800.0s
2026-04-07 10:43:32,461 - crawler - INFO - Worker 0: Processing Thiết bị đeo thông minh in Thanh Nghệ Tĩnh (page=0, priority=0)
2026-04-07 10:43:33,579 - crawler - INFO - Worker 1: Completed route Phụ kiện (Màn hình, Chuột...) in Tp Hồ Chí Minh in 4.18s
2026-04-07 10:43:33,580 - queue_manager - INFO - Scheduled next crawl for Phụ kiện (Màn hình, Chuột...) in Tp Hồ Chí Minh after 1800.0s
2026-04-07 10:43:33,694 - crawler - INFO - Worker 4: Processing Thiết bị đeo thông minh in Tây Bắc Bộ (page=0, priority=0)
2026-04-07 10:43:33,701 - crawler - INFO - Worker 2: Completed route Thiết bị đeo thông minh in Nam Trung Bộ in 2.66s
2026-04-07 10:43:33,702 - queue_manager - INFO - Scheduled next crawl for Thiết bị đeo thông minh in Nam Trung Bộ after 1800.0s
2026-04-07 10:43:33,833 - crawler - INFO - Worker 4: Completed route Thiết bị đeo thông minh in Tây Bắc Bộ in 0.14s
2026-04-07 10:43:33,834 - queue_manager - INFO - Scheduled next crawl for Thiết bị đeo thông minh in Tây Bắc Bộ after 1800.0s
2026-04-07 10:43:34,807 - crawler - INFO - Worker 3: Processing Thiết bị đeo thông minh in Tây Nguyên (page=0, priority=0)
2026-04-07 10:43:34,956 - crawler - INFO - Worker 0: Completed route Thiết bị đeo thông minh in Thanh Nghệ Tĩnh in 2.49s
2026-04-07 10:43:34,956 - queue_manager - INFO - Scheduled next crawl for Thiết bị đeo thông minh in Thanh Nghệ Tĩnh after 1800.0s
2026-04-07 10:43:36,580 - crawler - INFO - Worker 1: Processing Thiết bị đeo thông minh in Đông Bắc Bộ (page=0, priority=0)
2026-04-07 10:43:36,702 - crawler - INFO - Worker 2: Processing Thiết bị đeo thông minh in Hà Nội (page=0, priority=0)
2026-04-07 10:43:37,566 - crawler - INFO - Worker 3: Completed route Thiết bị đeo thông minh in Tây Nguyên in 2.76s
2026-04-07 10:43:37,567 - queue_manager - INFO - Scheduled next crawl for Thiết bị đeo thông minh in Tây Nguyên after 1800.0s
2026-04-07 10:43:38,069 - ai_worker - INFO - Gửi 5 items lên Gemini AI (gemini-3.1-flash-lite-preview) để thẩm định...
2026-04-07 10:43:38,080 - google_genai.models - INFO - AFC is enabled with max remote calls: 10.
2026-04-07 10:43:38,947 - crawler - INFO - Worker 4: Processing Thiết bị đeo thông minh in Tp Hồ Chí Minh (page=0, priority=0)
2026-04-07 10:43:39,133 - crawler - INFO - Worker 1: Completed route Thiết bị đeo thông minh in Đông Bắc Bộ in 2.55s
2026-04-07 10:43:39,133 - queue_manager - INFO - Scheduled next crawl for Thiết bị đeo thông minh in Đông Bắc Bộ after 1800.0s
2026-04-07 10:43:39,360 - crawler - INFO - Worker 2: Completed route Thiết bị đeo thông minh in Hà Nội in 2.66s
2026-04-07 10:43:39,360 - queue_manager - INFO - Scheduled next crawl for Thiết bị đeo thông minh in Hà Nội after 1800.0s
2026-04-07 10:43:41,664 - crawler - INFO - Worker 4: Completed route Thiết bị đeo thông minh in Tp Hồ Chí Minh in 2.72s
2026-04-07 10:43:41,664 - queue_manager - INFO - Scheduled next crawl for Thiết bị đeo thông minh in Tp Hồ Chí Minh after 1800.0s
2026-04-07 10:43:48,839 - httpx - INFO - HTTP Request: POST https://generativelanguage.googleapis.com/v1beta/models/gemini-3.1-flash-lite-preview:generateContent "HTTP/1.1 200 OK"
2026-04-07 10:43:48,843 - ai_worker - INFO - Đã xử lý 5 items. Tìm thấy 1 kèo thơm (type 1)!
2026-04-07 10:43:50,710 - crawler - INFO - Worker 1: Processing Điện thoại in Tp Hồ Chí Minh (page=0, priority=250)
2026-04-07 10:43:51,125 - crawler - INFO - Worker 2: Processing Phụ tùng xe in Tp Hồ Chí Minh (page=0, priority=218)
2026-04-07 10:43:51,154 - database - INFO - Saved 2 new crawled item IDs
2026-04-07 10:43:51,706 - database - INFO - Saved 2 new crawled item IDs
2026-04-07 10:43:53,551 - crawler - INFO - Worker 1: Completed route Điện thoại in Tp Hồ Chí Minh in 2.84s
2026-04-07 10:43:53,552 - queue_manager - INFO - Scheduled next crawl for Điện thoại in Tp Hồ Chí Minh after 63.0s
2026-04-07 10:43:54,053 - crawler - INFO - Worker 2: Completed route Phụ tùng xe in Tp Hồ Chí Minh in 2.93s
2026-04-07 10:43:54,054 - queue_manager - INFO - Scheduled next crawl for Phụ tùng xe in Tp Hồ Chí Minh after 281.0s
2026-04-07 10:43:57,438 - crawler - INFO - Worker 0: Processing Điện thoại in Quảng Nam Đà Nẵng (page=0, priority=211)
2026-04-07 10:43:57,823 - database - INFO - Saved 1 new crawled item IDs
2026-04-07 10:44:00,224 - crawler - INFO - Worker 0: Completed route Điện thoại in Quảng Nam Đà Nẵng in 2.79s
2026-04-07 10:44:00,224 - queue_manager - INFO - Scheduled next crawl for Điện thoại in Quảng Nam Đà Nẵng after 330.0s
2026-04-07 10:44:20,144 - crawler - INFO - Worker 0: Processing Giày dép in Tp Hồ Chí Minh (page=0, priority=227)
2026-04-07 10:44:23,501 - crawler - INFO - Worker 0: Completed route Giày dép in Tp Hồ Chí Minh in 3.36s
2026-04-07 10:44:23,502 - queue_manager - INFO - Scheduled next crawl for Giày dép in Tp Hồ Chí Minh after 221.0s
2026-04-07 10:44:26,348 - crawler - INFO - Worker 3: Processing Điện thoại in Tây Nguyên (page=0, priority=0)
2026-04-07 10:44:26,690 - database - INFO - Saved 1 new crawled item IDs
2026-04-07 10:44:29,181 - crawler - INFO - Worker 3: Completed route Điện thoại in Tây Nguyên in 2.83s
2026-04-07 10:44:29,181 - queue_manager - INFO - Scheduled next crawl for Điện thoại in Tây Nguyên after 1847.0s
2026-04-07 10:44:37,867 - crawler - INFO - Worker 3: Processing Phụ kiện thời trang khác in Tp Hồ Chí Minh (page=0, priority=245)
2026-04-07 10:44:40,625 - crawler - INFO - Worker 3: Completed route Phụ kiện thời trang khác in Tp Hồ Chí Minh in 2.76s
2026-04-07 10:44:40,626 - queue_manager - INFO - Scheduled next crawl for Phụ kiện thời trang khác in Tp Hồ Chí Minh after 98.5s
2026-04-07 10:44:47,101 - crawler - INFO - Worker 0: Processing Điện thoại in Đông Nam Bộ (page=0, priority=200)
2026-04-07 10:44:47,718 - database - INFO - Saved 1 new crawled item IDs
2026-04-07 10:44:50,269 - crawler - INFO - Worker 0: Completed route Điện thoại in Đông Nam Bộ in 3.17s
2026-04-07 10:44:50,270 - queue_manager - INFO - Scheduled next crawl for Điện thoại in Đông Nam Bộ after 406.0s
2026-04-07 10:44:56,552 - crawler - INFO - Worker 0: Processing Điện thoại in Tp Hồ Chí Minh (page=0, priority=250)
2026-04-07 10:44:56,926 - database - INFO - Saved 1 new crawled item IDs
2026-04-07 10:44:59,383 - crawler - INFO - Worker 0: Completed route Điện thoại in Tp Hồ Chí Minh in 2.83s
2026-04-07 10:44:59,383 - queue_manager - INFO - Scheduled next crawl for Điện thoại in Tp Hồ Chí Minh after 63.0s
2026-04-07 10:45:04,923 - crawler - INFO - Worker 3: Processing Điện thoại in Hà Nội (page=0, priority=238)
2026-04-07 10:45:05,322 - database - INFO - Saved 1 new crawled item IDs
2026-04-07 10:45:07,764 - crawler - INFO - Worker 3: Completed route Điện thoại in Hà Nội in 2.84s
2026-04-07 10:45:07,764 - queue_manager - INFO - Scheduled next crawl for Điện thoại in Hà Nội after 144.1s
2026-04-07 10:45:59,366 - crawler - INFO - Worker 0: Processing Thiết bị chơi game in Tp Hồ Chí Minh (page=0, priority=0)
2026-04-07 10:45:59,900 - database - INFO - Saved 1 new crawled item IDs
2026-04-07 10:46:02,266 - crawler - INFO - Worker 0: Completed route Thiết bị chơi game in Tp Hồ Chí Minh in 2.90s
2026-04-07 10:46:02,266 - queue_manager - INFO - Scheduled next crawl for Thiết bị chơi game in Tp Hồ Chí Minh after 1938.5s
2026-04-07 10:46:02,384 - crawler - INFO - Worker 1: Processing Điện thoại in Tp Hồ Chí Minh (page=0, priority=250)
2026-04-07 10:46:02,797 - database - INFO - Saved 1 new crawled item IDs
2026-04-07 10:46:04,059 - database - INFO - Đã lọc bỏ 1 items lừa đảo/rác trong mẻ này.
2026-04-07 10:46:04,059 - database - INFO - No items passed the filtering criteria and scam check
2026-04-07 10:46:06,562 - crawler - INFO - Worker 1: Completed route Điện thoại in Tp Hồ Chí Minh in 4.18s
2026-04-07 10:46:06,562 - queue_manager - INFO - Scheduled next crawl for Điện thoại in Tp Hồ Chí Minh after 63.0s
2026-04-07 10:46:19,126 - crawler - INFO - Worker 1: Processing Phụ kiện thời trang khác in Tp Hồ Chí Minh (page=0, priority=245)
2026-04-07 10:46:22,123 - crawler - INFO - Worker 1: Completed route Phụ kiện thời trang khác in Tp Hồ Chí Minh in 3.00s
2026-04-07 10:46:22,124 - queue_manager - INFO - Scheduled next crawl for Phụ kiện thời trang khác in Tp Hồ Chí Minh after 98.5s
2026-04-07 10:46:39,078 - crawler - INFO - Worker 0: Processing Điện thoại in Nam Trung Bộ (page=0, priority=0)
2026-04-07 10:46:39,561 - database - INFO - Saved 2 new crawled item IDs
2026-04-07 10:46:41,937 - crawler - INFO - Worker 0: Completed route Điện thoại in Nam Trung Bộ in 2.86s
2026-04-07 10:46:41,937 - queue_manager - INFO - Scheduled next crawl for Điện thoại in Nam Trung Bộ after 1977.5s
2026-04-07 10:46:59,879 - crawler - INFO - Worker 4: Processing Đồ thể thao, Dã ngoại in Tp Hồ Chí Minh (page=0, priority=207)
2026-04-07 10:47:02,976 - crawler - INFO - Worker 4: Completed route Đồ thể thao, Dã ngoại in Tp Hồ Chí Minh in 3.10s
2026-04-07 10:47:02,976 - queue_manager - INFO - Scheduled next crawl for Đồ thể thao, Dã ngoại in Tp Hồ Chí Minh after 360.0s
2026-04-07 10:47:09,562 - crawler - INFO - Worker 1: Processing Điện thoại in Tp Hồ Chí Minh (page=0, priority=250)
2026-04-07 10:47:10,145 - database - INFO - Saved 1 new crawled item IDs
2026-04-07 10:47:12,602 - crawler - INFO - Worker 1: Completed route Điện thoại in Tp Hồ Chí Minh in 3.04s
2026-04-07 10:47:12,602 - queue_manager - INFO - Scheduled next crawl for Điện thoại in Tp Hồ Chí Minh after 63.0s
2026-04-07 10:47:31,815 - crawler - INFO - Worker 3: Processing Điện thoại in Hà Nội (page=0, priority=238)
2026-04-07 10:47:34,788 - crawler - INFO - Worker 3: Completed route Điện thoại in Hà Nội in 2.97s
2026-04-07 10:47:34,788 - queue_manager - INFO - Scheduled next crawl for Điện thoại in Hà Nội after 144.1s
2026-04-07 10:48:00,625 - crawler - INFO - Worker 1: Processing Phụ kiện thời trang khác in Tp Hồ Chí Minh (page=0, priority=245)
2026-04-07 10:48:03,698 - crawler - INFO - Worker 1: Completed route Phụ kiện thời trang khác in Tp Hồ Chí Minh in 3.07s
2026-04-07 10:48:03,698 - queue_manager - INFO - Scheduled next crawl for Phụ kiện thời trang khác in Tp Hồ Chí Minh after 98.5s
2026-04-07 10:48:04,502 - crawler - INFO - Worker 0: Processing Giày dép in Tp Hồ Chí Minh (page=0, priority=227)
2026-04-07 10:48:05,238 - database - INFO - Saved 2 new crawled item IDs
2026-04-07 10:48:06,861 - database - INFO - Saved 2 new items to database
2026-04-07 10:48:09,345 - crawler - INFO - Worker 0: Completed route Giày dép in Tp Hồ Chí Minh in 4.84s
2026-04-07 10:48:09,345 - queue_manager - INFO - Scheduled next crawl for Giày dép in Tp Hồ Chí Minh after 221.0s
2026-04-07 10:48:15,602 - crawler - INFO - Worker 4: Processing Điện thoại in Tp Hồ Chí Minh (page=0, priority=250)
2026-04-07 10:48:16,089 - database - INFO - Saved 2 new crawled item IDs
2026-04-07 10:48:18,488 - crawler - INFO - Worker 4: Completed route Điện thoại in Tp Hồ Chí Minh in 2.89s
2026-04-07 10:48:18,488 - queue_manager - INFO - Scheduled next crawl for Điện thoại in Tp Hồ Chí Minh after 63.0s
2026-04-07 10:48:21,594 - crawler - INFO - Worker 0: Processing Mẹ và bé in Tp Hồ Chí Minh (page=0, priority=205)
2026-04-07 10:48:24,485 - crawler - INFO - Worker 0: Completed route Mẹ và bé in Tp Hồ Chí Minh in 2.89s
2026-04-07 10:48:24,485 - queue_manager - INFO - Scheduled next crawl for Mẹ và bé in Tp Hồ Chí Minh after 373.0s
2026-04-07 10:48:35,054 - crawler - INFO - Worker 3: Processing Phụ tùng xe in Tp Hồ Chí Minh (page=0, priority=218)
2026-04-07 10:48:35,544 - database - INFO - Saved 1 new crawled item IDs
2026-04-07 10:48:37,881 - crawler - INFO - Worker 3: Completed route Phụ tùng xe in Tp Hồ Chí Minh in 2.83s
2026-04-07 10:48:37,881 - queue_manager - INFO - Scheduled next crawl for Phụ tùng xe in Tp Hồ Chí Minh after 281.0s
2026-04-07 10:49:21,489 - crawler - INFO - Worker 4: Processing Điện thoại in Tp Hồ Chí Minh (page=0, priority=250)
2026-04-07 10:49:22,036 - database - INFO - Saved 1 new crawled item IDs
2026-04-07 10:49:24,490 - crawler - INFO - Worker 4: Completed route Điện thoại in Tp Hồ Chí Minh in 3.00s
2026-04-07 10:49:24,490 - queue_manager - INFO - Scheduled next crawl for Điện thoại in Tp Hồ Chí Minh after 63.0s
2026-04-07 10:49:30,224 - crawler - INFO - Worker 2: Processing Điện thoại in Quảng Nam Đà Nẵng (page=0, priority=211)
2026-04-07 10:49:33,196 - crawler - INFO - Worker 2: Completed route Điện thoại in Quảng Nam Đà Nẵng in 2.97s
2026-04-07 10:49:33,197 - queue_manager - INFO - Scheduled next crawl for Điện thoại in Quảng Nam Đà Nẵng after 330.0s
2026-04-07 10:49:42,197 - crawler - INFO - Worker 2: Processing Phụ kiện thời trang khác in Tp Hồ Chí Minh (page=0, priority=245)
2026-04-07 10:49:45,072 - crawler - INFO - Worker 2: Completed route Phụ kiện thời trang khác in Tp Hồ Chí Minh in 2.87s
2026-04-07 10:49:45,072 - queue_manager - INFO - Scheduled next crawl for Phụ kiện thời trang khác in Tp Hồ Chí Minh after 98.5s
2026-04-07 10:49:58,318 - crawler - INFO - Worker 0: Processing Phụ tùng xe in Cần Thơ - Tây Nam Bộ (page=0, priority=0)
2026-04-07 10:49:58,807 - database - INFO - Saved 1 new crawled item IDs
2026-04-07 10:49:58,837 - crawler - INFO - Worker 4: Processing Điện thoại in Hà Nội (page=0, priority=238)
2026-04-07 10:49:59,243 - crawler - INFO - Worker 3: Processing Điện thoại in Cần Thơ - Tây Nam Bộ (page=0, priority=174)
2026-04-07 10:49:59,924 - database - INFO - Saved 3 new crawled item IDs
2026-04-07 10:50:01,203 - crawler - INFO - Worker 0: Completed route Phụ tùng xe in Cần Thơ - Tây Nam Bộ in 2.88s
2026-04-07 10:50:01,203 - queue_manager - INFO - Scheduled next crawl for Phụ tùng xe in Cần Thơ - Tây Nam Bộ after 2175.0s
2026-04-07 10:50:01,699 - crawler - INFO - Worker 4: Completed route Điện thoại in Hà Nội in 2.86s
2026-04-07 10:50:01,699 - queue_manager - INFO - Scheduled next crawl for Điện thoại in Hà Nội after 144.1s
2026-04-07 10:50:02,395 - crawler - INFO - Worker 3: Completed route Điện thoại in Cần Thơ - Tây Nam Bộ in 3.15s
2026-04-07 10:50:02,396 - queue_manager - INFO - Scheduled next crawl for Điện thoại in Cần Thơ - Tây Nam Bộ after 586.0s
2026-04-07 10:50:27,491 - crawler - INFO - Worker 1: Processing Điện thoại in Tp Hồ Chí Minh (page=0, priority=250)
2026-04-07 10:50:30,741 - crawler - INFO - Worker 1: Completed route Điện thoại in Tp Hồ Chí Minh in 3.25s
2026-04-07 10:50:30,742 - queue_manager - INFO - Scheduled next crawl for Điện thoại in Tp Hồ Chí Minh after 63.0s
2026-04-07 10:51:23,571 - crawler - INFO - Worker 0: Processing Phụ kiện thời trang khác in Tp Hồ Chí Minh (page=0, priority=245)
2026-04-07 10:51:24,441 - crawler - INFO - Worker 4: Processing Điện thoại in Các tỉnh lân cận Hà Nội (page=0, priority=0)
2026-04-07 10:51:24,922 - database - INFO - Saved 2 new crawled item IDs
2026-04-07 10:51:26,909 - crawler - INFO - Worker 0: Completed route Phụ kiện thời trang khác in Tp Hồ Chí Minh in 3.34s
2026-04-07 10:51:26,909 - queue_manager - INFO - Scheduled next crawl for Phụ kiện thời trang khác in Tp Hồ Chí Minh after 98.5s
2026-04-07 10:51:27,378 - crawler - INFO - Worker 4: Completed route Điện thoại in Các tỉnh lân cận Hà Nội in 2.94s
2026-04-07 10:51:27,378 - queue_manager - INFO - Scheduled next crawl for Điện thoại in Các tỉnh lân cận Hà Nội after 2258.5s
2026-04-07 10:51:33,741 - crawler - INFO - Worker 2: Processing Điện thoại in Tp Hồ Chí Minh (page=0, priority=250)
2026-04-07 10:51:36,269 - crawler - INFO - Worker 3: Processing Điện thoại in Đông Nam Bộ (page=0, priority=200)
2026-04-07 10:51:36,482 - crawler - INFO - Worker 2: Completed route Điện thoại in Tp Hồ Chí Minh in 2.74s
2026-04-07 10:51:36,482 - queue_manager - INFO - Scheduled next crawl for Điện thoại in Tp Hồ Chí Minh after 63.0s
2026-04-07 10:51:36,760 - database - INFO - Saved 1 new crawled item IDs
2026-04-07 10:51:39,168 - crawler - INFO - Worker 3: Completed route Điện thoại in Đông Nam Bộ in 2.90s
2026-04-07 10:51:39,168 - queue_manager - INFO - Scheduled next crawl for Điện thoại in Đông Nam Bộ after 406.0s
2026-04-07 10:51:50,346 - crawler - INFO - Worker 0: Processing Giày dép in Tp Hồ Chí Minh (page=0, priority=227)
2026-04-07 10:51:50,921 - database - INFO - Saved 1 new crawled item IDs
2026-04-07 10:51:52,087 - database - INFO - Saved 1 new items to database
2026-04-07 10:51:54,512 - crawler - INFO - Worker 0: Completed route Giày dép in Tp Hồ Chí Minh in 4.17s
2026-04-07 10:51:54,513 - queue_manager - INFO - Scheduled next crawl for Giày dép in Tp Hồ Chí Minh after 221.0s
2026-04-07 10:52:25,749 - crawler - INFO - Worker 3: Processing Điện thoại in Hà Nội (page=0, priority=238)
2026-04-07 10:52:28,909 - crawler - INFO - Worker 3: Completed route Điện thoại in Hà Nội in 3.16s
2026-04-07 10:52:28,910 - queue_manager - INFO - Scheduled next crawl for Điện thoại in Hà Nội after 144.1s
2026-04-07 10:52:39,483 - crawler - INFO - Worker 4: Processing Điện thoại in Tp Hồ Chí Minh (page=0, priority=250)
2026-04-07 10:52:39,908 - database - INFO - Saved 1 new crawled item IDs
2026-04-07 10:52:42,529 - crawler - INFO - Worker 4: Completed route Điện thoại in Tp Hồ Chí Minh in 3.05s
2026-04-07 10:52:42,530 - queue_manager - INFO - Scheduled next crawl for Điện thoại in Tp Hồ Chí Minh after 63.0s
2026-04-07 10:53:02,977 - crawler - INFO - Worker 3: Processing Đồ thể thao, Dã ngoại in Tp Hồ Chí Minh (page=0, priority=207)
2026-04-07 10:53:05,410 - crawler - INFO - Worker 0: Processing Phụ kiện thời trang khác in Tp Hồ Chí Minh (page=0, priority=245)
2026-04-07 10:53:06,303 - crawler - INFO - Worker 3: Completed route Đồ thể thao, Dã ngoại in Tp Hồ Chí Minh in 3.33s
2026-04-07 10:53:06,303 - queue_manager - INFO - Scheduled next crawl for Đồ thể thao, Dã ngoại in Tp Hồ Chí Minh after 360.0s
2026-04-07 10:53:08,259 - crawler - INFO - Worker 0: Completed route Phụ kiện thời trang khác in Tp Hồ Chí Minh in 2.85s
2026-04-07 10:53:08,259 - queue_manager - INFO - Scheduled next crawl for Phụ kiện thời trang khác in Tp Hồ Chí Minh after 98.5s
2026-04-07 10:53:18,880 - crawler - INFO - Worker 3: Processing Phụ tùng xe in Tp Hồ Chí Minh (page=0, priority=218)
2026-04-07 10:53:19,497 - database - INFO - Saved 3 new crawled item IDs
2026-04-07 10:53:20,667 - database - INFO - Saved 1 new items to database
2026-04-07 10:53:23,087 - crawler - INFO - Worker 3: Completed route Phụ tùng xe in Tp Hồ Chí Minh in 4.21s
2026-04-07 10:53:23,087 - queue_manager - INFO - Scheduled next crawl for Phụ tùng xe in Tp Hồ Chí Minh after 281.0s
2026-04-07 10:53:34,339 - ai_worker - INFO - Gửi 5 items lên Gemini AI (gemini-3.1-flash-lite-preview) để thẩm định...
2026-04-07 10:53:34,340 - google_genai.models - INFO - AFC is enabled with max remote calls: 10.
2026-04-07 10:53:45,529 - crawler - INFO - Worker 3: Processing Điện thoại in Tp Hồ Chí Minh (page=0, priority=250)
2026-04-07 10:53:46,427 - database - INFO - Saved 1 new crawled item IDs
2026-04-07 10:53:48,987 - crawler - INFO - Worker 3: Completed route Điện thoại in Tp Hồ Chí Minh in 3.46s
2026-04-07 10:53:48,987 - queue_manager - INFO - Scheduled next crawl for Điện thoại in Tp Hồ Chí Minh after 63.0s
2026-04-07 10:53:50,032 - httpx - INFO - HTTP Request: POST https://generativelanguage.googleapis.com/v1beta/models/gemini-3.1-flash-lite-preview:generateContent "HTTP/1.1 200 OK"
2026-04-07 10:53:50,035 - ai_worker - INFO - Đã xử lý 5 items. Tìm thấy 0 kèo thơm (type 1)!
2026-04-07 10:54:08,822 - crawler - INFO - Worker 0: Processing Điện thoại in Hải Phòng Nam Định Thái Bình (page=0, priority=71)
2026-04-07 10:54:12,246 - crawler - INFO - Worker 0: Completed route Điện thoại in Hải Phòng Nam Định Thái Bình in 3.42s
2026-04-07 10:54:12,246 - queue_manager - INFO - Scheduled next crawl for Điện thoại in Hải Phòng Nam Định Thái Bình after 1301.0s
2026-04-07 10:54:37,486 - crawler - INFO - Worker 2: Processing Mẹ và bé in Tp Hồ Chí Minh (page=0, priority=205)
2026-04-07 10:54:38,010 - database - INFO - Saved 1 new crawled item IDs
2026-04-07 10:54:40,505 - crawler - INFO - Worker 2: Completed route Mẹ và bé in Tp Hồ Chí Minh in 3.02s
2026-04-07 10:54:40,505 - queue_manager - INFO - Scheduled next crawl for Mẹ và bé in Tp Hồ Chí Minh after 373.0s
2026-04-07 10:54:46,760 - crawler - INFO - Worker 0: Processing Phụ kiện thời trang khác in Tp Hồ Chí Minh (page=0, priority=245)
2026-04-07 10:54:47,741 - database - INFO - Saved 1 new crawled item IDs
2026-04-07 10:54:50,119 - crawler - INFO - Worker 0: Completed route Phụ kiện thời trang khác in Tp Hồ Chí Minh in 3.36s
2026-04-07 10:54:50,119 - queue_manager - INFO - Scheduled next crawl for Phụ kiện thời trang khác in Tp Hồ Chí Minh after 98.5s
2026-04-07 10:54:51,988 - crawler - INFO - Worker 2: Processing Điện thoại in Tp Hồ Chí Minh (page=0, priority=250)
2026-04-07 10:54:52,960 - crawler - INFO - Worker 4: Processing Điện thoại in Hà Nội (page=0, priority=238)
2026-04-07 10:54:53,706 - database - INFO - Saved 2 new crawled item IDs
2026-04-07 10:54:54,876 - database - INFO - Đã lọc bỏ 1 items lừa đảo/rác trong mẻ này.
2026-04-07 10:54:54,876 - database - INFO - No items passed the filtering criteria and scam check
2026-04-07 10:54:54,969 - crawler - INFO - Worker 2: Completed route Điện thoại in Tp Hồ Chí Minh in 2.98s
2026-04-07 10:54:54,969 - queue_manager - INFO - Scheduled next crawl for Điện thoại in Tp Hồ Chí Minh after 63.0s
2026-04-07 10:54:57,223 - crawler - INFO - Worker 4: Completed route Điện thoại in Hà Nội in 4.26s
2026-04-07 10:54:57,223 - queue_manager - INFO - Scheduled next crawl for Điện thoại in Hà Nội after 144.1s
2026-04-07 10:55:03,197 - crawler - INFO - Worker 1: Processing Điện thoại in Quảng Nam Đà Nẵng (page=0, priority=211)
2026-04-07 10:55:03,606 - database - INFO - Saved 1 new crawled item IDs
2026-04-07 10:55:06,030 - crawler - INFO - Worker 1: Completed route Điện thoại in Quảng Nam Đà Nẵng in 2.83s
2026-04-07 10:55:06,030 - queue_manager - INFO - Scheduled next crawl for Điện thoại in Quảng Nam Đà Nẵng after 330.0s
2026-04-07 10:55:35,513 - crawler - INFO - Worker 3: Processing Giày dép in Tp Hồ Chí Minh (page=0, priority=227)
2026-04-07 10:55:38,312 - crawler - INFO - Worker 3: Completed route Giày dép in Tp Hồ Chí Minh in 2.80s
2026-04-07 10:55:38,312 - queue_manager - INFO - Scheduled next crawl for Giày dép in Tp Hồ Chí Minh after 221.0s
2026-04-07 10:55:57,969 - crawler - INFO - Worker 4: Processing Điện thoại in Tp Hồ Chí Minh (page=0, priority=250)
2026-04-07 10:56:01,287 - crawler - INFO - Worker 4: Completed route Điện thoại in Tp Hồ Chí Minh in 3.32s
2026-04-07 10:56:01,288 - queue_manager - INFO - Scheduled next crawl for Điện thoại in Tp Hồ Chí Minh after 63.0s
2026-04-07 10:56:28,620 - crawler - INFO - Worker 1: Processing Phụ kiện thời trang khác in Tp Hồ Chí Minh (page=0, priority=245)
2026-04-07 10:56:31,599 - crawler - INFO - Worker 1: Completed route Phụ kiện thời trang khác in Tp Hồ Chí Minh in 2.98s
2026-04-07 10:56:31,599 - queue_manager - INFO - Scheduled next crawl for Phụ kiện thời trang khác in Tp Hồ Chí Minh after 98.5s
2026-04-07 10:57:04,288 - crawler - INFO - Worker 2: Processing Điện thoại in Tp Hồ Chí Minh (page=0, priority=250)
2026-04-07 10:57:04,980 - database - INFO - Saved 2 new crawled item IDs
2026-04-07 10:57:07,334 - crawler - INFO - Worker 2: Completed route Điện thoại in Tp Hồ Chí Minh in 3.05s
2026-04-07 10:57:07,334 - queue_manager - INFO - Scheduled next crawl for Điện thoại in Tp Hồ Chí Minh after 63.0s
2026-04-07 10:57:21,273 - crawler - INFO - Worker 4: Processing Điện thoại in Hà Nội (page=0, priority=238)
2026-04-07 10:57:24,170 - crawler - INFO - Worker 4: Completed route Điện thoại in Hà Nội in 2.90s
2026-04-07 10:57:24,171 - queue_manager - INFO - Scheduled next crawl for Điện thoại in Hà Nội after 144.1s
2026-04-07 10:58:04,087 - crawler - INFO - Worker 2: Processing Phụ tùng xe in Tp Hồ Chí Minh (page=0, priority=218)
2026-04-07 10:58:04,881 - database - INFO - Saved 2 new crawled item IDs
2026-04-07 10:58:07,266 - crawler - INFO - Worker 2: Completed route Phụ tùng xe in Tp Hồ Chí Minh in 3.18s
2026-04-07 10:58:07,266 - queue_manager - INFO - Scheduled next crawl for Phụ tùng xe in Tp Hồ Chí Minh after 281.0s
2026-04-07 10:58:10,099 - crawler - INFO - Worker 4: Processing Phụ kiện thời trang khác in Tp Hồ Chí Minh (page=0, priority=245)
2026-04-07 10:58:10,335 - crawler - INFO - Worker 0: Processing Điện thoại in Tp Hồ Chí Minh (page=0, priority=250)
2026-04-07 10:58:10,824 - database - INFO - Saved 2 new crawled item IDs
2026-04-07 10:58:12,228 - database - INFO - Đã lọc bỏ 1 items lừa đảo/rác trong mẻ này.
2026-04-07 10:58:12,230 - database - INFO - Saved 1 new items to database
2026-04-07 10:58:12,805 - crawler - INFO - Worker 4: Completed route Phụ kiện thời trang khác in Tp Hồ Chí Minh in 2.71s
2026-04-07 10:58:12,805 - queue_manager - INFO - Scheduled next crawl for Phụ kiện thời trang khác in Tp Hồ Chí Minh after 98.5s
2026-04-07 10:58:14,620 - crawler - INFO - Worker 0: Completed route Điện thoại in Tp Hồ Chí Minh in 4.28s
2026-04-07 10:58:14,620 - queue_manager - INFO - Scheduled next crawl for Điện thoại in Tp Hồ Chí Minh after 63.0s
2026-04-07 10:58:25,169 - crawler - INFO - Worker 4: Processing Điện thoại in Đông Nam Bộ (page=0, priority=200)
2026-04-07 10:58:28,075 - crawler - INFO - Worker 4: Completed route Điện thoại in Đông Nam Bộ in 2.91s
2026-04-07 10:58:28,076 - queue_manager - INFO - Scheduled next crawl for Điện thoại in Đông Nam Bộ after 406.0s
2026-04-07 10:58:39,202 - crawler - INFO - Worker 3: Processing Điện thoại in Bình Trị Thừa Thiên Huế (page=0, priority=0)
2026-04-07 10:58:41,885 - crawler - INFO - Worker 3: Completed route Điện thoại in Bình Trị Thừa Thiên Huế in 2.68s
2026-04-07 10:58:41,885 - queue_manager - INFO - Scheduled next crawl for Điện thoại in Bình Trị Thừa Thiên Huế after 2694.0s
2026-04-07 10:59:06,302 - crawler - INFO - Worker 3: Processing Đồ thể thao, Dã ngoại in Tp Hồ Chí Minh (page=0, priority=207)
2026-04-07 10:59:09,802 - crawler - INFO - Worker 3: Completed route Đồ thể thao, Dã ngoại in Tp Hồ Chí Minh in 3.50s
2026-04-07 10:59:09,803 - queue_manager - INFO - Scheduled next crawl for Đồ thể thao, Dã ngoại in Tp Hồ Chí Minh after 360.0s
2026-04-07 10:59:17,619 - crawler - INFO - Worker 2: Processing Điện thoại in Tp Hồ Chí Minh (page=0, priority=250)
2026-04-07 10:59:18,097 - database - INFO - Saved 1 new crawled item IDs
2026-04-07 10:59:19,313 - crawler - INFO - Worker 1: Processing Giày dép in Tp Hồ Chí Minh (page=0, priority=227)
2026-04-07 10:59:20,667 - crawler - INFO - Worker 2: Completed route Điện thoại in Tp Hồ Chí Minh in 3.05s
2026-04-07 10:59:20,668 - queue_manager - INFO - Scheduled next crawl for Điện thoại in Tp Hồ Chí Minh after 63.0s
2026-04-07 10:59:22,295 - crawler - INFO - Worker 1: Completed route Giày dép in Tp Hồ Chí Minh in 2.98s
2026-04-07 10:59:22,295 - queue_manager - INFO - Scheduled next crawl for Giày dép in Tp Hồ Chí Minh after 221.0s
2026-04-07 10:59:48,220 - crawler - INFO - Worker 0: Processing Điện thoại in Hà Nội (page=0, priority=238)
2026-04-07 10:59:48,396 - crawler - INFO - Worker 4: Processing Điện thoại in Cần Thơ - Tây Nam Bộ (page=0, priority=174)
2026-04-07 10:59:48,715 - database - INFO - Saved 1 new crawled item IDs
2026-04-07 10:59:48,859 - database - INFO - Saved 2 new crawled item IDs
2026-04-07 10:59:50,053 - database - INFO - Saved 1 new items to database
2026-04-07 10:59:51,306 - crawler - INFO - Worker 2: Processing Phụ kiện thời trang khác in Tp Hồ Chí Minh (page=0, priority=245)
2026-04-07 10:59:52,073 - crawler - INFO - Worker 0: Completed route Điện thoại in Hà Nội in 3.85s
2026-04-07 10:59:52,073 - queue_manager - INFO - Scheduled next crawl for Điện thoại in Hà Nội after 144.1s
2026-04-07 10:59:52,707 - crawler - INFO - Worker 4: Completed route Điện thoại in Cần Thơ - Tây Nam Bộ in 4.31s
2026-04-07 10:59:52,708 - queue_manager - INFO - Scheduled next crawl for Điện thoại in Cần Thơ - Tây Nam Bộ after 586.0s
2026-04-07 10:59:54,143 - crawler - INFO - Worker 2: Completed route Phụ kiện thời trang khác in Tp Hồ Chí Minh in 2.84s
2026-04-07 10:59:54,144 - queue_manager - INFO - Scheduled next crawl for Phụ kiện thời trang khác in Tp Hồ Chí Minh after 98.5s
2026-04-07 11:00:23,668 - crawler - INFO - Worker 0: Processing Điện thoại in Tp Hồ Chí Minh (page=0, priority=250)
2026-04-07 11:00:25,934 - crawler - INFO - Worker 4: Processing Phụ tùng xe in Đông Nam Bộ (page=0, priority=44)
2026-04-07 11:00:26,339 - database - INFO - Saved 1 new crawled item IDs
2026-04-07 11:00:26,796 - crawler - INFO - Worker 0: Completed route Điện thoại in Tp Hồ Chí Minh in 3.13s
2026-04-07 11:00:26,796 - queue_manager - INFO - Scheduled next crawl for Điện thoại in Tp Hồ Chí Minh after 63.0s
2026-04-07 11:00:27,521 - database - INFO - Saved 1 new items to database
2026-04-07 11:00:30,084 - crawler - INFO - Worker 4: Completed route Phụ tùng xe in Đông Nam Bộ in 4.15s
2026-04-07 11:00:30,084 - queue_manager - INFO - Scheduled next crawl for Phụ tùng xe in Đông Nam Bộ after 1489.0s
2026-04-07 11:00:36,031 - crawler - INFO - Worker 0: Processing Điện thoại in Quảng Nam Đà Nẵng (page=0, priority=211)
2026-04-07 11:00:38,806 - crawler - INFO - Worker 0: Completed route Điện thoại in Quảng Nam Đà Nẵng in 2.77s
2026-04-07 11:00:38,806 - queue_manager - INFO - Scheduled next crawl for Điện thoại in Quảng Nam Đà Nẵng after 330.0s
2026-04-07 11:00:53,506 - crawler - INFO - Worker 4: Processing Mẹ và bé in Tp Hồ Chí Minh (page=0, priority=205)
2026-04-07 11:00:56,527 - crawler - INFO - Worker 4: Completed route Mẹ và bé in Tp Hồ Chí Minh in 3.02s
2026-04-07 11:00:56,527 - queue_manager - INFO - Scheduled next crawl for Mẹ và bé in Tp Hồ Chí Minh after 373.0s
2026-04-07 11:01:29,796 - crawler - INFO - Worker 2: Processing Điện thoại in Tp Hồ Chí Minh (page=0, priority=250)
2026-04-07 11:01:32,643 - crawler - INFO - Worker 4: Processing Phụ kiện thời trang khác in Tp Hồ Chí Minh (page=0, priority=245)
2026-04-07 11:01:34,853 - crawler - INFO - Worker 2: Completed route Điện thoại in Tp Hồ Chí Minh in 5.06s
2026-04-07 11:01:34,853 - queue_manager - INFO - Scheduled next crawl for Điện thoại in Tp Hồ Chí Minh after 63.0s
2026-04-07 11:01:35,397 - crawler - INFO - Worker 4: Completed route Phụ kiện thời trang khác in Tp Hồ Chí Minh in 2.75s
2026-04-07 11:01:35,397 - queue_manager - INFO - Scheduled next crawl for Phụ kiện thời trang khác in Tp Hồ Chí Minh after 98.5s
2026-04-07 11:02:16,124 - crawler - INFO - Worker 3: Processing Điện thoại in Hà Nội (page=0, priority=238)
2026-04-07 11:02:16,681 - database - INFO - Saved 1 new crawled item IDs
2026-04-07 11:02:19,138 - crawler - INFO - Worker 3: Completed route Điện thoại in Hà Nội in 3.01s
2026-04-07 11:02:19,139 - queue_manager - INFO - Scheduled next crawl for Điện thoại in Hà Nội after 144.1s
2026-04-07 11:02:37,854 - crawler - INFO - Worker 0: Processing Điện thoại in Tp Hồ Chí Minh (page=0, priority=250)
2026-04-07 11:02:38,341 - database - INFO - Saved 1 new crawled item IDs
2026-04-07 11:02:40,681 - crawler - INFO - Worker 0: Completed route Điện thoại in Tp Hồ Chí Minh in 2.83s
2026-04-07 11:02:40,681 - queue_manager - INFO - Scheduled next crawl for Điện thoại in Tp Hồ Chí Minh after 63.0s
2026-04-07 11:02:48,265 - crawler - INFO - Worker 4: Processing Phụ tùng xe in Tp Hồ Chí Minh (page=0, priority=218)
2026-04-07 11:02:51,595 - crawler - INFO - Worker 4: Completed route Phụ tùng xe in Tp Hồ Chí Minh in 3.33s
2026-04-07 11:02:51,596 - queue_manager - INFO - Scheduled next crawl for Phụ tùng xe in Tp Hồ Chí Minh after 281.0s
2026-04-07 11:03:03,294 - crawler - INFO - Worker 4: Processing Giày dép in Tp Hồ Chí Minh (page=0, priority=227)
2026-04-07 11:03:03,695 - database - INFO - Saved 1 new crawled item IDs
2026-04-07 11:03:06,346 - crawler - INFO - Worker 4: Completed route Giày dép in Tp Hồ Chí Minh in 3.05s
2026-04-07 11:03:06,346 - queue_manager - INFO - Scheduled next crawl for Giày dép in Tp Hồ Chí Minh after 221.0s
2026-04-07 11:03:13,898 - crawler - INFO - Worker 0: Processing Phụ kiện thời trang khác in Tp Hồ Chí Minh (page=0, priority=245)
2026-04-07 11:03:16,750 - crawler - INFO - Worker 0: Completed route Phụ kiện thời trang khác in Tp Hồ Chí Minh in 2.85s
2026-04-07 11:03:16,750 - queue_manager - INFO - Scheduled next crawl for Phụ kiện thời trang khác in Tp Hồ Chí Minh after 98.5s
2026-04-07 11:03:43,682 - crawler - INFO - Worker 3: Processing Điện thoại in Tp Hồ Chí Minh (page=0, priority=250)
2026-04-07 11:03:46,623 - crawler - INFO - Worker 3: Completed route Điện thoại in Tp Hồ Chí Minh in 2.94s
2026-04-07 11:03:46,623 - queue_manager - INFO - Scheduled next crawl for Điện thoại in Tp Hồ Chí Minh after 63.0s
2026-04-07 11:03:55,593 - crawler - INFO - Worker 1: Processing Giày dép in Đông Nam Bộ (page=0, priority=0)
2026-04-07 11:03:56,005 - database - INFO - Saved 4 new crawled item IDs
2026-04-07 11:03:58,498 - crawler - INFO - Worker 1: Completed route Giày dép in Đông Nam Bộ in 2.91s
2026-04-07 11:03:58,499 - queue_manager - INFO - Scheduled next crawl for Giày dép in Đông Nam Bộ after 3008.0s
2026-04-07 11:04:43,189 - crawler - INFO - Worker 4: Processing Điện thoại in Hà Nội (page=0, priority=238)
2026-04-07 11:04:46,492 - crawler - INFO - Worker 4: Completed route Điện thoại in Hà Nội in 3.30s
2026-04-07 11:04:46,492 - queue_manager - INFO - Scheduled next crawl for Điện thoại in Hà Nội after 144.1s
2026-04-07 11:04:49,624 - crawler - INFO - Worker 0: Processing Điện thoại in Tp Hồ Chí Minh (page=0, priority=250)
2026-04-07 11:04:49,984 - database - INFO - Saved 1 new crawled item IDs
2026-04-07 11:04:52,427 - crawler - INFO - Worker 0: Completed route Điện thoại in Tp Hồ Chí Minh in 2.80s
2026-04-07 11:04:52,427 - queue_manager - INFO - Scheduled next crawl for Điện thoại in Tp Hồ Chí Minh after 63.0s
2026-04-07 11:04:55,251 - crawler - INFO - Worker 4: Processing Phụ kiện thời trang khác in Tp Hồ Chí Minh (page=0, priority=245)
2026-04-07 11:04:58,164 - crawler - INFO - Worker 4: Completed route Phụ kiện thời trang khác in Tp Hồ Chí Minh in 2.91s
2026-04-07 11:04:58,165 - queue_manager - INFO - Scheduled next crawl for Phụ kiện thời trang khác in Tp Hồ Chí Minh after 98.5s
2026-04-07 11:05:09,803 - crawler - INFO - Worker 4: Processing Đồ thể thao, Dã ngoại in Tp Hồ Chí Minh (page=0, priority=207)
2026-04-07 11:05:10,449 - database - INFO - Saved 1 new crawled item IDs
2026-04-07 11:05:11,830 - database - INFO - Đã lọc bỏ 1 items lừa đảo/rác trong mẻ này.
2026-04-07 11:05:11,830 - database - INFO - No items passed the filtering criteria and scam check
2026-04-07 11:05:14,076 - crawler - INFO - Worker 0: Processing Điện thoại in Đông Nam Bộ (page=0, priority=200)
2026-04-07 11:05:14,205 - crawler - INFO - Worker 4: Completed route Đồ thể thao, Dã ngoại in Tp Hồ Chí Minh in 4.40s
2026-04-07 11:05:14,205 - queue_manager - INFO - Scheduled next crawl for Đồ thể thao, Dã ngoại in Tp Hồ Chí Minh after 360.0s
2026-04-07 11:05:14,583 - database - INFO - Saved 1 new crawled item IDs
2026-04-07 11:05:17,002 - crawler - INFO - Worker 0: Completed route Điện thoại in Đông Nam Bộ in 2.93s
2026-04-07 11:05:17,002 - queue_manager - INFO - Scheduled next crawl for Điện thoại in Đông Nam Bộ after 406.0s
2026-04-07 11:05:55,428 - crawler - INFO - Worker 1: Processing Điện thoại in Tp Hồ Chí Minh (page=0, priority=250)
2026-04-07 11:05:56,018 - database - INFO - Saved 1 new crawled item IDs
2026-04-07 11:05:58,465 - crawler - INFO - Worker 1: Completed route Điện thoại in Tp Hồ Chí Minh in 3.04s
2026-04-07 11:05:58,466 - queue_manager - INFO - Scheduled next crawl for Điện thoại in Tp Hồ Chí Minh after 63.0s
2026-04-07 11:06:08,807 - crawler - INFO - Worker 1: Processing Điện thoại in Quảng Nam Đà Nẵng (page=0, priority=211)
2026-04-07 11:06:11,811 - crawler - INFO - Worker 1: Completed route Điện thoại in Quảng Nam Đà Nẵng in 3.00s
2026-04-07 11:06:11,811 - queue_manager - INFO - Scheduled next crawl for Điện thoại in Quảng Nam Đà Nẵng after 330.0s
2026-04-07 11:06:36,664 - crawler - INFO - Worker 1: Processing Phụ kiện thời trang khác in Tp Hồ Chí Minh (page=0, priority=245)
2026-04-07 11:06:39,663 - crawler - INFO - Worker 1: Completed route Phụ kiện thời trang khác in Tp Hồ Chí Minh in 3.00s
2026-04-07 11:06:39,663 - queue_manager - INFO - Scheduled next crawl for Phụ kiện thời trang khác in Tp Hồ Chí Minh after 98.5s
2026-04-07 11:06:47,347 - crawler - INFO - Worker 3: Processing Giày dép in Tp Hồ Chí Minh (page=0, priority=227)
2026-04-07 11:06:50,185 - crawler - INFO - Worker 3: Completed route Giày dép in Tp Hồ Chí Minh in 2.84s
2026-04-07 11:06:50,186 - queue_manager - INFO - Scheduled next crawl for Giày dép in Tp Hồ Chí Minh after 221.0s
2026-04-07 11:06:57,384 - crawler - INFO - Worker 2: Processing Đồng hồ in Hà Nội (page=0, priority=0)
2026-04-07 11:06:57,801 - database - INFO - Saved 1 new crawled item IDs
2026-04-07 11:07:00,301 - crawler - INFO - Worker 2: Completed route Đồng hồ in Hà Nội in 2.92s
2026-04-07 11:07:00,302 - queue_manager - INFO - Scheduled next crawl for Đồng hồ in Hà Nội after 3189.0s
2026-04-07 11:07:01,466 - crawler - INFO - Worker 3: Processing Điện thoại in Tp Hồ Chí Minh (page=0, priority=250)
2026-04-07 11:07:04,376 - crawler - INFO - Worker 3: Completed route Điện thoại in Tp Hồ Chí Minh in 2.91s
2026-04-07 11:07:04,376 - queue_manager - INFO - Scheduled next crawl for Điện thoại in Tp Hồ Chí Minh after 63.0s
2026-04-07 11:07:09,528 - crawler - INFO - Worker 2: Processing Mẹ và bé in Tp Hồ Chí Minh (page=0, priority=205)
2026-04-07 11:07:09,961 - database - INFO - Saved 1 new crawled item IDs
2026-04-07 11:07:10,543 - crawler - INFO - Worker 4: Processing Điện thoại in Hà Nội (page=0, priority=238)
2026-04-07 11:07:11,173 - database - INFO - Đã lọc bỏ 1 items lừa đảo/rác trong mẻ này.
2026-04-07 11:07:11,173 - database - INFO - No items passed the filtering criteria and scam check
2026-04-07 11:07:13,269 - crawler - INFO - Worker 4: Completed route Điện thoại in Hà Nội in 2.73s
2026-04-07 11:07:13,269 - queue_manager - INFO - Scheduled next crawl for Điện thoại in Hà Nội after 144.1s
2026-04-07 11:07:13,651 - crawler - INFO - Worker 2: Completed route Mẹ và bé in Tp Hồ Chí Minh in 4.12s
2026-04-07 11:07:13,652 - queue_manager - INFO - Scheduled next crawl for Mẹ và bé in Tp Hồ Chí Minh after 373.0s
2026-04-07 11:07:32,595 - crawler - INFO - Worker 4: Processing Phụ tùng xe in Tp Hồ Chí Minh (page=0, priority=218)
2026-04-07 11:07:35,574 - crawler - INFO - Worker 4: Completed route Phụ tùng xe in Tp Hồ Chí Minh in 2.98s
2026-04-07 11:07:35,574 - queue_manager - INFO - Scheduled next crawl for Phụ tùng xe in Tp Hồ Chí Minh after 281.0s
2026-04-07 11:08:07,377 - crawler - INFO - Worker 4: Processing Điện thoại in Tp Hồ Chí Minh (page=0, priority=250)
2026-04-07 11:08:07,863 - database - INFO - Saved 1 new crawled item IDs
2026-04-07 11:08:10,688 - crawler - INFO - Worker 4: Completed route Điện thoại in Tp Hồ Chí Minh in 3.31s
2026-04-07 11:08:10,689 - queue_manager - INFO - Scheduled next crawl for Điện thoại in Tp Hồ Chí Minh after 63.0s
2026-04-07 11:08:18,163 - crawler - INFO - Worker 4: Processing Phụ kiện thời trang khác in Tp Hồ Chí Minh (page=0, priority=245)
2026-04-07 11:08:20,835 - crawler - INFO - Worker 4: Completed route Phụ kiện thời trang khác in Tp Hồ Chí Minh in 2.67s
2026-04-07 11:08:20,836 - queue_manager - INFO - Scheduled next crawl for Phụ kiện thời trang khác in Tp Hồ Chí Minh after 98.5s
2026-04-07 11:08:53,524 - crawler - INFO - Worker 0: Processing Đồ thể thao, Dã ngoại in Hà Nội (page=0, priority=8)
2026-04-07 11:08:54,088 - database - INFO - Saved 2 new crawled item IDs
2026-04-07 11:08:55,314 - database - INFO - Saved 1 new items to database
2026-04-07 11:08:57,677 - crawler - INFO - Worker 0: Completed route Đồ thể thao, Dã ngoại in Hà Nội in 4.15s
2026-04-07 11:08:57,678 - queue_manager - INFO - Scheduled next crawl for Đồ thể thao, Dã ngoại in Hà Nội after 1742.8s
2026-04-07 11:09:13,688 - crawler - INFO - Worker 2: Processing Điện thoại in Tp Hồ Chí Minh (page=0, priority=250)
2026-04-07 11:09:14,137 - database - INFO - Saved 2 new crawled item IDs
2026-04-07 11:09:16,811 - crawler - INFO - Worker 2: Completed route Điện thoại in Tp Hồ Chí Minh in 3.12s
2026-04-07 11:09:16,812 - queue_manager - INFO - Scheduled next crawl for Điện thoại in Tp Hồ Chí Minh after 63.0s
2026-04-07 11:09:37,319 - crawler - INFO - Worker 1: Processing Điện thoại in Hà Nội (page=0, priority=238)
2026-04-07 11:09:37,849 - database - INFO - Saved 2 new crawled item IDs
2026-04-07 11:09:38,707 - crawler - INFO - Worker 3: Processing Điện thoại in Cần Thơ - Tây Nam Bộ (page=0, priority=174)
2026-04-07 11:09:39,103 - database - INFO - Saved 2 new crawled item IDs
2026-04-07 11:09:40,678 - crawler - INFO - Worker 1: Completed route Điện thoại in Hà Nội in 3.36s
2026-04-07 11:09:40,679 - queue_manager - INFO - Scheduled next crawl for Điện thoại in Hà Nội after 144.1s
2026-04-07 11:09:42,419 - crawler - INFO - Worker 3: Completed route Điện thoại in Cần Thơ - Tây Nam Bộ in 3.71s
2026-04-07 11:09:42,420 - queue_manager - INFO - Scheduled next crawl for Điện thoại in Cần Thơ - Tây Nam Bộ after 586.0s
2026-04-07 11:09:59,336 - crawler - INFO - Worker 1: Processing Phụ kiện thời trang khác in Tp Hồ Chí Minh (page=0, priority=245)
2026-04-07 11:10:02,263 - crawler - INFO - Worker 1: Completed route Phụ kiện thời trang khác in Tp Hồ Chí Minh in 2.93s
2026-04-07 11:10:02,263 - queue_manager - INFO - Scheduled next crawl for Phụ kiện thời trang khác in Tp Hồ Chí Minh after 98.5s
2026-04-07 11:10:19,811 - crawler - INFO - Worker 4: Processing Điện thoại in Tp Hồ Chí Minh (page=0, priority=250)
2026-04-07 11:10:20,529 - database - INFO - Saved 2 new crawled item IDs
2026-04-07 11:10:21,893 - database - INFO - Đã lọc bỏ 1 items lừa đảo/rác trong mẻ này.
2026-04-07 11:10:21,893 - database - INFO - No items passed the filtering criteria and scam check
2026-04-07 11:10:24,299 - crawler - INFO - Worker 4: Completed route Điện thoại in Tp Hồ Chí Minh in 4.49s
2026-04-07 11:10:24,300 - queue_manager - INFO - Scheduled next crawl for Điện thoại in Tp Hồ Chí Minh after 63.0s
2026-04-07 11:10:31,185 - crawler - INFO - Worker 3: Processing Giày dép in Tp Hồ Chí Minh (page=0, priority=227)
2026-04-07 11:10:31,691 - database - INFO - Saved 1 new crawled item IDs
2026-04-07 11:10:34,022 - crawler - INFO - Worker 3: Completed route Giày dép in Tp Hồ Chí Minh in 2.84s
2026-04-07 11:10:34,022 - queue_manager - INFO - Scheduled next crawl for Giày dép in Tp Hồ Chí Minh after 221.0s
2026-04-07 11:10:46,666 - crawler - INFO - Worker 0: Processing Phụ tùng xe in Các tỉnh lân cận Hà Nội (page=0, priority=0)
2026-04-07 11:10:47,092 - crawler - INFO - Worker 4: Processing Phụ tùng xe in Quảng Nam Đà Nẵng (page=0, priority=0)
2026-04-07 11:10:47,599 - database - INFO - Saved 2 new crawled item IDs
2026-04-07 11:10:49,361 - crawler - INFO - Worker 0: Completed route Phụ tùng xe in Các tỉnh lân cận Hà Nội in 2.69s
2026-04-07 11:10:49,361 - queue_manager - INFO - Scheduled next crawl for Phụ tùng xe in Các tỉnh lân cận Hà Nội after 1800.0s
2026-04-07 11:10:49,949 - crawler - INFO - Worker 4: Completed route Phụ tùng xe in Quảng Nam Đà Nẵng in 2.86s
2026-04-07 11:10:49,950 - queue_manager - INFO - Scheduled next crawl for Phụ tùng xe in Quảng Nam Đà Nẵng after 1800.0s
2026-04-07 11:10:51,905 - crawler - INFO - Worker 2: Processing Phụ tùng xe in Thanh Nghệ Tĩnh (page=0, priority=0)
2026-04-07 11:10:52,090 - crawler - INFO - Worker 3: Processing Phụ tùng xe in Hải Phòng Nam Định Thái Bình (page=0, priority=0)
2026-04-07 11:10:52,558 - crawler - INFO - Worker 0: Processing Phụ tùng xe in Bình Trị Thừa Thiên Huế (page=0, priority=0)
2026-04-07 11:10:52,949 - crawler - INFO - Worker 4: Processing Phụ tùng xe in Nam Trung Bộ (page=0, priority=0)
2026-04-07 11:10:53,266 - crawler - INFO - Worker 1: Processing Phụ tùng xe in Tây Nguyên (page=0, priority=0)
2026-04-07 11:10:54,293 - crawler - INFO - Worker 2: Completed route Phụ tùng xe in Thanh Nghệ Tĩnh in 2.39s
2026-04-07 11:10:54,293 - queue_manager - INFO - Scheduled next crawl for Phụ tùng xe in Thanh Nghệ Tĩnh after 1800.0s
2026-04-07 11:10:54,785 - crawler - INFO - Worker 3: Completed route Phụ tùng xe in Hải Phòng Nam Định Thái Bình in 2.69s
2026-04-07 11:10:54,786 - queue_manager - INFO - Scheduled next crawl for Phụ tùng xe in Hải Phòng Nam Định Thái Bình after 1800.0s
2026-04-07 11:10:55,088 - crawler - INFO - Worker 0: Completed route Phụ tùng xe in Bình Trị Thừa Thiên Huế in 2.53s
2026-04-07 11:10:55,088 - queue_manager - INFO - Scheduled next crawl for Phụ tùng xe in Bình Trị Thừa Thiên Huế after 1800.0s
2026-04-07 11:10:55,544 - crawler - INFO - Worker 4: Completed route Phụ tùng xe in Nam Trung Bộ in 2.59s
2026-04-07 11:10:55,545 - queue_manager - INFO - Scheduled next crawl for Phụ tùng xe in Nam Trung Bộ after 1800.0s
2026-04-07 11:10:55,902 - crawler - INFO - Worker 1: Completed route Phụ tùng xe in Tây Nguyên in 2.64s
2026-04-07 11:10:55,903 - queue_manager - INFO - Scheduled next crawl for Phụ tùng xe in Tây Nguyên after 1800.0s
2026-04-07 11:10:57,369 - crawler - INFO - Worker 2: Processing Phụ tùng xe in Đông Bắc Bộ (page=0, priority=0)
2026-04-07 11:10:57,786 - crawler - INFO - Worker 3: Processing Phụ tùng xe in Tây Bắc Bộ (page=0, priority=0)
2026-04-07 11:10:58,216 - crawler - INFO - Worker 0: Processing Giày dép in Các tỉnh lân cận Hà Nội (page=0, priority=0)
2026-04-07 11:10:58,650 - crawler - INFO - Worker 4: Processing Phụ tùng xe in Hà Nội (page=0, priority=0)
2026-04-07 11:10:59,082 - crawler - INFO - Worker 1: Processing Mẹ và bé in Quảng Nam Đà Nẵng (page=0, priority=0)
2026-04-07 11:10:59,739 - crawler - INFO - Worker 2: Completed route Phụ tùng xe in Đông Bắc Bộ in 2.37s
2026-04-07 11:10:59,740 - queue_manager - INFO - Scheduled next crawl for Phụ tùng xe in Đông Bắc Bộ after 1800.0s
2026-04-07 11:11:00,238 - crawler - INFO - Worker 3: Completed route Phụ tùng xe in Tây Bắc Bộ in 2.45s
2026-04-07 11:11:00,238 - queue_manager - INFO - Scheduled next crawl for Phụ tùng xe in Tây Bắc Bộ after 1800.0s
2026-04-07 11:11:00,806 - crawler - INFO - Worker 0: Completed route Giày dép in Các tỉnh lân cận Hà Nội in 2.59s
2026-04-07 11:11:00,807 - queue_manager - INFO - Scheduled next crawl for Giày dép in Các tỉnh lân cận Hà Nội after 1800.0s
2026-04-07 11:11:01,531 - crawler - INFO - Worker 4: Completed route Phụ tùng xe in Hà Nội in 2.88s
2026-04-07 11:11:01,531 - queue_manager - INFO - Scheduled next crawl for Phụ tùng xe in Hà Nội after 1800.0s
2026-04-07 11:11:01,882 - crawler - INFO - Worker 1: Completed route Mẹ và bé in Quảng Nam Đà Nẵng in 2.80s
2026-04-07 11:11:01,882 - queue_manager - INFO - Scheduled next crawl for Mẹ và bé in Quảng Nam Đà Nẵng after 3430.0s
2026-04-07 11:11:03,409 - crawler - INFO - Worker 2: Processing Giày dép in Quảng Nam Đà Nẵng (page=0, priority=0)
2026-04-07 11:11:03,666 - crawler - INFO - Worker 3: Processing Giày dép in Bình Trị Thừa Thiên Huế (page=0, priority=0)
2026-04-07 11:11:04,135 - crawler - INFO - Worker 0: Processing Giày dép in Nam Trung Bộ (page=0, priority=0)
2026-04-07 11:11:04,897 - crawler - INFO - Worker 4: Processing Giày dép in Hải Phòng Nam Định Thái Bình (page=0, priority=0)
2026-04-07 11:11:06,162 - crawler - INFO - Worker 2: Completed route Giày dép in Quảng Nam Đà Nẵng in 2.75s
2026-04-07 11:11:06,163 - queue_manager - INFO - Scheduled next crawl for Giày dép in Quảng Nam Đà Nẵng after 1800.0s
2026-04-07 11:11:06,418 - crawler - INFO - Worker 1: Processing Giày dép in Cần Thơ - Tây Nam Bộ (page=0, priority=0)
2026-04-07 11:11:06,432 - crawler - INFO - Worker 3: Completed route Giày dép in Bình Trị Thừa Thiên Huế in 2.77s
2026-04-07 11:11:06,432 - queue_manager - INFO - Scheduled next crawl for Giày dép in Bình Trị Thừa Thiên Huế after 1800.0s
2026-04-07 11:11:07,114 - crawler - INFO - Worker 0: Completed route Giày dép in Nam Trung Bộ in 2.98s
2026-04-07 11:11:07,115 - queue_manager - INFO - Scheduled next crawl for Giày dép in Nam Trung Bộ after 1800.0s
2026-04-07 11:11:07,670 - crawler - INFO - Worker 4: Completed route Giày dép in Hải Phòng Nam Định Thái Bình in 2.77s
2026-04-07 11:11:07,671 - queue_manager - INFO - Scheduled next crawl for Giày dép in Hải Phòng Nam Định Thái Bình after 1800.0s
2026-04-07 11:11:09,085 - crawler - INFO - Worker 1: Completed route Giày dép in Cần Thơ - Tây Nam Bộ in 2.67s
2026-04-07 11:11:09,085 - queue_manager - INFO - Scheduled next crawl for Giày dép in Cần Thơ - Tây Nam Bộ after 1800.0s
2026-04-07 11:11:09,163 - crawler - INFO - Worker 2: Processing Giày dép in Tây Bắc Bộ (page=0, priority=0)
2026-04-07 11:11:09,314 - crawler - INFO - Worker 2: Completed route Giày dép in Tây Bắc Bộ in 0.15s
2026-04-07 11:11:09,314 - queue_manager - INFO - Scheduled next crawl for Giày dép in Tây Bắc Bộ after 1800.0s
2026-04-07 11:11:09,433 - crawler - INFO - Worker 3: Processing Giày dép in Thanh Nghệ Tĩnh (page=0, priority=0)
2026-04-07 11:11:10,115 - crawler - INFO - Worker 0: Processing Giày dép in Tây Nguyên (page=0, priority=0)
2026-04-07 11:11:10,671 - crawler - INFO - Worker 4: Processing Giày dép in Đông Bắc Bộ (page=0, priority=0)
2026-04-07 11:11:12,038 - crawler - INFO - Worker 3: Completed route Giày dép in Thanh Nghệ Tĩnh in 2.61s
2026-04-07 11:11:12,039 - queue_manager - INFO - Scheduled next crawl for Giày dép in Thanh Nghệ Tĩnh after 1800.0s
2026-04-07 11:11:12,592 - crawler - INFO - Worker 1: Processing Giày dép in Hà Nội (page=0, priority=0)
2026-04-07 11:11:12,860 - crawler - INFO - Worker 0: Completed route Giày dép in Tây Nguyên in 2.74s
2026-04-07 11:11:12,860 - queue_manager - INFO - Scheduled next crawl for Giày dép in Tây Nguyên after 1800.0s
2026-04-07 11:11:12,986 - crawler - INFO - Worker 2: Processing Phụ kiện thời trang khác in Các tỉnh lân cận Hà Nội (page=0, priority=0)
2026-04-07 11:11:13,191 - crawler - INFO - Worker 4: Completed route Giày dép in Đông Bắc Bộ in 2.52s
2026-04-07 11:11:13,192 - queue_manager - INFO - Scheduled next crawl for Giày dép in Đông Bắc Bộ after 1800.0s
2026-04-07 11:11:15,039 - crawler - INFO - Worker 3: Processing Đồ thể thao, Dã ngoại in Tp Hồ Chí Minh (page=0, priority=207)
2026-04-07 11:11:15,363 - crawler - INFO - Worker 1: Completed route Giày dép in Hà Nội in 2.77s
2026-04-07 11:11:15,364 - queue_manager - INFO - Scheduled next crawl for Giày dép in Hà Nội after 1800.0s
2026-04-07 11:11:15,861 - crawler - INFO - Worker 0: Processing Phụ kiện thời trang khác in Đông Nam Bộ (page=0, priority=0)
2026-04-07 11:11:15,963 - crawler - INFO - Worker 2: Completed route Phụ kiện thời trang khác in Các tỉnh lân cận Hà Nội in 2.98s
2026-04-07 11:11:15,963 - queue_manager - INFO - Scheduled next crawl for Phụ kiện thời trang khác in Các tỉnh lân cận Hà Nội after 1800.0s
2026-04-07 11:11:16,512 - crawler - INFO - Worker 4: Processing Phụ kiện thời trang khác in Hải Phòng Nam Định Thái Bình (page=0, priority=0)
2026-04-07 11:11:17,815 - crawler - INFO - Worker 3: Completed route Đồ thể thao, Dã ngoại in Tp Hồ Chí Minh in 2.78s
2026-04-07 11:11:17,815 - queue_manager - INFO - Scheduled next crawl for Đồ thể thao, Dã ngoại in Tp Hồ Chí Minh after 360.0s
2026-04-07 11:11:18,441 - crawler - INFO - Worker 1: Processing Phụ kiện thời trang khác in Quảng Nam Đà Nẵng (page=0, priority=0)
2026-04-07 11:11:18,963 - crawler - INFO - Worker 2: Processing Phụ kiện thời trang khác in Bình Trị Thừa Thiên Huế (page=0, priority=0)
2026-04-07 11:11:19,054 - crawler - INFO - Worker 0: Completed route Phụ kiện thời trang khác in Đông Nam Bộ in 3.19s
2026-04-07 11:11:19,054 - queue_manager - INFO - Scheduled next crawl for Phụ kiện thời trang khác in Đông Nam Bộ after 1800.0s
2026-04-07 11:11:19,403 - crawler - INFO - Worker 4: Completed route Phụ kiện thời trang khác in Hải Phòng Nam Định Thái Bình in 2.89s
2026-04-07 11:11:19,404 - queue_manager - INFO - Scheduled next crawl for Phụ kiện thời trang khác in Hải Phòng Nam Định Thái Bình after 1800.0s
2026-04-07 11:11:19,406 - database - INFO - Saved 1 new crawled item IDs
2026-04-07 11:11:21,147 - crawler - INFO - Worker 1: Completed route Phụ kiện thời trang khác in Quảng Nam Đà Nẵng in 2.71s
2026-04-07 11:11:21,147 - queue_manager - INFO - Scheduled next crawl for Phụ kiện thời trang khác in Quảng Nam Đà Nẵng after 1800.0s
2026-04-07 11:11:21,396 - crawler - INFO - Worker 3: Processing Phụ kiện thời trang khác in Nam Trung Bộ (page=0, priority=0)
2026-04-07 11:11:21,753 - crawler - INFO - Worker 2: Completed route Phụ kiện thời trang khác in Bình Trị Thừa Thiên Huế in 2.79s
2026-04-07 11:11:21,753 - queue_manager - INFO - Scheduled next crawl for Phụ kiện thời trang khác in Bình Trị Thừa Thiên Huế after 1800.0s
2026-04-07 11:11:22,055 - crawler - INFO - Worker 0: Processing Phụ kiện thời trang khác in Tây Bắc Bộ (page=0, priority=0)
2026-04-07 11:11:22,213 - crawler - INFO - Worker 0: Completed route Phụ kiện thời trang khác in Tây Bắc Bộ in 0.16s
2026-04-07 11:11:22,213 - queue_manager - INFO - Scheduled next crawl for Phụ kiện thời trang khác in Tây Bắc Bộ after 1800.0s
2026-04-07 11:11:22,404 - crawler - INFO - Worker 4: Processing Phụ kiện thời trang khác in Cần Thơ - Tây Nam Bộ (page=0, priority=0)
2026-04-07 11:11:24,148 - crawler - INFO - Worker 1: Processing Phụ kiện thời trang khác in Thanh Nghệ Tĩnh (page=0, priority=0)
2026-04-07 11:11:24,171 - crawler - INFO - Worker 3: Completed route Phụ kiện thời trang khác in Nam Trung Bộ in 2.77s
2026-04-07 11:11:24,171 - queue_manager - INFO - Scheduled next crawl for Phụ kiện thời trang khác in Nam Trung Bộ after 1800.0s
2026-04-07 11:11:24,754 - crawler - INFO - Worker 2: Processing Phụ kiện thời trang khác in Đông Bắc Bộ (page=0, priority=0)
2026-04-07 11:11:25,194 - crawler - INFO - Worker 4: Completed route Phụ kiện thời trang khác in Cần Thơ - Tây Nam Bộ in 2.79s
2026-04-07 11:11:25,195 - queue_manager - INFO - Scheduled next crawl for Phụ kiện thời trang khác in Cần Thơ - Tây Nam Bộ after 1800.0s
2026-04-07 11:11:26,712 - crawler - INFO - Worker 1: Completed route Phụ kiện thời trang khác in Thanh Nghệ Tĩnh in 2.56s
2026-04-07 11:11:26,712 - queue_manager - INFO - Scheduled next crawl for Phụ kiện thời trang khác in Thanh Nghệ Tĩnh after 1800.0s
2026-04-07 11:11:27,210 - crawler - INFO - Worker 0: Processing Phụ kiện thời trang khác in Tây Nguyên (page=0, priority=0)
2026-04-07 11:11:27,266 - crawler - INFO - Worker 2: Completed route Phụ kiện thời trang khác in Đông Bắc Bộ in 2.51s
2026-04-07 11:11:27,266 - queue_manager - INFO - Scheduled next crawl for Phụ kiện thời trang khác in Đông Bắc Bộ after 1800.0s
2026-04-07 11:11:27,300 - crawler - INFO - Worker 3: Processing Điện thoại in Tp Hồ Chí Minh (page=0, priority=250)
2026-04-07 11:11:28,195 - crawler - INFO - Worker 4: Processing Đồ thể thao, Dã ngoại in Các tỉnh lân cận Hà Nội (page=0, priority=0)
2026-04-07 11:11:29,712 - crawler - INFO - Worker 1: Processing Phụ kiện thời trang khác in Hà Nội (page=0, priority=0)
2026-04-07 11:11:29,972 - crawler - INFO - Worker 0: Completed route Phụ kiện thời trang khác in Tây Nguyên in 2.76s
2026-04-07 11:11:29,972 - queue_manager - INFO - Scheduled next crawl for Phụ kiện thời trang khác in Tây Nguyên after 1800.0s
2026-04-07 11:11:29,998 - crawler - INFO - Worker 3: Completed route Điện thoại in Tp Hồ Chí Minh in 2.70s
2026-04-07 11:11:29,998 - queue_manager - INFO - Scheduled next crawl for Điện thoại in Tp Hồ Chí Minh after 63.0s
2026-04-07 11:11:30,267 - crawler - INFO - Worker 2: Processing Đồ thể thao, Dã ngoại in Đông Nam Bộ (page=0, priority=0)
2026-04-07 11:11:31,274 - crawler - INFO - Worker 4: Completed route Đồ thể thao, Dã ngoại in Các tỉnh lân cận Hà Nội in 3.08s
2026-04-07 11:11:31,275 - queue_manager - INFO - Scheduled next crawl for Đồ thể thao, Dã ngoại in Các tỉnh lân cận Hà Nội after 1800.0s
2026-04-07 11:11:32,396 - crawler - INFO - Worker 1: Completed route Phụ kiện thời trang khác in Hà Nội in 2.68s
2026-04-07 11:11:32,396 - queue_manager - INFO - Scheduled next crawl for Phụ kiện thời trang khác in Hà Nội after 1800.0s
2026-04-07 11:11:32,973 - crawler - INFO - Worker 0: Processing Đồ thể thao, Dã ngoại in Hải Phòng Nam Định Thái Bình (page=0, priority=0)
2026-04-07 11:11:32,999 - crawler - INFO - Worker 3: Processing Đồ thể thao, Dã ngoại in Bình Trị Thừa Thiên Huế (page=0, priority=0)
2026-04-07 11:11:33,023 - crawler - INFO - Worker 2: Completed route Đồ thể thao, Dã ngoại in Đông Nam Bộ in 2.76s
2026-04-07 11:11:33,024 - queue_manager - INFO - Scheduled next crawl for Đồ thể thao, Dã ngoại in Đông Nam Bộ after 1800.0s
2026-04-07 11:11:34,275 - crawler - INFO - Worker 4: Processing Đồ thể thao, Dã ngoại in Quảng Nam Đà Nẵng (page=0, priority=0)
2026-04-07 11:11:35,396 - crawler - INFO - Worker 1: Processing Đồ thể thao, Dã ngoại in Cần Thơ - Tây Nam Bộ (page=0, priority=0)
2026-04-07 11:11:35,425 - crawler - INFO - Worker 3: Completed route Đồ thể thao, Dã ngoại in Bình Trị Thừa Thiên Huế in 2.43s
2026-04-07 11:11:35,426 - queue_manager - INFO - Scheduled next crawl for Đồ thể thao, Dã ngoại in Bình Trị Thừa Thiên Huế after 1800.0s
2026-04-07 11:11:35,601 - crawler - INFO - Worker 0: Completed route Đồ thể thao, Dã ngoại in Hải Phòng Nam Định Thái Bình in 2.63s
2026-04-07 11:11:35,601 - queue_manager - INFO - Scheduled next crawl for Đồ thể thao, Dã ngoại in Hải Phòng Nam Định Thái Bình after 1800.0s
2026-04-07 11:11:36,024 - crawler - INFO - Worker 2: Processing Đồ thể thao, Dã ngoại in Nam Trung Bộ (page=0, priority=0)
2026-04-07 11:11:37,118 - crawler - INFO - Worker 4: Completed route Đồ thể thao, Dã ngoại in Quảng Nam Đà Nẵng in 2.84s
2026-04-07 11:11:37,129 - queue_manager - INFO - Scheduled next crawl for Đồ thể thao, Dã ngoại in Quảng Nam Đà Nẵng after 1800.0s
2026-04-07 11:11:38,122 - crawler - INFO - Worker 1: Completed route Đồ thể thao, Dã ngoại in Cần Thơ - Tây Nam Bộ in 2.73s
2026-04-07 11:11:38,122 - queue_manager - INFO - Scheduled next crawl for Đồ thể thao, Dã ngoại in Cần Thơ - Tây Nam Bộ after 1800.0s
2026-04-07 11:11:38,425 - crawler - INFO - Worker 3: Processing Đồ thể thao, Dã ngoại in Thanh Nghệ Tĩnh (page=0, priority=0)
2026-04-07 11:11:38,601 - crawler - INFO - Worker 0: Processing Đồ thể thao, Dã ngoại in Tây Bắc Bộ (page=0, priority=0)
2026-04-07 11:11:38,879 - crawler - INFO - Worker 2: Completed route Đồ thể thao, Dã ngoại in Nam Trung Bộ in 2.85s
2026-04-07 11:11:38,879 - queue_manager - INFO - Scheduled next crawl for Đồ thể thao, Dã ngoại in Nam Trung Bộ after 1800.0s
2026-04-07 11:11:40,130 - crawler - INFO - Worker 4: Processing Đồ thể thao, Dã ngoại in Tây Nguyên (page=0, priority=0)
2026-04-07 11:11:40,908 - crawler - INFO - Worker 0: Completed route Đồ thể thao, Dã ngoại in Tây Bắc Bộ in 2.31s
2026-04-07 11:11:40,908 - queue_manager - INFO - Scheduled next crawl for Đồ thể thao, Dã ngoại in Tây Bắc Bộ after 1800.0s
2026-04-07 11:11:40,930 - crawler - INFO - Worker 3: Completed route Đồ thể thao, Dã ngoại in Thanh Nghệ Tĩnh in 2.50s
2026-04-07 11:11:40,930 - queue_manager - INFO - Scheduled next crawl for Đồ thể thao, Dã ngoại in Thanh Nghệ Tĩnh after 1800.0s
2026-04-07 11:11:41,123 - crawler - INFO - Worker 1: Processing Phụ kiện thời trang khác in Tp Hồ Chí Minh (page=0, priority=245)
2026-04-07 11:11:41,880 - crawler - INFO - Worker 2: Processing Điện thoại in Quảng Nam Đà Nẵng (page=0, priority=211)
2026-04-07 11:11:42,185 - database - INFO - Saved 1 new crawled item IDs
2026-04-07 11:11:42,815 - crawler - INFO - Worker 4: Completed route Đồ thể thao, Dã ngoại in Tây Nguyên in 2.68s
2026-04-07 11:11:42,815 - queue_manager - INFO - Scheduled next crawl for Đồ thể thao, Dã ngoại in Tây Nguyên after 1800.0s
2026-04-07 11:11:43,908 - crawler - INFO - Worker 0: Processing Đồ thể thao, Dã ngoại in Đông Bắc Bộ (page=0, priority=0)
2026-04-07 11:11:43,929 - crawler - INFO - Worker 3: Processing Mẹ và bé in Các tỉnh lân cận Hà Nội (page=0, priority=0)
2026-04-07 11:11:44,533 - crawler - INFO - Worker 1: Completed route Phụ kiện thời trang khác in Tp Hồ Chí Minh in 3.41s
2026-04-07 11:11:44,534 - queue_manager - INFO - Scheduled next crawl for Phụ kiện thời trang khác in Tp Hồ Chí Minh after 98.5s
2026-04-07 11:11:44,605 - crawler - INFO - Worker 2: Completed route Điện thoại in Quảng Nam Đà Nẵng in 2.72s
2026-04-07 11:11:44,605 - queue_manager - INFO - Scheduled next crawl for Điện thoại in Quảng Nam Đà Nẵng after 330.0s
2026-04-07 11:11:45,816 - crawler - INFO - Worker 4: Processing Mẹ và bé in Hải Phòng Nam Định Thái Bình (page=0, priority=0)
2026-04-07 11:11:46,307 - crawler - INFO - Worker 0: Completed route Đồ thể thao, Dã ngoại in Đông Bắc Bộ in 2.40s
2026-04-07 11:11:46,307 - queue_manager - INFO - Scheduled next crawl for Đồ thể thao, Dã ngoại in Đông Bắc Bộ after 1800.0s
2026-04-07 11:11:46,473 - crawler - INFO - Worker 3: Completed route Mẹ và bé in Các tỉnh lân cận Hà Nội in 2.54s
2026-04-07 11:11:46,473 - queue_manager - INFO - Scheduled next crawl for Mẹ và bé in Các tỉnh lân cận Hà Nội after 1800.0s
2026-04-07 11:11:47,534 - crawler - INFO - Worker 1: Processing Mẹ và bé in Đông Nam Bộ (page=0, priority=0)
2026-04-07 11:11:47,605 - crawler - INFO - Worker 2: Processing Mẹ và bé in Cần Thơ - Tây Nam Bộ (page=0, priority=0)
2026-04-07 11:11:48,373 - crawler - INFO - Worker 4: Completed route Mẹ và bé in Hải Phòng Nam Định Thái Bình in 2.56s
2026-04-07 11:11:48,373 - queue_manager - INFO - Scheduled next crawl for Mẹ và bé in Hải Phòng Nam Định Thái Bình after 1800.0s
2026-04-07 11:11:49,307 - crawler - INFO - Worker 0: Processing Mẹ và bé in Bình Trị Thừa Thiên Huế (page=0, priority=0)
2026-04-07 11:11:49,472 - crawler - INFO - Worker 3: Processing Mẹ và bé in Thanh Nghệ Tĩnh (page=0, priority=0)
2026-04-07 11:11:50,256 - crawler - INFO - Worker 1: Completed route Mẹ và bé in Đông Nam Bộ in 2.72s
2026-04-07 11:11:50,257 - queue_manager - INFO - Scheduled next crawl for Mẹ và bé in Đông Nam Bộ after 1800.0s
2026-04-07 11:11:50,257 - crawler - INFO - Worker 2: Completed route Mẹ và bé in Cần Thơ - Tây Nam Bộ in 2.65s
2026-04-07 11:11:50,258 - queue_manager - INFO - Scheduled next crawl for Mẹ và bé in Cần Thơ - Tây Nam Bộ after 1800.0s
2026-04-07 11:11:51,374 - crawler - INFO - Worker 4: Processing Mẹ và bé in Tây Bắc Bộ (page=0, priority=0)
2026-04-07 11:11:51,551 - crawler - INFO - Worker 4: Completed route Mẹ và bé in Tây Bắc Bộ in 0.18s
2026-04-07 11:11:51,551 - queue_manager - INFO - Scheduled next crawl for Mẹ và bé in Tây Bắc Bộ after 1800.0s
2026-04-07 11:11:51,759 - crawler - INFO - Worker 0: Completed route Mẹ và bé in Bình Trị Thừa Thiên Huế in 2.45s
2026-04-07 11:11:51,760 - queue_manager - INFO - Scheduled next crawl for Mẹ và bé in Bình Trị Thừa Thiên Huế after 1800.0s
2026-04-07 11:11:51,964 - crawler - INFO - Worker 3: Completed route Mẹ và bé in Thanh Nghệ Tĩnh in 2.49s
2026-04-07 11:11:51,964 - queue_manager - INFO - Scheduled next crawl for Mẹ và bé in Thanh Nghệ Tĩnh after 1800.0s
2026-04-07 11:11:53,257 - crawler - INFO - Worker 1: Processing Mẹ và bé in Nam Trung Bộ (page=0, priority=0)
2026-04-07 11:11:53,258 - crawler - INFO - Worker 2: Processing Mẹ và bé in Đông Bắc Bộ (page=0, priority=0)
2026-04-07 11:11:54,551 - crawler - INFO - Worker 4: Processing Mẹ và bé in Tây Nguyên (page=0, priority=0)
2026-04-07 11:11:54,759 - crawler - INFO - Worker 0: Processing Mẹ và bé in Hà Nội (page=0, priority=0)
2026-04-07 11:11:54,964 - crawler - INFO - Worker 3: Processing Thiết bị chơi game in Các tỉnh lân cận Hà Nội (page=0, priority=0)
2026-04-07 11:11:55,567 - crawler - INFO - Worker 2: Completed route Mẹ và bé in Đông Bắc Bộ in 2.31s
2026-04-07 11:11:55,568 - queue_manager - INFO - Scheduled next crawl for Mẹ và bé in Đông Bắc Bộ after 1800.0s
2026-04-07 11:11:55,779 - crawler - INFO - Worker 1: Completed route Mẹ và bé in Nam Trung Bộ in 2.52s
2026-04-07 11:11:55,780 - queue_manager - INFO - Scheduled next crawl for Mẹ và bé in Nam Trung Bộ after 1800.0s
2026-04-07 11:11:57,074 - crawler - INFO - Worker 4: Completed route Mẹ và bé in Tây Nguyên in 2.52s
2026-04-07 11:11:57,074 - queue_manager - INFO - Scheduled next crawl for Mẹ và bé in Tây Nguyên after 1800.0s
2026-04-07 11:11:57,412 - crawler - INFO - Worker 3: Completed route Thiết bị chơi game in Các tỉnh lân cận Hà Nội in 2.45s
2026-04-07 11:11:57,413 - queue_manager - INFO - Scheduled next crawl for Thiết bị chơi game in Các tỉnh lân cận Hà Nội after 1800.0s
2026-04-07 11:11:57,495 - crawler - INFO - Worker 0: Completed route Mẹ và bé in Hà Nội in 2.74s
2026-04-07 11:11:57,496 - queue_manager - INFO - Scheduled next crawl for Mẹ và bé in Hà Nội after 1800.0s
2026-04-07 11:11:58,568 - crawler - INFO - Worker 2: Processing Thiết bị chơi game in Đông Nam Bộ (page=0, priority=0)
2026-04-07 11:11:58,781 - crawler - INFO - Worker 1: Processing Thiết bị chơi game in Quảng Nam Đà Nẵng (page=0, priority=0)
2026-04-07 11:12:00,075 - crawler - INFO - Worker 4: Processing Thiết bị chơi game in Hải Phòng Nam Định Thái Bình (page=0, priority=0)
2026-04-07 11:12:00,412 - crawler - INFO - Worker 3: Processing Thiết bị chơi game in Cần Thơ - Tây Nam Bộ (page=0, priority=0)
2026-04-07 11:12:00,496 - crawler - INFO - Worker 0: Processing Thiết bị chơi game in Bình Trị Thừa Thiên Huế (page=0, priority=0)
2026-04-07 11:12:01,218 - crawler - INFO - Worker 2: Completed route Thiết bị chơi game in Đông Nam Bộ in 2.65s
2026-04-07 11:12:01,218 - queue_manager - INFO - Scheduled next crawl for Thiết bị chơi game in Đông Nam Bộ after 1800.0s
2026-04-07 11:12:01,476 - crawler - INFO - Worker 1: Completed route Thiết bị chơi game in Quảng Nam Đà Nẵng in 2.70s
2026-04-07 11:12:01,476 - queue_manager - INFO - Scheduled next crawl for Thiết bị chơi game in Quảng Nam Đà Nẵng after 1800.0s
2026-04-07 11:12:02,867 - crawler - INFO - Worker 4: Completed route Thiết bị chơi game in Hải Phòng Nam Định Thái Bình in 2.79s
2026-04-07 11:12:02,868 - queue_manager - INFO - Scheduled next crawl for Thiết bị chơi game in Hải Phòng Nam Định Thái Bình after 1800.0s
2026-04-07 11:12:02,906 - crawler - INFO - Worker 0: Completed route Thiết bị chơi game in Bình Trị Thừa Thiên Huế in 2.41s
2026-04-07 11:12:02,907 - queue_manager - INFO - Scheduled next crawl for Thiết bị chơi game in Bình Trị Thừa Thiên Huế after 1800.0s
2026-04-07 11:12:03,284 - crawler - INFO - Worker 3: Completed route Thiết bị chơi game in Cần Thơ - Tây Nam Bộ in 2.87s
2026-04-07 11:12:03,284 - queue_manager - INFO - Scheduled next crawl for Thiết bị chơi game in Cần Thơ - Tây Nam Bộ after 1800.0s
2026-04-07 11:12:04,219 - crawler - INFO - Worker 2: Processing Điện thoại in Đông Nam Bộ (page=0, priority=200)
2026-04-07 11:12:04,477 - crawler - INFO - Worker 1: Processing Thiết bị chơi game in Nam Trung Bộ (page=0, priority=0)
2026-04-07 11:12:04,619 - database - INFO - Saved 2 new crawled item IDs
2026-04-07 11:12:05,868 - crawler - INFO - Worker 4: Processing Điện thoại in Hà Nội (page=0, priority=238)
2026-04-07 11:12:05,906 - crawler - INFO - Worker 0: Processing Thiết bị chơi game in Thanh Nghệ Tĩnh (page=0, priority=0)
2026-04-07 11:12:06,285 - crawler - INFO - Worker 3: Processing Thiết bị chơi game in Tây Nguyên (page=0, priority=0)
2026-04-07 11:12:06,304 - database - INFO - Saved 2 new crawled item IDs
2026-04-07 11:12:06,999 - crawler - INFO - Worker 2: Completed route Điện thoại in Đông Nam Bộ in 2.78s
2026-04-07 11:12:06,999 - queue_manager - INFO - Scheduled next crawl for Điện thoại in Đông Nam Bộ after 406.0s
2026-04-07 11:12:07,079 - crawler - INFO - Worker 1: Completed route Thiết bị chơi game in Nam Trung Bộ in 2.60s
2026-04-07 11:12:07,079 - queue_manager - INFO - Scheduled next crawl for Thiết bị chơi game in Nam Trung Bộ after 1800.0s
2026-04-07 11:12:08,347 - crawler - INFO - Worker 0: Completed route Thiết bị chơi game in Thanh Nghệ Tĩnh in 2.44s
2026-04-07 11:12:08,347 - queue_manager - INFO - Scheduled next crawl for Thiết bị chơi game in Thanh Nghệ Tĩnh after 1800.0s
2026-04-07 11:12:08,642 - crawler - INFO - Worker 4: Completed route Điện thoại in Hà Nội in 2.77s
2026-04-07 11:12:08,643 - queue_manager - INFO - Scheduled next crawl for Điện thoại in Hà Nội after 144.1s
2026-04-07 11:12:08,732 - crawler - INFO - Worker 3: Completed route Thiết bị chơi game in Tây Nguyên in 2.45s
2026-04-07 11:12:08,732 - queue_manager - INFO - Scheduled next crawl for Thiết bị chơi game in Tây Nguyên after 1800.0s
2026-04-07 11:12:10,000 - crawler - INFO - Worker 2: Processing Thiết bị chơi game in Tây Bắc Bộ (page=0, priority=0)
2026-04-07 11:12:10,078 - crawler - INFO - Worker 1: Processing Thiết bị chơi game in Đông Bắc Bộ (page=0, priority=0)
2026-04-07 11:12:11,348 - crawler - INFO - Worker 0: Processing Thiết bị chơi game in Hà Nội (page=0, priority=0)
2026-04-07 11:12:11,643 - crawler - INFO - Worker 4: Processing Điện thoại in Thanh Nghệ Tĩnh (page=0, priority=0)
2026-04-07 11:12:11,733 - crawler - INFO - Worker 3: Processing Điện thoại in Tây Bắc Bộ (page=0, priority=0)
2026-04-07 11:12:12,400 - crawler - INFO - Worker 2: Completed route Thiết bị chơi game in Tây Bắc Bộ in 2.40s
2026-04-07 11:12:12,400 - queue_manager - INFO - Scheduled next crawl for Thiết bị chơi game in Tây Bắc Bộ after 1800.0s
2026-04-07 11:12:12,445 - crawler - INFO - Worker 1: Completed route Thiết bị chơi game in Đông Bắc Bộ in 2.37s
2026-04-07 11:12:12,445 - queue_manager - INFO - Scheduled next crawl for Thiết bị chơi game in Đông Bắc Bộ after 1800.0s
2026-04-07 11:12:14,163 - crawler - INFO - Worker 0: Completed route Thiết bị chơi game in Hà Nội in 2.81s
2026-04-07 11:12:14,163 - queue_manager - INFO - Scheduled next crawl for Thiết bị chơi game in Hà Nội after 1800.0s
2026-04-07 11:12:14,294 - crawler - INFO - Worker 3: Completed route Điện thoại in Tây Bắc Bộ in 2.56s
2026-04-07 11:12:14,294 - queue_manager - INFO - Scheduled next crawl for Điện thoại in Tây Bắc Bộ after 1800.0s
2026-04-07 11:12:14,386 - crawler - INFO - Worker 4: Completed route Điện thoại in Thanh Nghệ Tĩnh in 2.74s
2026-04-07 11:12:14,387 - queue_manager - INFO - Scheduled next crawl for Điện thoại in Thanh Nghệ Tĩnh after 1800.0s
2026-04-07 11:12:15,401 - crawler - INFO - Worker 2: Processing Điện thoại in Đông Bắc Bộ (page=0, priority=0)
2026-04-07 11:12:15,445 - crawler - INFO - Worker 1: Processing Đồng hồ in Các tỉnh lân cận Hà Nội (page=0, priority=0)
2026-04-07 11:12:17,164 - crawler - INFO - Worker 0: Processing Phụ tùng xe in Tp Hồ Chí Minh (page=0, priority=218)
2026-04-07 11:12:17,295 - crawler - INFO - Worker 3: Processing Đồng hồ in Đông Nam Bộ (page=0, priority=0)
2026-04-07 11:12:17,387 - crawler - INFO - Worker 4: Processing Đồng hồ in Quảng Nam Đà Nẵng (page=0, priority=0)
2026-04-07 11:12:17,518 - database - INFO - Saved 2 new crawled item IDs
2026-04-07 11:12:18,334 - crawler - INFO - Worker 2: Completed route Điện thoại in Đông Bắc Bộ in 2.93s
2026-04-07 11:12:18,335 - queue_manager - INFO - Scheduled next crawl for Điện thoại in Đông Bắc Bộ after 1800.0s
2026-04-07 11:12:18,385 - crawler - INFO - Worker 1: Completed route Đồng hồ in Các tỉnh lân cận Hà Nội in 2.94s
2026-04-07 11:12:18,385 - queue_manager - INFO - Scheduled next crawl for Đồng hồ in Các tỉnh lân cận Hà Nội after 1800.0s
2026-04-07 11:12:19,891 - crawler - INFO - Worker 0: Completed route Phụ tùng xe in Tp Hồ Chí Minh in 2.73s
2026-04-07 11:12:19,891 - queue_manager - INFO - Scheduled next crawl for Phụ tùng xe in Tp Hồ Chí Minh after 281.0s
2026-04-07 11:12:20,044 - crawler - INFO - Worker 3: Completed route Đồng hồ in Đông Nam Bộ in 2.75s
2026-04-07 11:12:20,045 - queue_manager - INFO - Scheduled next crawl for Đồng hồ in Đông Nam Bộ after 1800.0s
2026-04-07 11:12:20,062 - crawler - INFO - Worker 4: Completed route Đồng hồ in Quảng Nam Đà Nẵng in 2.68s
2026-04-07 11:12:20,063 - queue_manager - INFO - Scheduled next crawl for Đồng hồ in Quảng Nam Đà Nẵng after 1800.0s
2026-04-07 11:12:21,334 - crawler - INFO - Worker 2: Processing Đồng hồ in Hải Phòng Nam Định Thái Bình (page=0, priority=0)
2026-04-07 11:12:21,385 - crawler - INFO - Worker 1: Processing Đồng hồ in Cần Thơ - Tây Nam Bộ (page=0, priority=0)
2026-04-07 11:12:21,721 - database - INFO - Saved 1 new crawled item IDs
2026-04-07 11:12:22,893 - crawler - INFO - Worker 0: Processing Đồng hồ in Bình Trị Thừa Thiên Huế (page=0, priority=0)
2026-04-07 11:12:23,045 - crawler - INFO - Worker 3: Processing Đồng hồ in Nam Trung Bộ (page=0, priority=0)
2026-04-07 11:12:23,063 - crawler - INFO - Worker 4: Processing Đồng hồ in Thanh Nghệ Tĩnh (page=0, priority=0)
2026-04-07 11:12:24,089 - crawler - INFO - Worker 1: Completed route Đồng hồ in Cần Thơ - Tây Nam Bộ in 2.70s
2026-04-07 11:12:24,089 - queue_manager - INFO - Scheduled next crawl for Đồng hồ in Cần Thơ - Tây Nam Bộ after 1800.0s
2026-04-07 11:12:24,090 - crawler - INFO - Worker 2: Completed route Đồng hồ in Hải Phòng Nam Định Thái Bình in 2.76s
2026-04-07 11:12:24,090 - queue_manager - INFO - Scheduled next crawl for Đồng hồ in Hải Phòng Nam Định Thái Bình after 1800.0s
2026-04-07 11:12:25,718 - crawler - INFO - Worker 4: Completed route Đồng hồ in Thanh Nghệ Tĩnh in 2.66s
2026-04-07 11:12:25,719 - queue_manager - INFO - Scheduled next crawl for Đồng hồ in Thanh Nghệ Tĩnh after 1800.0s
2026-04-07 11:12:25,723 - crawler - INFO - Worker 0: Completed route Đồng hồ in Bình Trị Thừa Thiên Huế in 2.83s
2026-04-07 11:12:25,723 - queue_manager - INFO - Scheduled next crawl for Đồng hồ in Bình Trị Thừa Thiên Huế after 1800.0s
2026-04-07 11:12:25,724 - crawler - INFO - Worker 3: Completed route Đồng hồ in Nam Trung Bộ in 2.68s
2026-04-07 11:12:25,724 - queue_manager - INFO - Scheduled next crawl for Đồng hồ in Nam Trung Bộ after 1800.0s
2026-04-07 11:12:27,090 - crawler - INFO - Worker 1: Processing Đồng hồ in Đông Bắc Bộ (page=0, priority=0)
2026-04-07 11:12:27,091 - crawler - INFO - Worker 2: Processing Đồng hồ in Tây Bắc Bộ (page=0, priority=0)
2026-04-07 11:12:28,720 - crawler - INFO - Worker 4: Processing Đồng hồ in Tây Nguyên (page=0, priority=0)
2026-04-07 11:12:29,617 - crawler - INFO - Worker 2: Completed route Đồng hồ in Tây Bắc Bộ in 2.53s
2026-04-07 11:12:29,617 - queue_manager - INFO - Scheduled next crawl for Đồng hồ in Tây Bắc Bộ after 1800.0s
2026-04-07 11:12:29,652 - crawler - INFO - Worker 1: Completed route Đồng hồ in Đông Bắc Bộ in 2.56s
2026-04-07 11:12:29,654 - queue_manager - INFO - Scheduled next crawl for Đồng hồ in Đông Bắc Bộ after 1800.0s
2026-04-07 11:12:30,133 - crawler - INFO - Worker 0: Processing Laptop in Các tỉnh lân cận Hà Nội (page=0, priority=0)
2026-04-07 11:12:30,498 - crawler - INFO - Worker 3: Processing Laptop in Đông Nam Bộ (page=0, priority=0)
2026-04-07 11:12:30,860 - database - INFO - Saved 1 new crawled item IDs
2026-04-07 11:12:31,621 - crawler - INFO - Worker 4: Completed route Đồng hồ in Tây Nguyên in 2.90s
2026-04-07 11:12:31,621 - queue_manager - INFO - Scheduled next crawl for Đồng hồ in Tây Nguyên after 1800.0s
2026-04-07 11:12:32,617 - crawler - INFO - Worker 2: Processing Đồng hồ in Tp Hồ Chí Minh (page=0, priority=0)
2026-04-07 11:12:32,654 - crawler - INFO - Worker 1: Processing Laptop in Quảng Nam Đà Nẵng (page=0, priority=0)
2026-04-07 11:12:32,835 - crawler - INFO - Worker 0: Completed route Laptop in Các tỉnh lân cận Hà Nội in 2.70s
2026-04-07 11:12:32,835 - queue_manager - INFO - Scheduled next crawl for Laptop in Các tỉnh lân cận Hà Nội after 1800.0s
2026-04-07 11:12:32,958 - database - INFO - Saved 4 new crawled item IDs
2026-04-07 11:12:33,208 - crawler - INFO - Worker 3: Completed route Laptop in Đông Nam Bộ in 2.71s
2026-04-07 11:12:33,208 - queue_manager - INFO - Scheduled next crawl for Laptop in Đông Nam Bộ after 1800.0s
2026-04-07 11:12:34,212 - database - INFO - Đã lọc bỏ 1 items lừa đảo/rác trong mẻ này.
2026-04-07 11:12:34,212 - database - INFO - No items passed the filtering criteria and scam check
2026-04-07 11:12:34,622 - crawler - INFO - Worker 4: Processing Điện thoại in Tp Hồ Chí Minh (page=0, priority=250)
2026-04-07 11:12:35,369 - crawler - INFO - Worker 1: Completed route Laptop in Quảng Nam Đà Nẵng in 2.71s
2026-04-07 11:12:35,369 - queue_manager - INFO - Scheduled next crawl for Laptop in Quảng Nam Đà Nẵng after 1800.0s
2026-04-07 11:12:35,835 - crawler - INFO - Worker 0: Processing Laptop in Hải Phòng Nam Định Thái Bình (page=0, priority=0)
2026-04-07 11:12:36,208 - crawler - INFO - Worker 3: Processing Laptop in Cần Thơ - Tây Nam Bộ (page=0, priority=0)
2026-04-07 11:12:36,541 - crawler - INFO - Worker 2: Completed route Đồng hồ in Tp Hồ Chí Minh in 3.92s
2026-04-07 11:12:36,542 - queue_manager - INFO - Scheduled next crawl for Đồng hồ in Tp Hồ Chí Minh after 1800.0s
2026-04-07 11:12:37,470 - crawler - INFO - Worker 4: Completed route Điện thoại in Tp Hồ Chí Minh in 2.85s
2026-04-07 11:12:37,470 - queue_manager - INFO - Scheduled next crawl for Điện thoại in Tp Hồ Chí Minh after 63.0s
2026-04-07 11:12:38,370 - crawler - INFO - Worker 1: Processing Laptop in Bình Trị Thừa Thiên Huế (page=0, priority=0)
2026-04-07 11:12:38,612 - crawler - INFO - Worker 0: Completed route Laptop in Hải Phòng Nam Định Thái Bình in 2.78s
2026-04-07 11:12:38,612 - queue_manager - INFO - Scheduled next crawl for Laptop in Hải Phòng Nam Định Thái Bình after 1800.0s
2026-04-07 11:12:38,762 - database - INFO - Saved 1 new crawled item IDs
2026-04-07 11:12:38,915 - crawler - INFO - Worker 3: Completed route Laptop in Cần Thơ - Tây Nam Bộ in 2.71s
2026-04-07 11:12:38,918 - queue_manager - INFO - Scheduled next crawl for Laptop in Cần Thơ - Tây Nam Bộ after 1800.0s
2026-04-07 11:12:39,543 - crawler - INFO - Worker 2: Processing Laptop in Nam Trung Bộ (page=0, priority=0)
2026-04-07 11:12:39,807 - database - INFO - Saved 1 new items to database
2026-04-07 11:12:40,471 - crawler - INFO - Worker 4: Processing Laptop in Thanh Nghệ Tĩnh (page=0, priority=0)
2026-04-07 11:12:41,793 - crawler - INFO - Worker 0: Processing Laptop in Tây Nguyên (page=0, priority=0)
2026-04-07 11:12:42,132 - crawler - INFO - Worker 1: Completed route Laptop in Bình Trị Thừa Thiên Huế in 3.76s
2026-04-07 11:12:42,133 - queue_manager - INFO - Scheduled next crawl for Laptop in Bình Trị Thừa Thiên Huế after 1800.0s
2026-04-07 11:12:42,259 - crawler - INFO - Worker 2: Completed route Laptop in Nam Trung Bộ in 2.72s
2026-04-07 11:12:42,259 - queue_manager - INFO - Scheduled next crawl for Laptop in Nam Trung Bộ after 1800.0s
2026-04-07 11:12:42,273 - crawler - INFO - Worker 3: Processing Laptop in Đông Bắc Bộ (page=0, priority=0)
2026-04-07 11:12:42,629 - database - INFO - Saved 1 new crawled item IDs
2026-04-07 11:12:43,621 - crawler - INFO - Worker 4: Completed route Laptop in Thanh Nghệ Tĩnh in 3.15s
2026-04-07 11:12:43,622 - queue_manager - INFO - Scheduled next crawl for Laptop in Thanh Nghệ Tĩnh after 1800.0s
2026-04-07 11:12:44,492 - crawler - INFO - Worker 0: Completed route Laptop in Tây Nguyên in 2.70s
2026-04-07 11:12:44,493 - queue_manager - INFO - Scheduled next crawl for Laptop in Tây Nguyên after 1800.0s
2026-04-07 11:12:44,992 - crawler - INFO - Worker 3: Completed route Laptop in Đông Bắc Bộ in 2.72s
2026-04-07 11:12:44,992 - queue_manager - INFO - Scheduled next crawl for Laptop in Đông Bắc Bộ after 1800.0s
2026-04-07 11:12:45,134 - crawler - INFO - Worker 1: Processing Laptop in Tây Bắc Bộ (page=0, priority=0)
2026-04-07 11:12:45,259 - crawler - INFO - Worker 2: Processing Laptop in Hà Nội (page=0, priority=0)
2026-04-07 11:12:45,817 - database - INFO - Saved 2 new crawled item IDs
2026-04-07 11:12:46,873 - database - INFO - Đã lọc bỏ 1 items lừa đảo/rác trong mẻ này.
2026-04-07 11:12:46,873 - database - INFO - No items passed the filtering criteria and scam check
2026-04-07 11:12:47,599 - crawler - INFO - Worker 4: Processing Máy ảnh, Máy quay in Đông Nam Bộ (page=0, priority=0)
2026-04-07 11:12:47,935 - database - INFO - Saved 1 new crawled item IDs
2026-04-07 11:12:48,214 - crawler - INFO - Worker 0: Processing Máy ảnh, Máy quay in Các tỉnh lân cận Hà Nội (page=0, priority=0)
2026-04-07 11:12:48,353 - crawler - INFO - Worker 1: Completed route Laptop in Tây Bắc Bộ in 3.22s
2026-04-07 11:12:48,353 - queue_manager - INFO - Scheduled next crawl for Laptop in Tây Bắc Bộ after 1800.0s
2026-04-07 11:12:49,219 - crawler - INFO - Worker 2: Completed route Laptop in Hà Nội in 3.96s
2026-04-07 11:12:49,219 - queue_manager - INFO - Scheduled next crawl for Laptop in Hà Nội after 1800.0s
2026-04-07 11:12:49,341 - crawler - INFO - Worker 3: Processing Máy ảnh, Máy quay in Quảng Nam Đà Nẵng (page=0, priority=0)
2026-04-07 11:12:50,236 - crawler - INFO - Worker 4: Completed route Máy ảnh, Máy quay in Đông Nam Bộ in 2.64s
2026-04-07 11:12:50,236 - queue_manager - INFO - Scheduled next crawl for Máy ảnh, Máy quay in Đông Nam Bộ after 1800.0s
2026-04-07 11:12:50,726 - ai_worker - INFO - Gửi 5 items lên Gemini AI (gemini-3.1-flash-lite-preview) để thẩm định...
2026-04-07 11:12:50,743 - google_genai.models - INFO - AFC is enabled with max remote calls: 10.
2026-04-07 11:12:50,828 - crawler - INFO - Worker 0: Completed route Máy ảnh, Máy quay in Các tỉnh lân cận Hà Nội in 2.61s
2026-04-07 11:12:50,828 - queue_manager - INFO - Scheduled next crawl for Máy ảnh, Máy quay in Các tỉnh lân cận Hà Nội after 1800.0s
2026-04-07 11:12:51,354 - crawler - INFO - Worker 1: Processing Laptop in Tp Hồ Chí Minh (page=0, priority=0)
2026-04-07 11:12:51,721 - database - INFO - Saved 3 new crawled item IDs
2026-04-07 11:12:52,026 - crawler - INFO - Worker 3: Completed route Máy ảnh, Máy quay in Quảng Nam Đà Nẵng in 2.68s
2026-04-07 11:12:52,026 - queue_manager - INFO - Scheduled next crawl for Máy ảnh, Máy quay in Quảng Nam Đà Nẵng after 1800.0s
2026-04-07 11:12:53,548 - crawler - INFO - Worker 2: Processing Máy ảnh, Máy quay in Hải Phòng Nam Định Thái Bình (page=0, priority=0)
2026-04-07 11:12:53,704 - crawler - INFO - Worker 4: Processing Máy ảnh, Máy quay in Bình Trị Thừa Thiên Huế (page=0, priority=0)
2026-04-07 11:12:53,847 - database - INFO - Saved 1 new crawled item IDs
2026-04-07 11:12:54,049 - crawler - INFO - Worker 0: Processing Máy ảnh, Máy quay in Cần Thơ - Tây Nam Bộ (page=0, priority=0)
2026-04-07 11:12:54,072 - crawler - INFO - Worker 1: Completed route Laptop in Tp Hồ Chí Minh in 2.72s
2026-04-07 11:12:54,074 - queue_manager - INFO - Scheduled next crawl for Laptop in Tp Hồ Chí Minh after 1800.0s
2026-04-07 11:12:54,076 - database - INFO - Saved 1 new crawled item IDs
2026-04-07 11:12:54,407 - database - INFO - Saved 1 new crawled item IDs
2026-04-07 11:12:55,083 - crawler - INFO - Worker 3: Processing Máy ảnh, Máy quay in Thanh Nghệ Tĩnh (page=0, priority=0)
2026-04-07 11:12:56,201 - crawler - INFO - Worker 2: Completed route Máy ảnh, Máy quay in Hải Phòng Nam Định Thái Bình in 2.65s
2026-04-07 11:12:56,202 - queue_manager - INFO - Scheduled next crawl for Máy ảnh, Máy quay in Hải Phòng Nam Định Thái Bình after 1800.0s
2026-04-07 11:12:56,361 - crawler - INFO - Worker 4: Completed route Máy ảnh, Máy quay in Bình Trị Thừa Thiên Huế in 2.66s
2026-04-07 11:12:56,362 - queue_manager - INFO - Scheduled next crawl for Máy ảnh, Máy quay in Bình Trị Thừa Thiên Huế after 1800.0s
2026-04-07 11:12:56,775 - crawler - INFO - Worker 0: Completed route Máy ảnh, Máy quay in Cần Thơ - Tây Nam Bộ in 2.73s
2026-04-07 11:12:56,776 - queue_manager - INFO - Scheduled next crawl for Máy ảnh, Máy quay in Cần Thơ - Tây Nam Bộ after 1800.0s
2026-04-07 11:12:57,075 - crawler - INFO - Worker 1: Processing Máy ảnh, Máy quay in Nam Trung Bộ (page=0, priority=0)
2026-04-07 11:12:57,628 - crawler - INFO - Worker 3: Completed route Máy ảnh, Máy quay in Thanh Nghệ Tĩnh in 2.54s
2026-04-07 11:12:57,629 - queue_manager - INFO - Scheduled next crawl for Máy ảnh, Máy quay in Thanh Nghệ Tĩnh after 1800.0s
2026-04-07 11:12:59,542 - crawler - INFO - Worker 2: Processing Máy ảnh, Máy quay in Tây Nguyên (page=0, priority=0)
2026-04-07 11:12:59,578 - crawler - INFO - Worker 4: Processing Máy ảnh, Máy quay in Đông Bắc Bộ (page=0, priority=0)
2026-04-07 11:12:59,751 - crawler - INFO - Worker 1: Completed route Máy ảnh, Máy quay in Nam Trung Bộ in 2.68s
2026-04-07 11:12:59,751 - queue_manager - INFO - Scheduled next crawl for Máy ảnh, Máy quay in Nam Trung Bộ after 1800.0s
2026-04-07 11:13:00,490 - crawler - INFO - Worker 0: Processing Máy ảnh, Máy quay in Tây Bắc Bộ (page=0, priority=0)
2026-04-07 11:13:02,010 - crawler - INFO - Worker 4: Completed route Máy ảnh, Máy quay in Đông Bắc Bộ in 2.43s
2026-04-07 11:13:02,010 - queue_manager - INFO - Scheduled next crawl for Máy ảnh, Máy quay in Đông Bắc Bộ after 1800.0s
2026-04-07 11:13:02,234 - crawler - INFO - Worker 2: Completed route Máy ảnh, Máy quay in Tây Nguyên in 2.69s
2026-04-07 11:13:02,235 - queue_manager - INFO - Scheduled next crawl for Máy ảnh, Máy quay in Tây Nguyên after 1800.0s
2026-04-07 11:13:02,800 - crawler - INFO - Worker 3: Processing Máy ảnh, Máy quay in Hà Nội (page=0, priority=0)
2026-04-07 11:13:02,921 - crawler - INFO - Worker 0: Completed route Máy ảnh, Máy quay in Tây Bắc Bộ in 2.43s
2026-04-07 11:13:02,921 - queue_manager - INFO - Scheduled next crawl for Máy ảnh, Máy quay in Tây Bắc Bộ after 1800.0s
2026-04-07 11:13:03,116 - database - INFO - Saved 2 new crawled item IDs
2026-04-07 11:13:04,456 - httpx - INFO - HTTP Request: POST https://generativelanguage.googleapis.com/v1beta/models/gemini-3.1-flash-lite-preview:generateContent "HTTP/1.1 200 OK"
2026-04-07 11:13:04,479 - ai_worker - INFO - Đã xử lý 5 items. Tìm thấy 0 kèo thơm (type 1)!
2026-04-07 11:13:05,458 - crawler - INFO - Worker 3: Completed route Máy ảnh, Máy quay in Hà Nội in 2.66s
2026-04-07 11:13:05,458 - queue_manager - INFO - Scheduled next crawl for Máy ảnh, Máy quay in Hà Nội after 1800.0s
2026-04-07 11:13:06,266 - crawler - INFO - Worker 1: Processing Phụ kiện (Màn hình, Chuột...) in Các tỉnh lân cận Hà Nội (page=0, priority=0)
2026-04-07 11:13:06,644 - crawler - INFO - Worker 4: Processing Phụ kiện (Màn hình, Chuột...) in Đông Nam Bộ (page=0, priority=0)
2026-04-07 11:13:07,000 - database - INFO - Saved 2 new crawled item IDs
2026-04-07 11:13:07,464 - crawler - INFO - Worker 2: Processing Phụ kiện (Màn hình, Chuột...) in Quảng Nam Đà Nẵng (page=0, priority=0)
2026-04-07 11:13:08,187 - crawler - INFO - Worker 0: Processing Máy ảnh, Máy quay in Tp Hồ Chí Minh (page=0, priority=0)
2026-04-07 11:13:08,262 - database - INFO - Saved 1 new items to database
2026-04-07 11:13:08,543 - database - INFO - Saved 5 new crawled item IDs
2026-04-07 11:13:08,965 - crawler - INFO - Worker 1: Completed route Phụ kiện (Màn hình, Chuột...) in Các tỉnh lân cận Hà Nội in 2.70s
2026-04-07 11:13:08,966 - queue_manager - INFO - Scheduled next crawl for Phụ kiện (Màn hình, Chuột...) in Các tỉnh lân cận Hà Nội after 1800.0s
2026-04-07 11:13:10,187 - crawler - INFO - Worker 2: Completed route Phụ kiện (Màn hình, Chuột...) in Quảng Nam Đà Nẵng in 2.72s
2026-04-07 11:13:10,187 - queue_manager - INFO - Scheduled next crawl for Phụ kiện (Màn hình, Chuột...) in Quảng Nam Đà Nẵng after 1800.0s
2026-04-07 11:13:10,564 - crawler - INFO - Worker 4: Completed route Phụ kiện (Màn hình, Chuột...) in Đông Nam Bộ in 3.92s
2026-04-07 11:13:10,565 - queue_manager - INFO - Scheduled next crawl for Phụ kiện (Màn hình, Chuột...) in Đông Nam Bộ after 1800.0s
2026-04-07 11:13:10,982 - crawler - INFO - Worker 0: Completed route Máy ảnh, Máy quay in Tp Hồ Chí Minh in 2.79s
2026-04-07 11:13:10,982 - queue_manager - INFO - Scheduled next crawl for Máy ảnh, Máy quay in Tp Hồ Chí Minh after 1800.0s
2026-04-07 11:13:12,858 - crawler - INFO - Worker 3: Processing Phụ kiện (Màn hình, Chuột...) in Nam Trung Bộ (page=0, priority=0)
2026-04-07 11:13:12,891 - crawler - INFO - Worker 1: Processing Phụ kiện (Màn hình, Chuột...) in Hải Phòng Nam Định Thái Bình (page=0, priority=0)
2026-04-07 11:13:13,616 - crawler - INFO - Worker 2: Processing Phụ kiện (Màn hình, Chuột...) in Cần Thơ - Tây Nam Bộ (page=0, priority=0)
2026-04-07 11:13:14,155 - crawler - INFO - Worker 4: Processing Phụ kiện (Màn hình, Chuột...) in Bình Trị Thừa Thiên Huế (page=0, priority=0)
2026-04-07 11:13:15,588 - crawler - INFO - Worker 1: Completed route Phụ kiện (Màn hình, Chuột...) in Hải Phòng Nam Định Thái Bình in 2.70s
2026-04-07 11:13:15,588 - queue_manager - INFO - Scheduled next crawl for Phụ kiện (Màn hình, Chuột...) in Hải Phòng Nam Định Thái Bình after 1800.0s
2026-04-07 11:13:15,597 - crawler - INFO - Worker 3: Completed route Phụ kiện (Màn hình, Chuột...) in Nam Trung Bộ in 2.74s
2026-04-07 11:13:15,597 - queue_manager - INFO - Scheduled next crawl for Phụ kiện (Màn hình, Chuột...) in Nam Trung Bộ after 1800.0s
2026-04-07 11:13:16,363 - crawler - INFO - Worker 2: Completed route Phụ kiện (Màn hình, Chuột...) in Cần Thơ - Tây Nam Bộ in 2.75s
2026-04-07 11:13:16,364 - queue_manager - INFO - Scheduled next crawl for Phụ kiện (Màn hình, Chuột...) in Cần Thơ - Tây Nam Bộ after 1800.0s
2026-04-07 11:13:17,061 - crawler - INFO - Worker 4: Completed route Phụ kiện (Màn hình, Chuột...) in Bình Trị Thừa Thiên Huế in 2.91s
2026-04-07 11:13:17,061 - queue_manager - INFO - Scheduled next crawl for Phụ kiện (Màn hình, Chuột...) in Bình Trị Thừa Thiên Huế after 1800.0s
2026-04-07 11:13:18,777 - crawler - INFO - Worker 0: Processing Phụ kiện (Màn hình, Chuột...) in Tây Nguyên (page=0, priority=0)
2026-04-07 11:13:19,034 - crawler - INFO - Worker 1: Processing Phụ kiện (Màn hình, Chuột...) in Đông Bắc Bộ (page=0, priority=0)
2026-04-07 11:13:19,726 - crawler - INFO - Worker 3: Processing Phụ kiện (Màn hình, Chuột...) in Thanh Nghệ Tĩnh (page=0, priority=0)
2026-04-07 11:13:19,743 - crawler - INFO - Worker 2: Processing Phụ kiện (Màn hình, Chuột...) in Tây Bắc Bộ (page=0, priority=0)
2026-04-07 11:13:21,496 - crawler - INFO - Worker 0: Completed route Phụ kiện (Màn hình, Chuột...) in Tây Nguyên in 2.72s
2026-04-07 11:13:21,496 - queue_manager - INFO - Scheduled next crawl for Phụ kiện (Màn hình, Chuột...) in Tây Nguyên after 1800.0s
2026-04-07 11:13:21,562 - crawler - INFO - Worker 1: Completed route Phụ kiện (Màn hình, Chuột...) in Đông Bắc Bộ in 2.53s
2026-04-07 11:13:21,563 - queue_manager - INFO - Scheduled next crawl for Phụ kiện (Màn hình, Chuột...) in Đông Bắc Bộ after 1800.0s
2026-04-07 11:13:22,106 - crawler - INFO - Worker 2: Completed route Phụ kiện (Màn hình, Chuột...) in Tây Bắc Bộ in 2.36s
2026-04-07 11:13:22,106 - queue_manager - INFO - Scheduled next crawl for Phụ kiện (Màn hình, Chuột...) in Tây Bắc Bộ after 1800.0s
2026-04-07 11:13:22,492 - crawler - INFO - Worker 3: Completed route Phụ kiện (Màn hình, Chuột...) in Thanh Nghệ Tĩnh in 2.77s
2026-04-07 11:13:22,493 - queue_manager - INFO - Scheduled next crawl for Phụ kiện (Màn hình, Chuột...) in Thanh Nghệ Tĩnh after 1800.0s
2026-04-07 11:13:23,034 - crawler - INFO - Worker 4: Processing Phụ kiện thời trang khác in Tp Hồ Chí Minh (page=0, priority=245)
2026-04-07 11:13:23,378 - database - INFO - Saved 1 new crawled item IDs
2026-04-07 11:13:24,684 - crawler - INFO - Worker 0: Processing Phụ kiện (Màn hình, Chuột...) in Hà Nội (page=0, priority=0)
2026-04-07 11:13:24,787 - crawler - INFO - Worker 1: Processing Thiết bị đeo thông minh in Các tỉnh lân cận Hà Nội (page=0, priority=0)
2026-04-07 11:13:25,586 - crawler - INFO - Worker 2: Processing Thiết bị đeo thông minh in Đông Nam Bộ (page=0, priority=0)
2026-04-07 11:13:25,695 - crawler - INFO - Worker 4: Completed route Phụ kiện thời trang khác in Tp Hồ Chí Minh in 2.66s
2026-04-07 11:13:25,695 - queue_manager - INFO - Scheduled next crawl for Phụ kiện thời trang khác in Tp Hồ Chí Minh after 98.5s
2026-04-07 11:13:26,651 - crawler - INFO - Worker 3: Processing Mẹ và bé in Tp Hồ Chí Minh (page=0, priority=205)
2026-04-07 11:13:27,417 - crawler - INFO - Worker 0: Completed route Phụ kiện (Màn hình, Chuột...) in Hà Nội in 2.73s
2026-04-07 11:13:27,418 - queue_manager - INFO - Scheduled next crawl for Phụ kiện (Màn hình, Chuột...) in Hà Nội after 1800.0s
2026-04-07 11:13:27,504 - crawler - INFO - Worker 1: Completed route Thiết bị đeo thông minh in Các tỉnh lân cận Hà Nội in 2.72s
2026-04-07 11:13:27,504 - queue_manager - INFO - Scheduled next crawl for Thiết bị đeo thông minh in Các tỉnh lân cận Hà Nội after 1800.0s
2026-04-07 11:13:28,359 - crawler - INFO - Worker 2: Completed route Thiết bị đeo thông minh in Đông Nam Bộ in 2.77s
2026-04-07 11:13:28,359 - queue_manager - INFO - Scheduled next crawl for Thiết bị đeo thông minh in Đông Nam Bộ after 1800.0s
2026-04-07 11:13:28,695 - crawler - INFO - Worker 4: Processing Thiết bị đeo thông minh in Quảng Nam Đà Nẵng (page=0, priority=0)
2026-04-07 11:13:29,325 - crawler - INFO - Worker 3: Completed route Mẹ và bé in Tp Hồ Chí Minh in 2.67s
2026-04-07 11:13:29,325 - queue_manager - INFO - Scheduled next crawl for Mẹ và bé in Tp Hồ Chí Minh after 373.0s
2026-04-07 11:13:30,419 - crawler - INFO - Worker 0: Processing Thiết bị đeo thông minh in Hải Phòng Nam Định Thái Bình (page=0, priority=0)
2026-04-07 11:13:30,694 - crawler - INFO - Worker 1: Processing Thiết bị đeo thông minh in Bình Trị Thừa Thiên Huế (page=0, priority=0)
2026-04-07 11:13:31,495 - crawler - INFO - Worker 4: Completed route Thiết bị đeo thông minh in Quảng Nam Đà Nẵng in 2.80s
2026-04-07 11:13:31,496 - queue_manager - INFO - Scheduled next crawl for Thiết bị đeo thông minh in Quảng Nam Đà Nẵng after 1800.0s
2026-04-07 11:13:31,808 - crawler - INFO - Worker 2: Processing Thiết bị đeo thông minh in Cần Thơ - Tây Nam Bộ (page=0, priority=0)
2026-04-07 11:13:33,142 - crawler - INFO - Worker 0: Completed route Thiết bị đeo thông minh in Hải Phòng Nam Định Thái Bình in 2.72s
2026-04-07 11:13:33,143 - queue_manager - INFO - Scheduled next crawl for Thiết bị đeo thông minh in Hải Phòng Nam Định Thái Bình after 1800.0s
2026-04-07 11:13:33,335 - crawler - INFO - Worker 1: Completed route Thiết bị đeo thông minh in Bình Trị Thừa Thiên Huế in 2.64s
2026-04-07 11:13:33,336 - queue_manager - INFO - Scheduled next crawl for Thiết bị đeo thông minh in Bình Trị Thừa Thiên Huế after 1800.0s
2026-04-07 11:13:33,580 - crawler - INFO - Worker 3: Processing Phụ kiện (Màn hình, Chuột...) in Tp Hồ Chí Minh (page=0, priority=0)
2026-04-07 11:13:33,922 - database - INFO - Saved 6 new crawled item IDs
2026-04-07 11:13:34,495 - crawler - INFO - Worker 4: Processing Thiết bị đeo thông minh in Nam Trung Bộ (page=0, priority=0)
2026-04-07 11:13:34,533 - crawler - INFO - Worker 2: Completed route Thiết bị đeo thông minh in Cần Thơ - Tây Nam Bộ in 2.73s
2026-04-07 11:13:34,534 - queue_manager - INFO - Scheduled next crawl for Thiết bị đeo thông minh in Cần Thơ - Tây Nam Bộ after 1800.0s
2026-04-07 11:13:35,167 - database - INFO - Đã lọc bỏ 3 items lừa đảo/rác trong mẻ này.
2026-04-07 11:13:35,168 - database - INFO - No items passed the filtering criteria and scam check
2026-04-07 11:13:36,143 - crawler - INFO - Worker 0: Processing Thiết bị đeo thông minh in Tây Bắc Bộ (page=0, priority=0)
2026-04-07 11:13:36,297 - crawler - INFO - Worker 0: Completed route Thiết bị đeo thông minh in Tây Bắc Bộ in 0.15s
2026-04-07 11:13:36,297 - queue_manager - INFO - Scheduled next crawl for Thiết bị đeo thông minh in Tây Bắc Bộ after 1800.0s
2026-04-07 11:13:36,335 - crawler - INFO - Worker 1: Processing Thiết bị đeo thông minh in Thanh Nghệ Tĩnh (page=0, priority=0)
2026-04-07 11:13:36,675 - database - INFO - Saved 2 new crawled item IDs
2026-04-07 11:13:37,075 - crawler - INFO - Worker 4: Completed route Thiết bị đeo thông minh in Nam Trung Bộ in 2.58s
2026-04-07 11:13:37,075 - queue_manager - INFO - Scheduled next crawl for Thiết bị đeo thông minh in Nam Trung Bộ after 1800.0s
2026-04-07 11:13:37,464 - crawler - INFO - Worker 3: Completed route Phụ kiện (Màn hình, Chuột...) in Tp Hồ Chí Minh in 3.88s
2026-04-07 11:13:37,465 - queue_manager - INFO - Scheduled next crawl for Phụ kiện (Màn hình, Chuột...) in Tp Hồ Chí Minh after 1800.0s
2026-04-07 11:13:37,567 - crawler - INFO - Worker 2: Processing Thiết bị đeo thông minh in Tây Nguyên (page=0, priority=0)
2026-04-07 11:13:38,826 - crawler - INFO - Worker 1: Completed route Thiết bị đeo thông minh in Thanh Nghệ Tĩnh in 2.49s
2026-04-07 11:13:38,826 - queue_manager - INFO - Scheduled next crawl for Thiết bị đeo thông minh in Thanh Nghệ Tĩnh after 1800.0s
2026-04-07 11:13:39,298 - crawler - INFO - Worker 0: Processing Thiết bị đeo thông minh in Đông Bắc Bộ (page=0, priority=0)
2026-04-07 11:13:40,075 - crawler - INFO - Worker 4: Processing Thiết bị đeo thông minh in Hà Nội (page=0, priority=0)
2026-04-07 11:13:40,344 - crawler - INFO - Worker 2: Completed route Thiết bị đeo thông minh in Tây Nguyên in 2.78s
2026-04-07 11:13:40,345 - queue_manager - INFO - Scheduled next crawl for Thiết bị đeo thông minh in Tây Nguyên after 1800.0s
2026-04-07 11:13:40,463 - database - INFO - Saved 1 new crawled item IDs
2026-04-07 11:13:40,470 - crawler - INFO - Worker 3: Processing Điện thoại in Tp Hồ Chí Minh (page=0, priority=250)
2026-04-07 11:13:40,813 - database - INFO - Saved 2 new crawled item IDs
2026-04-07 11:13:41,804 - crawler - INFO - Worker 0: Completed route Thiết bị đeo thông minh in Đông Bắc Bộ in 2.51s
2026-04-07 11:13:41,805 - queue_manager - INFO - Scheduled next crawl for Thiết bị đeo thông minh in Đông Bắc Bộ after 1800.0s
2026-04-07 11:13:41,827 - crawler - INFO - Worker 1: Processing Thiết bị đeo thông minh in Tp Hồ Chí Minh (page=0, priority=0)
2026-04-07 11:13:42,175 - database - INFO - Saved 3 new crawled item IDs
2026-04-07 11:13:42,826 - crawler - INFO - Worker 4: Completed route Thiết bị đeo thông minh in Hà Nội in 2.75s
2026-04-07 11:13:42,827 - queue_manager - INFO - Scheduled next crawl for Thiết bị đeo thông minh in Hà Nội after 1800.0s
2026-04-07 11:13:43,147 - crawler - INFO - Worker 3: Completed route Điện thoại in Tp Hồ Chí Minh in 2.68s
2026-04-07 11:13:43,147 - queue_manager - INFO - Scheduled next crawl for Điện thoại in Tp Hồ Chí Minh after 63.0s
2026-04-07 11:13:43,199 - database - INFO - Saved 1 new items to database
2026-04-07 11:13:45,525 - crawler - INFO - Worker 1: Completed route Thiết bị đeo thông minh in Tp Hồ Chí Minh in 3.70s
2026-04-07 11:13:45,525 - queue_manager - INFO - Scheduled next crawl for Thiết bị đeo thông minh in Tp Hồ Chí Minh after 1800.0s
2026-04-07 11:14:15,024 - crawler - INFO - Worker 2: Processing Giày dép in Tp Hồ Chí Minh (page=0, priority=227)
2026-04-07 11:14:18,199 - crawler - INFO - Worker 2: Completed route Giày dép in Tp Hồ Chí Minh in 3.18s
2026-04-07 11:14:18,200 - queue_manager - INFO - Scheduled next crawl for Giày dép in Tp Hồ Chí Minh after 221.0s
2026-04-07 11:14:32,693 - crawler - INFO - Worker 1: Processing Điện thoại in Hà Nội (page=0, priority=238)
2026-04-07 11:14:35,697 - crawler - INFO - Worker 1: Completed route Điện thoại in Hà Nội in 3.00s
2026-04-07 11:14:35,697 - queue_manager - INFO - Scheduled next crawl for Điện thoại in Hà Nội after 144.1s
2026-04-07 11:14:46,147 - crawler - INFO - Worker 3: Processing Điện thoại in Tp Hồ Chí Minh (page=0, priority=250)
2026-04-07 11:14:46,586 - database - INFO - Saved 1 new crawled item IDs
2026-04-07 11:14:48,178 - database - INFO - Đã lọc bỏ 1 items lừa đảo/rác trong mẻ này.
2026-04-07 11:14:48,178 - database - INFO - No items passed the filtering criteria and scam check
2026-04-07 11:14:51,050 - crawler - INFO - Worker 3: Completed route Điện thoại in Tp Hồ Chí Minh in 4.90s
2026-04-07 11:14:51,050 - queue_manager - INFO - Scheduled next crawl for Điện thoại in Tp Hồ Chí Minh after 63.0s
2026-04-07 11:15:04,197 - crawler - INFO - Worker 0: Processing Phụ kiện thời trang khác in Tp Hồ Chí Minh (page=0, priority=245)
2026-04-07 11:15:05,800 - database - INFO - Saved 1 new crawled item IDs
2026-04-07 11:15:08,183 - crawler - INFO - Worker 0: Completed route Phụ kiện thời trang khác in Tp Hồ Chí Minh in 3.98s
2026-04-07 11:15:08,184 - queue_manager - INFO - Scheduled next crawl for Phụ kiện thời trang khác in Tp Hồ Chí Minh after 98.5s
2026-04-07 11:15:16,182 - crawler - INFO - Worker 2: Processing Điện thoại in Tây Nguyên (page=0, priority=0)
2026-04-07 11:15:19,425 - crawler - INFO - Worker 2: Completed route Điện thoại in Tây Nguyên in 3.24s
2026-04-07 11:15:19,426 - queue_manager - INFO - Scheduled next crawl for Điện thoại in Tây Nguyên after 1847.0s
2026-04-07 11:15:53,264 - crawler - INFO - Worker 4: Processing Điện thoại in Hải Phòng Nam Định Thái Bình (page=0, priority=71)
2026-04-07 11:15:53,736 - database - INFO - Saved 1 new crawled item IDs
2026-04-07 11:15:54,051 - crawler - INFO - Worker 2: Processing Điện thoại in Tp Hồ Chí Minh (page=0, priority=250)
2026-04-07 11:15:54,449 - database - INFO - Saved 1 new crawled item IDs
2026-04-07 11:15:56,175 - crawler - INFO - Worker 4: Completed route Điện thoại in Hải Phòng Nam Định Thái Bình in 2.91s
2026-04-07 11:15:56,175 - queue_manager - INFO - Scheduled next crawl for Điện thoại in Hải Phòng Nam Định Thái Bình after 1301.0s
2026-04-07 11:15:56,859 - crawler - INFO - Worker 2: Completed route Điện thoại in Tp Hồ Chí Minh in 2.81s
2026-04-07 11:15:56,859 - queue_manager - INFO - Scheduled next crawl for Điện thoại in Tp Hồ Chí Minh after 63.0s
2026-04-07 11:16:46,685 - crawler - INFO - Worker 1: Processing Phụ kiện thời trang khác in Tp Hồ Chí Minh (page=0, priority=245)
2026-04-07 11:16:49,560 - crawler - INFO - Worker 1: Completed route Phụ kiện thời trang khác in Tp Hồ Chí Minh in 2.87s
2026-04-07 11:16:49,560 - queue_manager - INFO - Scheduled next crawl for Phụ kiện thời trang khác in Tp Hồ Chí Minh after 98.5s
2026-04-07 11:16:59,747 - crawler - INFO - Worker 1: Processing Điện thoại in Hà Nội (page=0, priority=238)
2026-04-07 11:16:59,860 - crawler - INFO - Worker 3: Processing Điện thoại in Tp Hồ Chí Minh (page=0, priority=250)
2026-04-07 11:17:00,354 - database - INFO - Saved 2 new crawled item IDs
2026-04-07 11:17:00,897 - crawler - INFO - Worker 4: Processing Phụ tùng xe in Tp Hồ Chí Minh (page=0, priority=218)
2026-04-07 11:17:01,240 - database - INFO - Saved 1 new crawled item IDs
2026-04-07 11:17:02,476 - crawler - INFO - Worker 1: Completed route Điện thoại in Hà Nội in 2.73s
2026-04-07 11:17:02,476 - queue_manager - INFO - Scheduled next crawl for Điện thoại in Hà Nội after 144.1s
2026-04-07 11:17:02,745 - crawler - INFO - Worker 3: Completed route Điện thoại in Tp Hồ Chí Minh in 2.88s
2026-04-07 11:17:02,746 - queue_manager - INFO - Scheduled next crawl for Điện thoại in Tp Hồ Chí Minh after 63.0s
2026-04-07 11:17:03,665 - crawler - INFO - Worker 4: Completed route Phụ tùng xe in Tp Hồ Chí Minh in 2.77s
2026-04-07 11:17:03,666 - queue_manager - INFO - Scheduled next crawl for Phụ tùng xe in Tp Hồ Chí Minh after 281.0s
2026-04-07 11:17:14,605 - crawler - INFO - Worker 1: Processing Điện thoại in Quảng Nam Đà Nẵng (page=0, priority=211)
2026-04-07 11:17:17,360 - crawler - INFO - Worker 1: Completed route Điện thoại in Quảng Nam Đà Nẵng in 2.75s
2026-04-07 11:17:17,360 - queue_manager - INFO - Scheduled next crawl for Điện thoại in Quảng Nam Đà Nẵng after 330.0s
2026-04-07 11:17:17,816 - crawler - INFO - Worker 0: Processing Đồ thể thao, Dã ngoại in Tp Hồ Chí Minh (page=0, priority=207)
2026-04-07 11:17:18,160 - database - INFO - Saved 3 new crawled item IDs
2026-04-07 11:17:20,496 - crawler - INFO - Worker 0: Completed route Đồ thể thao, Dã ngoại in Tp Hồ Chí Minh in 2.68s
2026-04-07 11:17:20,497 - queue_manager - INFO - Scheduled next crawl for Đồ thể thao, Dã ngoại in Tp Hồ Chí Minh after 360.0s
2026-04-07 11:17:59,211 - crawler - INFO - Worker 3: Processing Giày dép in Tp Hồ Chí Minh (page=0, priority=227)
2026-04-07 11:17:59,896 - database - INFO - Saved 1 new crawled item IDs
2026-04-07 11:18:02,270 - crawler - INFO - Worker 3: Completed route Giày dép in Tp Hồ Chí Minh in 3.06s
2026-04-07 11:18:02,270 - queue_manager - INFO - Scheduled next crawl for Giày dép in Tp Hồ Chí Minh after 221.0s
2026-04-07 11:18:05,746 - crawler - INFO - Worker 1: Processing Điện thoại in Tp Hồ Chí Minh (page=0, priority=250)
2026-04-07 11:18:06,234 - database - INFO - Saved 1 new crawled item IDs
2026-04-07 11:18:08,574 - crawler - INFO - Worker 1: Completed route Điện thoại in Tp Hồ Chí Minh in 2.83s
2026-04-07 11:18:08,575 - queue_manager - INFO - Scheduled next crawl for Điện thoại in Tp Hồ Chí Minh after 63.0s
2026-04-07 11:18:20,766 - crawler - INFO - Worker 0: Processing Thiết bị chơi game in Tp Hồ Chí Minh (page=0, priority=0)
2026-04-07 11:18:21,173 - database - INFO - Saved 3 new crawled item IDs
2026-04-07 11:18:23,500 - crawler - INFO - Worker 0: Completed route Thiết bị chơi game in Tp Hồ Chí Minh in 2.73s
2026-04-07 11:18:23,500 - queue_manager - INFO - Scheduled next crawl for Thiết bị chơi game in Tp Hồ Chí Minh after 1938.5s
2026-04-07 11:18:28,061 - crawler - INFO - Worker 4: Processing Phụ kiện thời trang khác in Tp Hồ Chí Minh (page=0, priority=245)
2026-04-07 11:18:28,496 - database - INFO - Saved 1 new crawled item IDs
2026-04-07 11:18:29,677 - database - INFO - Đã lọc bỏ 1 items lừa đảo/rác trong mẻ này.
2026-04-07 11:18:29,677 - database - INFO - No items passed the filtering criteria and scam check
2026-04-07 11:18:32,231 - crawler - INFO - Worker 4: Completed route Phụ kiện thời trang khác in Tp Hồ Chí Minh in 4.17s
2026-04-07 11:18:32,231 - queue_manager - INFO - Scheduled next crawl for Phụ kiện thời trang khác in Tp Hồ Chí Minh after 98.5s
2026-04-07 11:18:53,010 - crawler - INFO - Worker 4: Processing Điện thoại in Đông Nam Bộ (page=0, priority=200)
2026-04-07 11:18:56,000 - crawler - INFO - Worker 4: Completed route Điện thoại in Đông Nam Bộ in 2.99s
2026-04-07 11:18:56,000 - queue_manager - INFO - Scheduled next crawl for Điện thoại in Đông Nam Bộ after 406.0s
2026-04-07 11:19:11,576 - crawler - INFO - Worker 0: Processing Điện thoại in Tp Hồ Chí Minh (page=0, priority=250)
2026-04-07 11:19:12,041 - database - INFO - Saved 2 new crawled item IDs
2026-04-07 11:19:14,442 - crawler - INFO - Worker 0: Completed route Điện thoại in Tp Hồ Chí Minh in 2.87s
2026-04-07 11:19:14,442 - queue_manager - INFO - Scheduled next crawl for Điện thoại in Tp Hồ Chí Minh after 63.0s
2026-04-07 11:19:26,527 - crawler - INFO - Worker 3: Processing Điện thoại in Hà Nội (page=0, priority=238)
2026-04-07 11:19:28,432 - crawler - INFO - Worker 4: Processing Điện thoại in Cần Thơ - Tây Nam Bộ (page=0, priority=174)
2026-04-07 11:19:28,901 - database - INFO - Saved 2 new crawled item IDs
2026-04-07 11:19:29,372 - crawler - INFO - Worker 3: Completed route Điện thoại in Hà Nội in 2.84s
2026-04-07 11:19:29,372 - queue_manager - INFO - Scheduled next crawl for Điện thoại in Hà Nội after 144.1s
2026-04-07 11:19:30,043 - database - INFO - Saved 1 new items to database
2026-04-07 11:19:32,454 - crawler - INFO - Worker 4: Completed route Điện thoại in Cần Thơ - Tây Nam Bộ in 4.02s
2026-04-07 11:19:32,454 - queue_manager - INFO - Scheduled next crawl for Điện thoại in Cần Thơ - Tây Nam Bộ after 586.0s
2026-04-07 11:19:39,439 - crawler - INFO - Worker 0: Processing Điện thoại in Nam Trung Bộ (page=0, priority=0)
2026-04-07 11:19:42,326 - crawler - INFO - Worker 3: Processing Mẹ và bé in Tp Hồ Chí Minh (page=0, priority=205)
2026-04-07 11:19:43,042 - crawler - INFO - Worker 0: Completed route Điện thoại in Nam Trung Bộ in 3.60s
2026-04-07 11:19:43,042 - queue_manager - INFO - Scheduled next crawl for Điện thoại in Nam Trung Bộ after 1977.5s
2026-04-07 11:19:45,161 - crawler - INFO - Worker 3: Completed route Mẹ và bé in Tp Hồ Chí Minh in 2.84s
2026-04-07 11:19:45,161 - queue_manager - INFO - Scheduled next crawl for Mẹ và bé in Tp Hồ Chí Minh after 373.0s
2026-04-07 11:20:10,732 - crawler - INFO - Worker 0: Processing Phụ kiện thời trang khác in Tp Hồ Chí Minh (page=0, priority=245)
2026-04-07 11:20:14,038 - crawler - INFO - Worker 0: Completed route Phụ kiện thời trang khác in Tp Hồ Chí Minh in 3.31s
2026-04-07 11:20:14,038 - queue_manager - INFO - Scheduled next crawl for Phụ kiện thời trang khác in Tp Hồ Chí Minh after 98.5s
2026-04-07 11:20:17,443 - crawler - INFO - Worker 4: Processing Điện thoại in Tp Hồ Chí Minh (page=0, priority=250)
2026-04-07 11:20:20,319 - crawler - INFO - Worker 4: Completed route Điện thoại in Tp Hồ Chí Minh in 2.88s
2026-04-07 11:20:20,319 - queue_manager - INFO - Scheduled next crawl for Điện thoại in Tp Hồ Chí Minh after 63.0s
2026-04-07 11:21:23,319 - crawler - INFO - Worker 0: Processing Điện thoại in Tp Hồ Chí Minh (page=0, priority=250)
2026-04-07 11:21:23,865 - database - INFO - Saved 2 new crawled item IDs
2026-04-07 11:21:26,312 - crawler - INFO - Worker 0: Completed route Điện thoại in Tp Hồ Chí Minh in 2.99s
2026-04-07 11:21:26,312 - queue_manager - INFO - Scheduled next crawl for Điện thoại in Tp Hồ Chí Minh after 63.0s
2026-04-07 11:21:43,271 - crawler - INFO - Worker 4: Processing Giày dép in Tp Hồ Chí Minh (page=0, priority=227)
2026-04-07 11:21:43,863 - database - INFO - Saved 1 new crawled item IDs
2026-04-07 11:21:44,666 - crawler - INFO - Worker 1: Processing Phụ tùng xe in Tp Hồ Chí Minh (page=0, priority=218)
2026-04-07 11:21:45,009 - database - INFO - Saved 2 new crawled item IDs
2026-04-07 11:21:46,353 - crawler - INFO - Worker 4: Completed route Giày dép in Tp Hồ Chí Minh in 3.08s
2026-04-07 11:21:46,353 - queue_manager - INFO - Scheduled next crawl for Giày dép in Tp Hồ Chí Minh after 221.0s
2026-04-07 11:21:47,393 - crawler - INFO - Worker 1: Completed route Phụ tùng xe in Tp Hồ Chí Minh in 2.73s
2026-04-07 11:21:47,394 - queue_manager - INFO - Scheduled next crawl for Phụ tùng xe in Tp Hồ Chí Minh after 281.0s
2026-04-07 11:21:52,539 - crawler - INFO - Worker 2: Processing Phụ kiện thời trang khác in Tp Hồ Chí Minh (page=0, priority=245)
2026-04-07 11:21:52,961 - database - INFO - Saved 1 new crawled item IDs
2026-04-07 11:21:53,423 - crawler - INFO - Worker 3: Processing Điện thoại in Hà Nội (page=0, priority=238)
2026-04-07 11:21:55,295 - crawler - INFO - Worker 2: Completed route Phụ kiện thời trang khác in Tp Hồ Chí Minh in 2.76s
2026-04-07 11:21:55,295 - queue_manager - INFO - Scheduled next crawl for Phụ kiện thời trang khác in Tp Hồ Chí Minh after 98.5s
2026-04-07 11:21:56,206 - crawler - INFO - Worker 3: Completed route Điện thoại in Hà Nội in 2.78s
2026-04-07 11:21:56,206 - queue_manager - INFO - Scheduled next crawl for Điện thoại in Hà Nội after 144.1s
2026-04-07 11:22:29,312 - crawler - INFO - Worker 2: Processing Điện thoại in Tp Hồ Chí Minh (page=0, priority=250)
2026-04-07 11:22:29,802 - database - INFO - Saved 1 new crawled item IDs
2026-04-07 11:22:32,195 - crawler - INFO - Worker 2: Completed route Điện thoại in Tp Hồ Chí Minh in 2.88s
2026-04-07 11:22:32,195 - queue_manager - INFO - Scheduled next crawl for Điện thoại in Tp Hồ Chí Minh after 63.0s
2026-04-07 11:22:47,361 - crawler - INFO - Worker 1: Processing Điện thoại in Quảng Nam Đà Nẵng (page=0, priority=211)
2026-04-07 11:22:50,391 - crawler - INFO - Worker 1: Completed route Điện thoại in Quảng Nam Đà Nẵng in 3.03s
2026-04-07 11:22:50,391 - queue_manager - INFO - Scheduled next crawl for Điện thoại in Quảng Nam Đà Nẵng after 330.0s
2026-04-07 11:23:20,497 - crawler - INFO - Worker 2: Processing Đồ thể thao, Dã ngoại in Tp Hồ Chí Minh (page=0, priority=207)
2026-04-07 11:23:22,015 - database - INFO - Saved 1 new crawled item IDs
2026-04-07 11:23:24,484 - crawler - INFO - Worker 2: Completed route Đồ thể thao, Dã ngoại in Tp Hồ Chí Minh in 3.99s
2026-04-07 11:23:24,484 - queue_manager - INFO - Scheduled next crawl for Đồ thể thao, Dã ngoại in Tp Hồ Chí Minh after 360.0s
2026-04-07 11:23:33,796 - crawler - INFO - Worker 4: Processing Phụ kiện thời trang khác in Tp Hồ Chí Minh (page=0, priority=245)
2026-04-07 11:23:35,194 - crawler - INFO - Worker 2: Processing Điện thoại in Tp Hồ Chí Minh (page=0, priority=250)
2026-04-07 11:23:35,759 - database - INFO - Saved 1 new crawled item IDs
2026-04-07 11:23:36,543 - crawler - INFO - Worker 4: Completed route Phụ kiện thời trang khác in Tp Hồ Chí Minh in 2.75s
2026-04-07 11:23:36,543 - queue_manager - INFO - Scheduled next crawl for Phụ kiện thời trang khác in Tp Hồ Chí Minh after 98.5s
2026-04-07 11:23:38,164 - crawler - INFO - Worker 2: Completed route Điện thoại in Tp Hồ Chí Minh in 2.97s
2026-04-07 11:23:38,164 - queue_manager - INFO - Scheduled next crawl for Điện thoại in Tp Hồ Chí Minh after 63.0s
2026-04-07 11:24:20,256 - crawler - INFO - Worker 3: Processing Điện thoại in Hà Nội (page=0, priority=238)
2026-04-07 11:24:23,291 - crawler - INFO - Worker 3: Completed route Điện thoại in Hà Nội in 3.03s
2026-04-07 11:24:23,292 - queue_manager - INFO - Scheduled next crawl for Điện thoại in Hà Nội after 144.1s
2026-04-07 11:24:41,165 - crawler - INFO - Worker 3: Processing Điện thoại in Tp Hồ Chí Minh (page=0, priority=250)
2026-04-07 11:24:41,696 - database - INFO - Saved 1 new crawled item IDs
2026-04-07 11:24:44,130 - crawler - INFO - Worker 3: Completed route Điện thoại in Tp Hồ Chí Minh in 2.96s
2026-04-07 11:24:44,131 - queue_manager - INFO - Scheduled next crawl for Điện thoại in Tp Hồ Chí Minh after 63.0s
2026-04-07 11:25:15,044 - crawler - INFO - Worker 2: Processing Phụ kiện thời trang khác in Tp Hồ Chí Minh (page=0, priority=245)
2026-04-07 11:25:18,571 - crawler - INFO - Worker 2: Completed route Phụ kiện thời trang khác in Tp Hồ Chí Minh in 3.53s
2026-04-07 11:25:18,571 - queue_manager - INFO - Scheduled next crawl for Phụ kiện thời trang khác in Tp Hồ Chí Minh after 98.5s
2026-04-07 11:25:19,096 - crawler - INFO - Worker 3: Processing Phụ tùng xe in Đông Nam Bộ (page=0, priority=44)
2026-04-07 11:25:22,280 - crawler - INFO - Worker 3: Completed route Phụ tùng xe in Đông Nam Bộ in 3.18s
2026-04-07 11:25:22,281 - queue_manager - INFO - Scheduled next crawl for Phụ tùng xe in Đông Nam Bộ after 1489.0s
2026-04-07 11:25:27,353 - crawler - INFO - Worker 1: Processing Giày dép in Tp Hồ Chí Minh (page=0, priority=227)
2026-04-07 11:25:30,017 - crawler - INFO - Worker 1: Completed route Giày dép in Tp Hồ Chí Minh in 2.66s
2026-04-07 11:25:30,017 - queue_manager - INFO - Scheduled next crawl for Giày dép in Tp Hồ Chí Minh after 221.0s
2026-04-07 11:25:42,000 - crawler - INFO - Worker 1: Processing Điện thoại in Đông Nam Bộ (page=0, priority=200)
2026-04-07 11:25:42,411 - database - INFO - Saved 3 new crawled item IDs
2026-04-07 11:25:43,614 - database - INFO - Saved 1 new items to database
2026-04-07 11:25:45,970 - crawler - INFO - Worker 1: Completed route Điện thoại in Đông Nam Bộ in 3.97s
2026-04-07 11:25:45,970 - queue_manager - INFO - Scheduled next crawl for Điện thoại in Đông Nam Bộ after 406.0s
2026-04-07 11:25:47,131 - crawler - INFO - Worker 3: Processing Điện thoại in Tp Hồ Chí Minh (page=0, priority=250)
2026-04-07 11:25:47,489 - database - INFO - Saved 1 new crawled item IDs
2026-04-07 11:25:49,834 - crawler - INFO - Worker 3: Completed route Điện thoại in Tp Hồ Chí Minh in 2.70s
2026-04-07 11:25:49,834 - queue_manager - INFO - Scheduled next crawl for Điện thoại in Tp Hồ Chí Minh after 63.0s
2026-04-07 11:25:58,161 - crawler - INFO - Worker 1: Processing Mẹ và bé in Tp Hồ Chí Minh (page=0, priority=205)
2026-04-07 11:26:01,353 - crawler - INFO - Worker 1: Completed route Mẹ và bé in Tp Hồ Chí Minh in 3.19s
2026-04-07 11:26:01,353 - queue_manager - INFO - Scheduled next crawl for Mẹ và bé in Tp Hồ Chí Minh after 373.0s
2026-04-07 11:26:16,205 - crawler - INFO - Worker 2: Processing Phụ tùng xe in Cần Thơ - Tây Nam Bộ (page=0, priority=0)
2026-04-07 11:26:16,646 - database - INFO - Saved 1 new crawled item IDs
2026-04-07 11:26:19,012 - crawler - INFO - Worker 2: Completed route Phụ tùng xe in Cần Thơ - Tây Nam Bộ in 2.81s
2026-04-07 11:26:19,012 - queue_manager - INFO - Scheduled next crawl for Phụ tùng xe in Cần Thơ - Tây Nam Bộ after 2175.0s
2026-04-07 11:26:28,394 - crawler - INFO - Worker 2: Processing Phụ tùng xe in Tp Hồ Chí Minh (page=0, priority=218)
2026-04-07 11:26:28,739 - database - INFO - Saved 3 new crawled item IDs
2026-04-07 11:26:30,807 - database - INFO - Saved 2 new items to database
2026-04-07 11:26:33,258 - crawler - INFO - Worker 2: Completed route Phụ tùng xe in Tp Hồ Chí Minh in 4.86s
2026-04-07 11:26:33,259 - queue_manager - INFO - Scheduled next crawl for Phụ tùng xe in Tp Hồ Chí Minh after 281.0s
2026-04-07 11:26:35,178 - ai_worker - INFO - Gửi 5 items lên Gemini AI (gemini-3.1-flash-lite-preview) để thẩm định...
2026-04-07 11:26:35,200 - google_genai.models - INFO - AFC is enabled with max remote calls: 10.
2026-04-07 11:26:47,341 - crawler - INFO - Worker 4: Processing Điện thoại in Hà Nội (page=0, priority=238)
2026-04-07 11:26:47,684 - httpx - INFO - HTTP Request: POST https://generativelanguage.googleapis.com/v1beta/models/gemini-3.1-flash-lite-preview:generateContent "HTTP/1.1 200 OK"
2026-04-07 11:26:47,718 - ai_worker - INFO - Đã xử lý 5 items. Tìm thấy 1 kèo thơm (type 1)!
2026-04-07 11:26:50,344 - crawler - INFO - Worker 4: Completed route Điện thoại in Hà Nội in 3.00s
2026-04-07 11:26:50,344 - queue_manager - INFO - Scheduled next crawl for Điện thoại in Hà Nội after 144.1s
2026-04-07 11:26:52,834 - crawler - INFO - Worker 2: Processing Điện thoại in Tp Hồ Chí Minh (page=0, priority=250)
2026-04-07 11:26:53,271 - database - INFO - Saved 1 new crawled item IDs
2026-04-07 11:26:56,071 - crawler - INFO - Worker 2: Completed route Điện thoại in Tp Hồ Chí Minh in 3.24s
2026-04-07 11:26:56,071 - queue_manager - INFO - Scheduled next crawl for Điện thoại in Tp Hồ Chí Minh after 63.0s
2026-04-07 11:26:57,071 - crawler - INFO - Worker 1: Processing Phụ kiện thời trang khác in Tp Hồ Chí Minh (page=0, priority=245)
2026-04-07 11:27:00,104 - crawler - INFO - Worker 1: Completed route Phụ kiện thời trang khác in Tp Hồ Chí Minh in 3.03s
2026-04-07 11:27:00,104 - queue_manager - INFO - Scheduled next crawl for Phụ kiện thời trang khác in Tp Hồ Chí Minh after 98.5s
2026-04-07 11:27:59,072 - crawler - INFO - Worker 1: Processing Điện thoại in Tp Hồ Chí Minh (page=0, priority=250)
2026-04-07 11:27:59,552 - database - INFO - Saved 1 new crawled item IDs
2026-04-07 11:28:00,750 - database - INFO - Saved 1 new items to database
2026-04-07 11:28:03,097 - crawler - INFO - Worker 1: Completed route Điện thoại in Tp Hồ Chí Minh in 4.02s
2026-04-07 11:28:03,097 - queue_manager - INFO - Scheduled next crawl for Điện thoại in Tp Hồ Chí Minh after 63.0s
2026-04-07 11:28:20,391 - crawler - INFO - Worker 2: Processing Điện thoại in Quảng Nam Đà Nẵng (page=0, priority=211)
2026-04-07 11:28:23,688 - crawler - INFO - Worker 2: Completed route Điện thoại in Quảng Nam Đà Nẵng in 3.30s
2026-04-07 11:28:23,688 - queue_manager - INFO - Scheduled next crawl for Điện thoại in Quảng Nam Đà Nẵng after 330.0s
2026-04-07 11:28:38,603 - crawler - INFO - Worker 3: Processing Phụ kiện thời trang khác in Tp Hồ Chí Minh (page=0, priority=245)
2026-04-07 11:28:38,902 - database - INFO - Saved 1 new crawled item IDs
2026-04-07 11:28:41,301 - crawler - INFO - Worker 3: Completed route Phụ kiện thời trang khác in Tp Hồ Chí Minh in 2.70s
2026-04-07 11:28:41,301 - queue_manager - INFO - Scheduled next crawl for Phụ kiện thời trang khác in Tp Hồ Chí Minh after 98.5s
2026-04-07 11:29:05,879 - crawler - INFO - Worker 3: Processing Điện thoại in Các tỉnh lân cận Hà Nội (page=0, priority=0)
2026-04-07 11:29:06,097 - crawler - INFO - Worker 2: Processing Điện thoại in Tp Hồ Chí Minh (page=0, priority=250)
2026-04-07 11:29:06,600 - database - INFO - Saved 1 new crawled item IDs
2026-04-07 11:29:07,766 - database - INFO - Đã lọc bỏ 1 items lừa đảo/rác trong mẻ này.
2026-04-07 11:29:07,766 - database - INFO - No items passed the filtering criteria and scam check
2026-04-07 11:29:08,683 - crawler - INFO - Worker 3: Completed route Điện thoại in Các tỉnh lân cận Hà Nội in 2.79s
2026-04-07 11:29:08,683 - queue_manager - INFO - Scheduled next crawl for Điện thoại in Các tỉnh lân cận Hà Nội after 2258.5s
2026-04-07 11:29:10,227 - crawler - INFO - Worker 2: Completed route Điện thoại in Tp Hồ Chí Minh in 4.13s
2026-04-07 11:29:10,227 - queue_manager - INFO - Scheduled next crawl for Điện thoại in Tp Hồ Chí Minh after 63.0s
2026-04-07 11:29:11,017 - crawler - INFO - Worker 0: Processing Giày dép in Tp Hồ Chí Minh (page=0, priority=227)
2026-04-07 11:29:13,741 - crawler - INFO - Worker 0: Completed route Giày dép in Tp Hồ Chí Minh in 2.72s
2026-04-07 11:29:13,741 - queue_manager - INFO - Scheduled next crawl for Giày dép in Tp Hồ Chí Minh after 221.0s
2026-04-07 11:29:14,395 - crawler - INFO - Worker 4: Processing Điện thoại in Hà Nội (page=0, priority=238)
2026-04-07 11:29:17,103 - crawler - INFO - Worker 4: Completed route Điện thoại in Hà Nội in 2.71s
2026-04-07 11:29:17,103 - queue_manager - INFO - Scheduled next crawl for Điện thoại in Hà Nội after 144.1s
2026-04-07 11:29:18,455 - crawler - INFO - Worker 3: Processing Điện thoại in Cần Thơ - Tây Nam Bộ (page=0, priority=174)
2026-04-07 11:29:21,280 - crawler - INFO - Worker 3: Completed route Điện thoại in Cần Thơ - Tây Nam Bộ in 2.82s
2026-04-07 11:29:21,280 - queue_manager - INFO - Scheduled next crawl for Điện thoại in Cần Thơ - Tây Nam Bộ after 586.0s
2026-04-07 11:29:24,485 - crawler - INFO - Worker 0: Processing Đồ thể thao, Dã ngoại in Tp Hồ Chí Minh (page=0, priority=207)
2026-04-07 11:29:25,111 - database - INFO - Saved 1 new crawled item IDs
2026-04-07 11:29:27,482 - crawler - INFO - Worker 0: Completed route Đồ thể thao, Dã ngoại in Tp Hồ Chí Minh in 3.00s
2026-04-07 11:29:27,482 - queue_manager - INFO - Scheduled next crawl for Đồ thể thao, Dã ngoại in Tp Hồ Chí Minh after 360.0s
2026-04-07 11:30:13,228 - crawler - INFO - Worker 1: Processing Điện thoại in Tp Hồ Chí Minh (page=0, priority=250)
2026-04-07 11:30:16,330 - crawler - INFO - Worker 1: Completed route Điện thoại in Tp Hồ Chí Minh in 3.10s
2026-04-07 11:30:16,330 - queue_manager - INFO - Scheduled next crawl for Điện thoại in Tp Hồ Chí Minh after 63.0s
2026-04-07 11:30:19,802 - crawler - INFO - Worker 3: Processing Phụ kiện thời trang khác in Tp Hồ Chí Minh (page=0, priority=245)
2026-04-07 11:30:22,541 - crawler - INFO - Worker 3: Completed route Phụ kiện thời trang khác in Tp Hồ Chí Minh in 2.74s
2026-04-07 11:30:22,541 - queue_manager - INFO - Scheduled next crawl for Phụ kiện thời trang khác in Tp Hồ Chí Minh after 98.5s
2026-04-07 11:31:14,259 - crawler - INFO - Worker 0: Processing Phụ tùng xe in Tp Hồ Chí Minh (page=0, priority=218)
2026-04-07 11:31:17,288 - crawler - INFO - Worker 0: Completed route Phụ tùng xe in Tp Hồ Chí Minh in 3.03s
2026-04-07 11:31:17,288 - queue_manager - INFO - Scheduled next crawl for Phụ tùng xe in Tp Hồ Chí Minh after 281.0s
2026-04-07 11:31:19,331 - crawler - INFO - Worker 1: Processing Điện thoại in Tp Hồ Chí Minh (page=0, priority=250)
2026-04-07 11:31:19,670 - database - INFO - Saved 1 new crawled item IDs
2026-04-07 11:31:22,140 - crawler - INFO - Worker 1: Completed route Điện thoại in Tp Hồ Chí Minh in 2.81s
2026-04-07 11:31:22,140 - queue_manager - INFO - Scheduled next crawl for Điện thoại in Tp Hồ Chí Minh after 63.0s
2026-04-07 11:31:41,153 - crawler - INFO - Worker 4: Processing Điện thoại in Hà Nội (page=0, priority=238)
2026-04-07 11:31:44,139 - crawler - INFO - Worker 4: Completed route Điện thoại in Hà Nội in 2.99s
2026-04-07 11:31:44,139 - queue_manager - INFO - Scheduled next crawl for Điện thoại in Hà Nội after 144.1s
2026-04-07 11:32:01,040 - crawler - INFO - Worker 0: Processing Phụ kiện thời trang khác in Tp Hồ Chí Minh (page=0, priority=245)
2026-04-07 11:32:03,948 - crawler - INFO - Worker 0: Completed route Phụ kiện thời trang khác in Tp Hồ Chí Minh in 2.91s
2026-04-07 11:32:03,948 - queue_manager - INFO - Scheduled next crawl for Phụ kiện thời trang khác in Tp Hồ Chí Minh after 98.5s
2026-04-07 11:32:14,354 - crawler - INFO - Worker 0: Processing Mẹ và bé in Tp Hồ Chí Minh (page=0, priority=205)
2026-04-07 11:32:14,962 - database - INFO - Saved 3 new crawled item IDs
2026-04-07 11:32:17,613 - crawler - INFO - Worker 0: Completed route Mẹ và bé in Tp Hồ Chí Minh in 3.26s
2026-04-07 11:32:17,614 - queue_manager - INFO - Scheduled next crawl for Mẹ và bé in Tp Hồ Chí Minh after 373.0s
2026-04-07 11:32:25,140 - crawler - INFO - Worker 1: Processing Điện thoại in Tp Hồ Chí Minh (page=0, priority=250)
2026-04-07 11:32:25,610 - database - INFO - Saved 1 new crawled item IDs
2026-04-07 11:32:27,945 - crawler - INFO - Worker 1: Completed route Điện thoại in Tp Hồ Chí Minh in 2.80s
2026-04-07 11:32:27,946 - queue_manager - INFO - Scheduled next crawl for Điện thoại in Tp Hồ Chí Minh after 63.0s
2026-04-07 11:32:31,971 - crawler - INFO - Worker 4: Processing Điện thoại in Đông Nam Bộ (page=0, priority=200)
2026-04-07 11:32:34,779 - crawler - INFO - Worker 4: Completed route Điện thoại in Đông Nam Bộ in 2.81s
2026-04-07 11:32:34,779 - queue_manager - INFO - Scheduled next crawl for Điện thoại in Đông Nam Bộ after 406.0s
2026-04-07 11:32:54,742 - crawler - INFO - Worker 2: Processing Giày dép in Tp Hồ Chí Minh (page=0, priority=227)
2026-04-07 11:32:57,713 - crawler - INFO - Worker 2: Completed route Giày dép in Tp Hồ Chí Minh in 2.97s
2026-04-07 11:32:57,713 - queue_manager - INFO - Scheduled next crawl for Giày dép in Tp Hồ Chí Minh after 221.0s
2026-04-07 11:33:30,947 - crawler - INFO - Worker 1: Processing Điện thoại in Tp Hồ Chí Minh (page=0, priority=250)
2026-04-07 11:33:34,108 - crawler - INFO - Worker 1: Completed route Điện thoại in Tp Hồ Chí Minh in 3.16s
2026-04-07 11:33:34,108 - queue_manager - INFO - Scheduled next crawl for Điện thoại in Tp Hồ Chí Minh after 63.0s
2026-04-07 11:33:42,447 - crawler - INFO - Worker 0: Processing Phụ kiện thời trang khác in Tp Hồ Chí Minh (page=0, priority=245)
2026-04-07 11:33:45,325 - crawler - INFO - Worker 0: Completed route Phụ kiện thời trang khác in Tp Hồ Chí Minh in 2.88s
2026-04-07 11:33:45,325 - queue_manager - INFO - Scheduled next crawl for Phụ kiện thời trang khác in Tp Hồ Chí Minh after 98.5s
2026-04-07 11:33:53,689 - crawler - INFO - Worker 0: Processing Điện thoại in Quảng Nam Đà Nẵng (page=0, priority=211)
2026-04-07 11:33:56,423 - crawler - INFO - Worker 0: Completed route Điện thoại in Quảng Nam Đà Nẵng in 2.73s
2026-04-07 11:33:56,423 - queue_manager - INFO - Scheduled next crawl for Điện thoại in Quảng Nam Đà Nẵng after 330.0s
2026-04-07 11:34:08,190 - crawler - INFO - Worker 0: Processing Điện thoại in Hà Nội (page=0, priority=238)
2026-04-07 11:34:08,577 - database - INFO - Saved 1 new crawled item IDs
2026-04-07 11:34:10,925 - crawler - INFO - Worker 0: Completed route Điện thoại in Hà Nội in 2.74s
2026-04-07 11:34:10,925 - queue_manager - INFO - Scheduled next crawl for Điện thoại in Hà Nội after 144.1s
2026-04-07 11:34:37,109 - crawler - INFO - Worker 2: Processing Điện thoại in Tp Hồ Chí Minh (page=0, priority=250)
2026-04-07 11:34:37,600 - database - INFO - Saved 2 new crawled item IDs
2026-04-07 11:34:39,934 - crawler - INFO - Worker 2: Completed route Điện thoại in Tp Hồ Chí Minh in 2.82s
2026-04-07 11:34:39,934 - queue_manager - INFO - Scheduled next crawl for Điện thoại in Tp Hồ Chí Minh after 63.0s
2026-04-07 11:35:23,826 - crawler - INFO - Worker 0: Processing Phụ kiện thời trang khác in Tp Hồ Chí Minh (page=0, priority=245)
2026-04-07 11:35:26,691 - crawler - INFO - Worker 0: Completed route Phụ kiện thời trang khác in Tp Hồ Chí Minh in 2.85s
2026-04-07 11:35:26,703 - queue_manager - INFO - Scheduled next crawl for Phụ kiện thời trang khác in Tp Hồ Chí Minh after 98.5s
2026-04-07 11:35:27,483 - crawler - INFO - Worker 2: Processing Đồ thể thao, Dã ngoại in Tp Hồ Chí Minh (page=0, priority=207)
2026-04-07 11:35:30,221 - crawler - INFO - Worker 2: Completed route Đồ thể thao, Dã ngoại in Tp Hồ Chí Minh in 2.74s
2026-04-07 11:35:30,221 - queue_manager - INFO - Scheduled next crawl for Đồ thể thao, Dã ngoại in Tp Hồ Chí Minh after 360.0s
2026-04-07 11:35:42,933 - crawler - INFO - Worker 2: Processing Điện thoại in Tp Hồ Chí Minh (page=0, priority=250)
2026-04-07 11:35:45,749 - crawler - INFO - Worker 2: Completed route Điện thoại in Tp Hồ Chí Minh in 2.82s
2026-04-07 11:35:45,750 - queue_manager - INFO - Scheduled next crawl for Điện thoại in Tp Hồ Chí Minh after 63.0s
2026-04-07 11:35:58,289 - crawler - INFO - Worker 2: Processing Phụ tùng xe in Tp Hồ Chí Minh (page=0, priority=218)
2026-04-07 11:35:58,654 - database - INFO - Saved 1 new crawled item IDs
2026-04-07 11:36:01,108 - crawler - INFO - Worker 2: Completed route Phụ tùng xe in Tp Hồ Chí Minh in 2.82s
2026-04-07 11:36:01,108 - queue_manager - INFO - Scheduled next crawl for Phụ tùng xe in Tp Hồ Chí Minh after 281.0s
2026-04-07 11:36:34,975 - crawler - INFO - Worker 1: Processing Điện thoại in Hà Nội (page=0, priority=238)
2026-04-07 11:36:37,835 - crawler - INFO - Worker 1: Completed route Điện thoại in Hà Nội in 2.86s
2026-04-07 11:36:37,835 - queue_manager - INFO - Scheduled next crawl for Điện thoại in Hà Nội after 144.1s
2026-04-07 11:36:38,714 - crawler - INFO - Worker 0: Processing Giày dép in Tp Hồ Chí Minh (page=0, priority=227)
2026-04-07 11:36:41,578 - crawler - INFO - Worker 0: Completed route Giày dép in Tp Hồ Chí Minh in 2.86s
2026-04-07 11:36:41,578 - queue_manager - INFO - Scheduled next crawl for Giày dép in Tp Hồ Chí Minh after 221.0s
2026-04-07 11:36:48,750 - crawler - INFO - Worker 2: Processing Điện thoại in Tp Hồ Chí Minh (page=0, priority=250)
2026-04-07 11:36:51,557 - crawler - INFO - Worker 2: Completed route Điện thoại in Tp Hồ Chí Minh in 2.81s
2026-04-07 11:36:51,558 - queue_manager - INFO - Scheduled next crawl for Điện thoại in Tp Hồ Chí Minh after 63.0s
2026-04-07 11:37:05,203 - crawler - INFO - Worker 0: Processing Phụ kiện thời trang khác in Tp Hồ Chí Minh (page=0, priority=245)
2026-04-07 11:37:05,543 - database - INFO - Saved 1 new crawled item IDs
2026-04-07 11:37:07,927 - crawler - INFO - Worker 0: Completed route Phụ kiện thời trang khác in Tp Hồ Chí Minh in 2.72s
2026-04-07 11:37:07,927 - queue_manager - INFO - Scheduled next crawl for Phụ kiện thời trang khác in Tp Hồ Chí Minh after 98.5s
2026-04-07 11:37:37,183 - crawler - INFO - Worker 1: Processing Điện thoại in Hải Phòng Nam Định Thái Bình (page=0, priority=71)
2026-04-07 11:37:39,965 - crawler - INFO - Worker 1: Completed route Điện thoại in Hải Phòng Nam Định Thái Bình in 2.78s
2026-04-07 11:37:39,965 - queue_manager - INFO - Scheduled next crawl for Điện thoại in Hải Phòng Nam Định Thái Bình after 1301.0s
2026-04-07 11:37:54,558 - crawler - INFO - Worker 0: Processing Điện thoại in Tp Hồ Chí Minh (page=0, priority=250)
2026-04-07 11:37:57,748 - crawler - INFO - Worker 0: Completed route Điện thoại in Tp Hồ Chí Minh in 3.19s
2026-04-07 11:37:57,748 - queue_manager - INFO - Scheduled next crawl for Điện thoại in Tp Hồ Chí Minh after 63.0s
2026-04-07 11:38:00,450 - crawler - INFO - Worker 2: Processing Đồ thể thao, Dã ngoại in Hà Nội (page=0, priority=8)
2026-04-07 11:38:03,267 - crawler - INFO - Worker 2: Completed route Đồ thể thao, Dã ngoại in Hà Nội in 2.82s
2026-04-07 11:38:03,267 - queue_manager - INFO - Scheduled next crawl for Đồ thể thao, Dã ngoại in Hà Nội after 1742.8s
2026-04-07 11:38:30,615 - crawler - INFO - Worker 0: Processing Mẹ và bé in Tp Hồ Chí Minh (page=0, priority=205)
2026-04-07 11:38:33,622 - crawler - INFO - Worker 0: Completed route Mẹ và bé in Tp Hồ Chí Minh in 3.01s
2026-04-07 11:38:33,622 - queue_manager - INFO - Scheduled next crawl for Mẹ và bé in Tp Hồ Chí Minh after 373.0s
2026-04-07 11:38:46,428 - crawler - INFO - Worker 0: Processing Phụ kiện thời trang khác in Tp Hồ Chí Minh (page=0, priority=245)
2026-04-07 11:38:46,942 - database - INFO - Saved 1 new crawled item IDs
2026-04-07 11:38:48,198 - database - INFO - Đã lọc bỏ 1 items lừa đảo/rác trong mẻ này.
2026-04-07 11:38:48,199 - database - INFO - No items passed the filtering criteria and scam check
2026-04-07 11:38:50,518 - crawler - INFO - Worker 0: Completed route Phụ kiện thời trang khác in Tp Hồ Chí Minh in 4.09s
2026-04-07 11:38:50,518 - queue_manager - INFO - Scheduled next crawl for Phụ kiện thời trang khác in Tp Hồ Chí Minh after 98.5s
2026-04-07 11:39:00,749 - crawler - INFO - Worker 0: Processing Điện thoại in Tp Hồ Chí Minh (page=0, priority=250)
2026-04-07 11:39:01,886 - crawler - INFO - Worker 2: Processing Điện thoại in Hà Nội (page=0, priority=238)
2026-04-07 11:39:02,278 - database - INFO - Saved 3 new crawled item IDs
2026-04-07 11:39:03,325 - database - INFO - Saved 1 new items to database
2026-04-07 11:39:03,584 - crawler - INFO - Worker 0: Completed route Điện thoại in Tp Hồ Chí Minh in 2.84s
2026-04-07 11:39:03,585 - queue_manager - INFO - Scheduled next crawl for Điện thoại in Tp Hồ Chí Minh after 63.0s
2026-04-07 11:39:05,743 - crawler - INFO - Worker 2: Completed route Điện thoại in Hà Nội in 3.85s
2026-04-07 11:39:05,743 - queue_manager - INFO - Scheduled next crawl for Điện thoại in Hà Nội after 144.1s
2026-04-07 11:39:07,280 - crawler - INFO - Worker 3: Processing Điện thoại in Cần Thơ - Tây Nam Bộ (page=0, priority=174)
2026-04-07 11:39:07,637 - database - INFO - Saved 3 new crawled item IDs
2026-04-07 11:39:08,776 - database - INFO - Saved 1 new items to database
2026-04-07 11:39:11,270 - crawler - INFO - Worker 3: Completed route Điện thoại in Cần Thơ - Tây Nam Bộ in 3.99s
2026-04-07 11:39:11,270 - queue_manager - INFO - Scheduled next crawl for Điện thoại in Cần Thơ - Tây Nam Bộ after 586.0s
2026-04-07 11:39:20,779 - crawler - INFO - Worker 4: Processing Điện thoại in Đông Nam Bộ (page=0, priority=200)
2026-04-07 11:39:23,498 - crawler - INFO - Worker 4: Completed route Điện thoại in Đông Nam Bộ in 2.72s
2026-04-07 11:39:23,499 - queue_manager - INFO - Scheduled next crawl for Điện thoại in Đông Nam Bộ after 406.0s
2026-04-07 11:39:26,434 - crawler - INFO - Worker 0: Processing Điện thoại in Quảng Nam Đà Nẵng (page=0, priority=211)
2026-04-07 11:39:29,184 - crawler - INFO - Worker 0: Completed route Điện thoại in Quảng Nam Đà Nẵng in 2.75s
2026-04-07 11:39:29,184 - queue_manager - INFO - Scheduled next crawl for Điện thoại in Quảng Nam Đà Nẵng after 330.0s
2026-04-07 11:40:06,585 - crawler - INFO - Worker 2: Processing Điện thoại in Tp Hồ Chí Minh (page=0, priority=250)
2026-04-07 11:40:10,058 - crawler - INFO - Worker 2: Completed route Điện thoại in Tp Hồ Chí Minh in 3.47s
2026-04-07 11:40:10,058 - queue_manager - INFO - Scheduled next crawl for Điện thoại in Tp Hồ Chí Minh after 63.0s
2026-04-07 11:40:22,579 - crawler - INFO - Worker 2: Processing Giày dép in Tp Hồ Chí Minh (page=0, priority=227)
2026-04-07 11:40:25,354 - crawler - INFO - Worker 2: Completed route Giày dép in Tp Hồ Chí Minh in 2.77s
2026-04-07 11:40:25,354 - queue_manager - INFO - Scheduled next crawl for Giày dép in Tp Hồ Chí Minh after 221.0s
2026-04-07 11:40:29,018 - crawler - INFO - Worker 0: Processing Phụ kiện thời trang khác in Tp Hồ Chí Minh (page=0, priority=245)
2026-04-07 11:40:31,962 - crawler - INFO - Worker 0: Completed route Phụ kiện thời trang khác in Tp Hồ Chí Minh in 2.94s
2026-04-07 11:40:31,962 - queue_manager - INFO - Scheduled next crawl for Phụ kiện thời trang khác in Tp Hồ Chí Minh after 98.5s
2026-04-07 11:40:42,120 - crawler - INFO - Worker 0: Processing Phụ tùng xe in Tp Hồ Chí Minh (page=0, priority=218)
2026-04-07 11:40:42,467 - database - INFO - Saved 1 new crawled item IDs
2026-04-07 11:40:44,802 - crawler - INFO - Worker 0: Completed route Phụ tùng xe in Tp Hồ Chí Minh in 2.68s
2026-04-07 11:40:44,802 - queue_manager - INFO - Scheduled next crawl for Phụ tùng xe in Tp Hồ Chí Minh after 281.0s
2026-04-07 11:40:49,373 - crawler - INFO - Worker 2: Processing Phụ tùng xe in Các tỉnh lân cận Hà Nội (page=0, priority=0)
2026-04-07 11:40:49,960 - crawler - INFO - Worker 1: Processing Phụ tùng xe in Quảng Nam Đà Nẵng (page=0, priority=0)
2026-04-07 11:40:51,958 - crawler - INFO - Worker 2: Completed route Phụ tùng xe in Các tỉnh lân cận Hà Nội in 2.58s
2026-04-07 11:40:51,959 - queue_manager - INFO - Scheduled next crawl for Phụ tùng xe in Các tỉnh lân cận Hà Nội after 1800.0s
2026-04-07 11:40:52,709 - crawler - INFO - Worker 1: Completed route Phụ tùng xe in Quảng Nam Đà Nẵng in 2.75s
2026-04-07 11:40:52,709 - queue_manager - INFO - Scheduled next crawl for Phụ tùng xe in Quảng Nam Đà Nẵng after 1800.0s
2026-04-07 11:40:54,294 - crawler - INFO - Worker 0: Processing Phụ tùng xe in Thanh Nghệ Tĩnh (page=0, priority=0)
2026-04-07 11:40:54,788 - crawler - INFO - Worker 3: Processing Phụ tùng xe in Hải Phòng Nam Định Thái Bình (page=0, priority=0)
2026-04-07 11:40:55,093 - crawler - INFO - Worker 4: Processing Phụ tùng xe in Bình Trị Thừa Thiên Huế (page=0, priority=0)
2026-04-07 11:40:55,546 - crawler - INFO - Worker 2: Processing Phụ tùng xe in Nam Trung Bộ (page=0, priority=0)
2026-04-07 11:40:55,906 - crawler - INFO - Worker 1: Processing Phụ tùng xe in Tây Nguyên (page=0, priority=0)
2026-04-07 11:40:56,760 - crawler - INFO - Worker 0: Completed route Phụ tùng xe in Thanh Nghệ Tĩnh in 2.47s
2026-04-07 11:40:56,760 - queue_manager - INFO - Scheduled next crawl for Phụ tùng xe in Thanh Nghệ Tĩnh after 1800.0s
2026-04-07 11:40:57,419 - crawler - INFO - Worker 3: Completed route Phụ tùng xe in Hải Phòng Nam Định Thái Bình in 2.63s
2026-04-07 11:40:57,419 - queue_manager - INFO - Scheduled next crawl for Phụ tùng xe in Hải Phòng Nam Định Thái Bình after 1800.0s
2026-04-07 11:40:57,666 - crawler - INFO - Worker 4: Completed route Phụ tùng xe in Bình Trị Thừa Thiên Huế in 2.57s
2026-04-07 11:40:57,666 - queue_manager - INFO - Scheduled next crawl for Phụ tùng xe in Bình Trị Thừa Thiên Huế after 1800.0s
2026-04-07 11:40:58,238 - crawler - INFO - Worker 2: Completed route Phụ tùng xe in Nam Trung Bộ in 2.69s
2026-04-07 11:40:58,239 - queue_manager - INFO - Scheduled next crawl for Phụ tùng xe in Nam Trung Bộ after 1800.0s
2026-04-07 11:40:58,693 - crawler - INFO - Worker 1: Completed route Phụ tùng xe in Tây Nguyên in 2.79s
2026-04-07 11:40:58,693 - queue_manager - INFO - Scheduled next crawl for Phụ tùng xe in Tây Nguyên after 1800.0s
2026-04-07 11:40:59,760 - crawler - INFO - Worker 0: Processing Phụ tùng xe in Đông Bắc Bộ (page=0, priority=0)
2026-04-07 11:41:00,420 - crawler - INFO - Worker 3: Processing Phụ tùng xe in Tây Bắc Bộ (page=0, priority=0)
2026-04-07 11:41:00,808 - crawler - INFO - Worker 4: Processing Giày dép in Các tỉnh lân cận Hà Nội (page=0, priority=0)
2026-04-07 11:41:01,532 - crawler - INFO - Worker 2: Processing Phụ tùng xe in Hà Nội (page=0, priority=0)
2026-04-07 11:41:02,138 - crawler - INFO - Worker 0: Completed route Phụ tùng xe in Đông Bắc Bộ in 2.38s
2026-04-07 11:41:02,138 - queue_manager - INFO - Scheduled next crawl for Phụ tùng xe in Đông Bắc Bộ after 1800.0s
2026-04-07 11:41:02,751 - crawler - INFO - Worker 3: Completed route Phụ tùng xe in Tây Bắc Bộ in 2.33s
2026-04-07 11:41:02,752 - queue_manager - INFO - Scheduled next crawl for Phụ tùng xe in Tây Bắc Bộ after 1800.0s
2026-04-07 11:41:03,607 - crawler - INFO - Worker 4: Completed route Giày dép in Các tỉnh lân cận Hà Nội in 2.80s
2026-04-07 11:41:03,608 - queue_manager - INFO - Scheduled next crawl for Giày dép in Các tỉnh lân cận Hà Nội after 1800.0s
2026-04-07 11:41:04,315 - crawler - INFO - Worker 2: Completed route Phụ tùng xe in Hà Nội in 2.78s
2026-04-07 11:41:04,315 - queue_manager - INFO - Scheduled next crawl for Phụ tùng xe in Hà Nội after 1800.0s
2026-04-07 11:41:06,174 - crawler - INFO - Worker 1: Processing Giày dép in Quảng Nam Đà Nẵng (page=0, priority=0)
2026-04-07 11:41:06,444 - crawler - INFO - Worker 0: Processing Giày dép in Bình Trị Thừa Thiên Huế (page=0, priority=0)
2026-04-07 11:41:06,512 - database - INFO - Saved 1 new crawled item IDs
2026-04-07 11:41:07,115 - crawler - INFO - Worker 3: Processing Giày dép in Nam Trung Bộ (page=0, priority=0)
2026-04-07 11:41:07,672 - crawler - INFO - Worker 4: Processing Giày dép in Hải Phòng Nam Định Thái Bình (page=0, priority=0)
2026-04-07 11:41:07,713 - database - INFO - Đã lọc bỏ 1 items lừa đảo/rác trong mẻ này.
2026-04-07 11:41:07,713 - database - INFO - No items passed the filtering criteria and scam check
2026-04-07 11:41:08,965 - crawler - INFO - Worker 0: Completed route Giày dép in Bình Trị Thừa Thiên Huế in 2.52s
2026-04-07 11:41:08,965 - queue_manager - INFO - Scheduled next crawl for Giày dép in Bình Trị Thừa Thiên Huế after 1800.0s
2026-04-07 11:41:09,086 - crawler - INFO - Worker 2: Processing Giày dép in Cần Thơ - Tây Nam Bộ (page=0, priority=0)
2026-04-07 11:41:09,881 - crawler - INFO - Worker 3: Completed route Giày dép in Nam Trung Bộ in 2.77s
2026-04-07 11:41:09,881 - queue_manager - INFO - Scheduled next crawl for Giày dép in Nam Trung Bộ after 1800.0s
2026-04-07 11:41:10,058 - crawler - INFO - Worker 1: Completed route Giày dép in Quảng Nam Đà Nẵng in 3.88s
2026-04-07 11:41:10,058 - queue_manager - INFO - Scheduled next crawl for Giày dép in Quảng Nam Đà Nẵng after 1800.0s
2026-04-07 11:41:10,384 - crawler - INFO - Worker 4: Completed route Giày dép in Hải Phòng Nam Định Thái Bình in 2.71s
2026-04-07 11:41:10,385 - queue_manager - INFO - Scheduled next crawl for Giày dép in Hải Phòng Nam Định Thái Bình after 1800.0s
2026-04-07 11:41:11,712 - crawler - INFO - Worker 2: Completed route Giày dép in Cần Thơ - Tây Nam Bộ in 2.63s
2026-04-07 11:41:11,712 - queue_manager - INFO - Scheduled next crawl for Giày dép in Cần Thơ - Tây Nam Bộ after 1800.0s
2026-04-07 11:41:11,966 - crawler - INFO - Worker 0: Processing Giày dép in Tây Bắc Bộ (page=0, priority=0)
2026-04-07 11:41:12,122 - crawler - INFO - Worker 0: Completed route Giày dép in Tây Bắc Bộ in 0.16s
2026-04-07 11:41:12,122 - queue_manager - INFO - Scheduled next crawl for Giày dép in Tây Bắc Bộ after 1800.0s
2026-04-07 11:41:12,881 - crawler - INFO - Worker 3: Processing Giày dép in Thanh Nghệ Tĩnh (page=0, priority=0)
2026-04-07 11:41:13,059 - crawler - INFO - Worker 1: Processing Điện thoại in Tp Hồ Chí Minh (page=0, priority=250)
2026-04-07 11:41:13,386 - crawler - INFO - Worker 4: Processing Giày dép in Tây Nguyên (page=0, priority=0)
2026-04-07 11:41:13,433 - database - INFO - Saved 1 new crawled item IDs
2026-04-07 11:41:14,713 - crawler - INFO - Worker 2: Processing Giày dép in Đông Bắc Bộ (page=0, priority=0)
2026-04-07 11:41:15,364 - crawler - INFO - Worker 0: Processing Giày dép in Hà Nội (page=0, priority=0)
2026-04-07 11:41:15,426 - crawler - INFO - Worker 3: Completed route Giày dép in Thanh Nghệ Tĩnh in 2.54s
2026-04-07 11:41:15,426 - queue_manager - INFO - Scheduled next crawl for Giày dép in Thanh Nghệ Tĩnh after 1800.0s
2026-04-07 11:41:15,758 - database - INFO - Saved 1 new crawled item IDs
2026-04-07 11:41:15,786 - crawler - INFO - Worker 1: Completed route Điện thoại in Tp Hồ Chí Minh in 2.73s
2026-04-07 11:41:15,787 - queue_manager - INFO - Scheduled next crawl for Điện thoại in Tp Hồ Chí Minh after 63.0s
2026-04-07 11:41:16,296 - crawler - INFO - Worker 4: Completed route Giày dép in Tây Nguyên in 2.91s
2026-04-07 11:41:16,297 - queue_manager - INFO - Scheduled next crawl for Giày dép in Tây Nguyên after 1800.0s
2026-04-07 11:41:16,794 - database - INFO - Đã lọc bỏ 1 items lừa đảo/rác trong mẻ này.
2026-04-07 11:41:16,794 - database - INFO - No items passed the filtering criteria and scam check
2026-04-07 11:41:17,156 - crawler - INFO - Worker 2: Completed route Giày dép in Đông Bắc Bộ in 2.44s
2026-04-07 11:41:17,156 - queue_manager - INFO - Scheduled next crawl for Giày dép in Đông Bắc Bộ after 1800.0s
2026-04-07 11:41:18,426 - crawler - INFO - Worker 3: Processing Phụ kiện thời trang khác in Các tỉnh lân cận Hà Nội (page=0, priority=0)
2026-04-07 11:41:19,055 - crawler - INFO - Worker 1: Processing Phụ kiện thời trang khác in Đông Nam Bộ (page=0, priority=0)
2026-04-07 11:41:19,156 - crawler - INFO - Worker 0: Completed route Giày dép in Hà Nội in 3.79s
2026-04-07 11:41:19,156 - queue_manager - INFO - Scheduled next crawl for Giày dép in Hà Nội after 1800.0s
2026-04-07 11:41:19,415 - crawler - INFO - Worker 4: Processing Phụ kiện thời trang khác in Hải Phòng Nam Định Thái Bình (page=0, priority=0)
2026-04-07 11:41:21,148 - crawler - INFO - Worker 2: Processing Phụ kiện thời trang khác in Quảng Nam Đà Nẵng (page=0, priority=0)
2026-04-07 11:41:21,185 - crawler - INFO - Worker 3: Completed route Phụ kiện thời trang khác in Các tỉnh lân cận Hà Nội in 2.76s
2026-04-07 11:41:21,185 - queue_manager - INFO - Scheduled next crawl for Phụ kiện thời trang khác in Các tỉnh lân cận Hà Nội after 1800.0s
2026-04-07 11:41:21,517 - database - INFO - Saved 1 new crawled item IDs
2026-04-07 11:41:21,827 - crawler - INFO - Worker 1: Completed route Phụ kiện thời trang khác in Đông Nam Bộ in 2.77s
2026-04-07 11:41:21,827 - queue_manager - INFO - Scheduled next crawl for Phụ kiện thời trang khác in Đông Nam Bộ after 1800.0s
2026-04-07 11:41:22,156 - crawler - INFO - Worker 0: Processing Phụ kiện thời trang khác in Bình Trị Thừa Thiên Huế (page=0, priority=0)
2026-04-07 11:41:22,464 - crawler - INFO - Worker 4: Completed route Phụ kiện thời trang khác in Hải Phòng Nam Định Thái Bình in 3.05s
2026-04-07 11:41:22,464 - queue_manager - INFO - Scheduled next crawl for Phụ kiện thời trang khác in Hải Phòng Nam Định Thái Bình after 1800.0s
2026-04-07 11:41:22,565 - database - INFO - Saved 1 new items to database
2026-04-07 11:41:24,184 - crawler - INFO - Worker 3: Processing Phụ kiện thời trang khác in Tây Bắc Bộ (page=0, priority=0)
2026-04-07 11:41:24,416 - crawler - INFO - Worker 3: Completed route Phụ kiện thời trang khác in Tây Bắc Bộ in 0.23s
2026-04-07 11:41:24,416 - queue_manager - INFO - Scheduled next crawl for Phụ kiện thời trang khác in Tây Bắc Bộ after 1800.0s
2026-04-07 11:41:24,797 - crawler - INFO - Worker 0: Completed route Phụ kiện thời trang khác in Bình Trị Thừa Thiên Huế in 2.64s
2026-04-07 11:41:24,797 - queue_manager - INFO - Scheduled next crawl for Phụ kiện thời trang khác in Bình Trị Thừa Thiên Huế after 1800.0s
2026-04-07 11:41:24,828 - crawler - INFO - Worker 1: Processing Phụ kiện thời trang khác in Nam Trung Bộ (page=0, priority=0)
2026-04-07 11:41:24,930 - crawler - INFO - Worker 2: Completed route Phụ kiện thời trang khác in Quảng Nam Đà Nẵng in 3.78s
2026-04-07 11:41:24,930 - queue_manager - INFO - Scheduled next crawl for Phụ kiện thời trang khác in Quảng Nam Đà Nẵng after 1800.0s
2026-04-07 11:41:25,463 - crawler - INFO - Worker 4: Processing Phụ kiện thời trang khác in Cần Thơ - Tây Nam Bộ (page=0, priority=0)
2026-04-07 11:41:27,417 - crawler - INFO - Worker 3: Processing Phụ kiện thời trang khác in Thanh Nghệ Tĩnh (page=0, priority=0)
2026-04-07 11:41:27,605 - crawler - INFO - Worker 1: Completed route Phụ kiện thời trang khác in Nam Trung Bộ in 2.78s
2026-04-07 11:41:27,606 - queue_manager - INFO - Scheduled next crawl for Phụ kiện thời trang khác in Nam Trung Bộ after 1800.0s
2026-04-07 11:41:27,796 - crawler - INFO - Worker 0: Processing Phụ kiện thời trang khác in Đông Bắc Bộ (page=0, priority=0)
2026-04-07 11:41:28,129 - crawler - INFO - Worker 4: Completed route Phụ kiện thời trang khác in Cần Thơ - Tây Nam Bộ in 2.67s
2026-04-07 11:41:28,129 - queue_manager - INFO - Scheduled next crawl for Phụ kiện thời trang khác in Cần Thơ - Tây Nam Bộ after 1800.0s
2026-04-07 11:41:29,794 - crawler - INFO - Worker 2: Processing Điện thoại in Hà Nội (page=0, priority=238)
2026-04-07 11:41:29,816 - crawler - INFO - Worker 3: Completed route Phụ kiện thời trang khác in Thanh Nghệ Tĩnh in 2.40s
2026-04-07 11:41:29,816 - queue_manager - INFO - Scheduled next crawl for Phụ kiện thời trang khác in Thanh Nghệ Tĩnh after 1800.0s
2026-04-07 11:41:30,197 - crawler - INFO - Worker 0: Completed route Phụ kiện thời trang khác in Đông Bắc Bộ in 2.40s
2026-04-07 11:41:30,198 - queue_manager - INFO - Scheduled next crawl for Phụ kiện thời trang khác in Đông Bắc Bộ after 1800.0s
2026-04-07 11:41:30,607 - crawler - INFO - Worker 1: Processing Đồ thể thao, Dã ngoại in Tp Hồ Chí Minh (page=0, priority=207)
2026-04-07 11:41:31,060 - database - INFO - Saved 1 new crawled item IDs
2026-04-07 11:41:31,130 - crawler - INFO - Worker 4: Processing Phụ kiện thời trang khác in Tây Nguyên (page=0, priority=0)
2026-04-07 11:41:32,693 - crawler - INFO - Worker 2: Completed route Điện thoại in Hà Nội in 2.90s
2026-04-07 11:41:32,693 - queue_manager - INFO - Scheduled next crawl for Điện thoại in Hà Nội after 144.1s
2026-04-07 11:41:32,817 - crawler - INFO - Worker 3: Processing Đồ thể thao, Dã ngoại in Các tỉnh lân cận Hà Nội (page=0, priority=0)
2026-04-07 11:41:33,198 - crawler - INFO - Worker 0: Processing Phụ kiện thời trang khác in Hà Nội (page=0, priority=0)
2026-04-07 11:41:33,480 - ai_worker - INFO - Gửi 5 items lên Gemini AI (gemini-3.1-flash-lite-preview) để thẩm định...
2026-04-07 11:41:33,503 - google_genai.models - INFO - AFC is enabled with max remote calls: 10.
2026-04-07 11:41:33,557 - crawler - INFO - Worker 1: Completed route Đồ thể thao, Dã ngoại in Tp Hồ Chí Minh in 2.95s
2026-04-07 11:41:33,558 - queue_manager - INFO - Scheduled next crawl for Đồ thể thao, Dã ngoại in Tp Hồ Chí Minh after 360.0s
2026-04-07 11:41:33,582 - database - INFO - Saved 1 new crawled item IDs
2026-04-07 11:41:33,890 - crawler - INFO - Worker 4: Completed route Phụ kiện thời trang khác in Tây Nguyên in 2.76s
2026-04-07 11:41:33,890 - queue_manager - INFO - Scheduled next crawl for Phụ kiện thời trang khác in Tây Nguyên after 1800.0s
2026-04-07 11:41:34,622 - database - INFO - Đã lọc bỏ 1 items lừa đảo/rác trong mẻ này.
2026-04-07 11:41:34,622 - database - INFO - No items passed the filtering criteria and scam check
2026-04-07 11:41:35,427 - crawler - INFO - Worker 3: Completed route Đồ thể thao, Dã ngoại in Các tỉnh lân cận Hà Nội in 2.61s
2026-04-07 11:41:35,428 - queue_manager - INFO - Scheduled next crawl for Đồ thể thao, Dã ngoại in Các tỉnh lân cận Hà Nội after 1800.0s
2026-04-07 11:41:35,694 - crawler - INFO - Worker 2: Processing Đồ thể thao, Dã ngoại in Đông Nam Bộ (page=0, priority=0)
2026-04-07 11:41:36,559 - crawler - INFO - Worker 1: Processing Đồ thể thao, Dã ngoại in Bình Trị Thừa Thiên Huế (page=0, priority=0)
2026-04-07 11:41:36,891 - crawler - INFO - Worker 4: Processing Đồ thể thao, Dã ngoại in Hải Phòng Nam Định Thái Bình (page=0, priority=0)
2026-04-07 11:41:36,939 - crawler - INFO - Worker 0: Completed route Phụ kiện thời trang khác in Hà Nội in 3.74s
2026-04-07 11:41:36,939 - queue_manager - INFO - Scheduled next crawl for Phụ kiện thời trang khác in Hà Nội after 1800.0s
2026-04-07 11:41:38,366 - crawler - INFO - Worker 2: Completed route Đồ thể thao, Dã ngoại in Đông Nam Bộ in 2.67s
2026-04-07 11:41:38,366 - queue_manager - INFO - Scheduled next crawl for Đồ thể thao, Dã ngoại in Đông Nam Bộ after 1800.0s
2026-04-07 11:41:38,428 - crawler - INFO - Worker 3: Processing Đồ thể thao, Dã ngoại in Quảng Nam Đà Nẵng (page=0, priority=0)
2026-04-07 11:41:38,959 - crawler - INFO - Worker 1: Completed route Đồ thể thao, Dã ngoại in Bình Trị Thừa Thiên Huế in 2.40s
2026-04-07 11:41:38,959 - queue_manager - INFO - Scheduled next crawl for Đồ thể thao, Dã ngoại in Bình Trị Thừa Thiên Huế after 1800.0s
2026-04-07 11:41:39,553 - crawler - INFO - Worker 4: Completed route Đồ thể thao, Dã ngoại in Hải Phòng Nam Định Thái Bình in 2.66s
2026-04-07 11:41:39,553 - queue_manager - INFO - Scheduled next crawl for Đồ thể thao, Dã ngoại in Hải Phòng Nam Định Thái Bình after 1800.0s
2026-04-07 11:41:39,940 - crawler - INFO - Worker 0: Processing Đồ thể thao, Dã ngoại in Cần Thơ - Tây Nam Bộ (page=0, priority=0)
2026-04-07 11:41:40,295 - database - INFO - Saved 1 new crawled item IDs
2026-04-07 11:41:41,207 - crawler - INFO - Worker 3: Completed route Đồ thể thao, Dã ngoại in Quảng Nam Đà Nẵng in 2.78s
2026-04-07 11:41:41,207 - queue_manager - INFO - Scheduled next crawl for Đồ thể thao, Dã ngoại in Quảng Nam Đà Nẵng after 1800.0s
2026-04-07 11:41:41,327 - database - INFO - Đã lọc bỏ 1 items lừa đảo/rác trong mẻ này.
2026-04-07 11:41:41,327 - database - INFO - No items passed the filtering criteria and scam check
2026-04-07 11:41:41,366 - crawler - INFO - Worker 2: Processing Đồ thể thao, Dã ngoại in Nam Trung Bộ (page=0, priority=0)
2026-04-07 11:41:41,959 - crawler - INFO - Worker 1: Processing Đồ thể thao, Dã ngoại in Tây Bắc Bộ (page=0, priority=0)
2026-04-07 11:41:42,553 - crawler - INFO - Worker 4: Processing Đồ thể thao, Dã ngoại in Thanh Nghệ Tĩnh (page=0, priority=0)
2026-04-07 11:41:43,652 - crawler - INFO - Worker 0: Completed route Đồ thể thao, Dã ngoại in Cần Thơ - Tây Nam Bộ in 3.71s
2026-04-07 11:41:43,652 - queue_manager - INFO - Scheduled next crawl for Đồ thể thao, Dã ngoại in Cần Thơ - Tây Nam Bộ after 1800.0s
2026-04-07 11:41:44,055 - crawler - INFO - Worker 2: Completed route Đồ thể thao, Dã ngoại in Nam Trung Bộ in 2.69s
2026-04-07 11:41:44,055 - queue_manager - INFO - Scheduled next crawl for Đồ thể thao, Dã ngoại in Nam Trung Bộ after 1800.0s
2026-04-07 11:41:44,207 - crawler - INFO - Worker 3: Processing Đồ thể thao, Dã ngoại in Tây Nguyên (page=0, priority=0)
2026-04-07 11:41:44,236 - crawler - INFO - Worker 1: Completed route Đồ thể thao, Dã ngoại in Tây Bắc Bộ in 2.28s
2026-04-07 11:41:44,236 - queue_manager - INFO - Scheduled next crawl for Đồ thể thao, Dã ngoại in Tây Bắc Bộ after 1800.0s
2026-04-07 11:41:45,067 - crawler - INFO - Worker 4: Completed route Đồ thể thao, Dã ngoại in Thanh Nghệ Tĩnh in 2.51s
2026-04-07 11:41:45,067 - queue_manager - INFO - Scheduled next crawl for Đồ thể thao, Dã ngoại in Thanh Nghệ Tĩnh after 1800.0s
2026-04-07 11:41:45,530 - httpx - INFO - HTTP Request: POST https://generativelanguage.googleapis.com/v1beta/models/gemini-3.1-flash-lite-preview:generateContent "HTTP/1.1 200 OK"
2026-04-07 11:41:45,554 - ai_worker - INFO - Đã xử lý 5 items. Tìm thấy 0 kèo thơm (type 1)!
2026-04-07 11:41:46,652 - crawler - INFO - Worker 0: Processing Đồ thể thao, Dã ngoại in Đông Bắc Bộ (page=0, priority=0)
2026-04-07 11:41:46,998 - crawler - INFO - Worker 3: Completed route Đồ thể thao, Dã ngoại in Tây Nguyên in 2.79s
2026-04-07 11:41:46,998 - queue_manager - INFO - Scheduled next crawl for Đồ thể thao, Dã ngoại in Tây Nguyên after 1800.0s
2026-04-07 11:41:47,055 - crawler - INFO - Worker 2: Processing Mẹ và bé in Các tỉnh lân cận Hà Nội (page=0, priority=0)
2026-04-07 11:41:48,374 - crawler - INFO - Worker 1: Processing Mẹ và bé in Hải Phòng Nam Định Thái Bình (page=0, priority=0)
2026-04-07 11:41:49,056 - crawler - INFO - Worker 0: Completed route Đồ thể thao, Dã ngoại in Đông Bắc Bộ in 2.40s
2026-04-07 11:41:49,056 - queue_manager - INFO - Scheduled next crawl for Đồ thể thao, Dã ngoại in Đông Bắc Bộ after 1800.0s
2026-04-07 11:41:49,683 - crawler - INFO - Worker 2: Completed route Mẹ và bé in Các tỉnh lân cận Hà Nội in 2.63s
2026-04-07 11:41:49,683 - queue_manager - INFO - Scheduled next crawl for Mẹ và bé in Các tỉnh lân cận Hà Nội after 1800.0s
2026-04-07 11:41:50,259 - crawler - INFO - Worker 4: Processing Mẹ và bé in Đông Nam Bộ (page=0, priority=0)
2026-04-07 11:41:50,259 - crawler - INFO - Worker 3: Processing Mẹ và bé in Cần Thơ - Tây Nam Bộ (page=0, priority=0)
2026-04-07 11:41:50,944 - crawler - INFO - Worker 1: Completed route Mẹ và bé in Hải Phòng Nam Định Thái Bình in 2.57s
2026-04-07 11:41:50,944 - queue_manager - INFO - Scheduled next crawl for Mẹ và bé in Hải Phòng Nam Định Thái Bình after 1800.0s
2026-04-07 11:41:52,055 - crawler - INFO - Worker 0: Processing Mẹ và bé in Tây Bắc Bộ (page=0, priority=0)
2026-04-07 11:41:52,215 - crawler - INFO - Worker 0: Completed route Mẹ và bé in Tây Bắc Bộ in 0.16s
2026-04-07 11:41:52,215 - queue_manager - INFO - Scheduled next crawl for Mẹ và bé in Tây Bắc Bộ after 1800.0s
2026-04-07 11:41:52,683 - crawler - INFO - Worker 2: Processing Mẹ và bé in Bình Trị Thừa Thiên Huế (page=0, priority=0)
2026-04-07 11:41:53,041 - crawler - INFO - Worker 4: Completed route Mẹ và bé in Đông Nam Bộ in 2.78s
2026-04-07 11:41:53,041 - queue_manager - INFO - Scheduled next crawl for Mẹ và bé in Đông Nam Bộ after 1800.0s
2026-04-07 11:41:53,112 - crawler - INFO - Worker 3: Completed route Mẹ và bé in Cần Thơ - Tây Nam Bộ in 2.85s
2026-04-07 11:41:53,112 - queue_manager - INFO - Scheduled next crawl for Mẹ và bé in Cần Thơ - Tây Nam Bộ after 1800.0s
2026-04-07 11:41:53,943 - crawler - INFO - Worker 1: Processing Mẹ và bé in Thanh Nghệ Tĩnh (page=0, priority=0)
2026-04-07 11:41:55,337 - crawler - INFO - Worker 2: Completed route Mẹ và bé in Bình Trị Thừa Thiên Huế in 2.65s
2026-04-07 11:41:55,338 - queue_manager - INFO - Scheduled next crawl for Mẹ và bé in Bình Trị Thừa Thiên Huế after 1800.0s
2026-04-07 11:41:55,568 - crawler - INFO - Worker 0: Processing Mẹ và bé in Đông Bắc Bộ (page=0, priority=0)
2026-04-07 11:41:56,042 - crawler - INFO - Worker 4: Processing Mẹ và bé in Nam Trung Bộ (page=0, priority=0)
2026-04-07 11:41:56,523 - crawler - INFO - Worker 1: Completed route Mẹ và bé in Thanh Nghệ Tĩnh in 2.58s
2026-04-07 11:41:56,523 - queue_manager - INFO - Scheduled next crawl for Mẹ và bé in Thanh Nghệ Tĩnh after 1800.0s
2026-04-07 11:41:57,075 - crawler - INFO - Worker 3: Processing Mẹ và bé in Tây Nguyên (page=0, priority=0)
2026-04-07 11:41:57,910 - crawler - INFO - Worker 0: Completed route Mẹ và bé in Đông Bắc Bộ in 2.34s
2026-04-07 11:41:57,910 - queue_manager - INFO - Scheduled next crawl for Mẹ và bé in Đông Bắc Bộ after 1800.0s
2026-04-07 11:41:58,338 - crawler - INFO - Worker 2: Processing Thiết bị chơi game in Các tỉnh lân cận Hà Nội (page=0, priority=0)
2026-04-07 11:41:58,765 - crawler - INFO - Worker 4: Completed route Mẹ và bé in Nam Trung Bộ in 2.72s
2026-04-07 11:41:58,765 - queue_manager - INFO - Scheduled next crawl for Mẹ và bé in Nam Trung Bộ after 1800.0s
2026-04-07 11:41:59,524 - crawler - INFO - Worker 1: Processing Mẹ và bé in Hà Nội (page=0, priority=0)
2026-04-07 11:41:59,834 - crawler - INFO - Worker 3: Completed route Mẹ và bé in Tây Nguyên in 2.76s
2026-04-07 11:41:59,835 - queue_manager - INFO - Scheduled next crawl for Mẹ và bé in Tây Nguyên after 1800.0s
2026-04-07 11:42:00,788 - crawler - INFO - Worker 2: Completed route Thiết bị chơi game in Các tỉnh lân cận Hà Nội in 2.45s
2026-04-07 11:42:00,788 - queue_manager - INFO - Scheduled next crawl for Thiết bị chơi game in Các tỉnh lân cận Hà Nội after 1800.0s
2026-04-07 11:42:01,219 - crawler - INFO - Worker 0: Processing Thiết bị chơi game in Đông Nam Bộ (page=0, priority=0)
2026-04-07 11:42:01,765 - crawler - INFO - Worker 4: Processing Thiết bị chơi game in Quảng Nam Đà Nẵng (page=0, priority=0)
2026-04-07 11:42:02,246 - crawler - INFO - Worker 1: Completed route Mẹ và bé in Hà Nội in 2.72s
2026-04-07 11:42:02,246 - queue_manager - INFO - Scheduled next crawl for Mẹ và bé in Hà Nội after 1800.0s
2026-04-07 11:42:02,868 - crawler - INFO - Worker 3: Processing Thiết bị chơi game in Hải Phòng Nam Định Thái Bình (page=0, priority=0)
2026-04-07 11:42:03,788 - crawler - INFO - Worker 2: Processing Thiết bị chơi game in Bình Trị Thừa Thiên Huế (page=0, priority=0)
2026-04-07 11:42:03,970 - crawler - INFO - Worker 0: Completed route Thiết bị chơi game in Đông Nam Bộ in 2.75s
2026-04-07 11:42:03,970 - queue_manager - INFO - Scheduled next crawl for Thiết bị chơi game in Đông Nam Bộ after 1800.0s
2026-04-07 11:42:03,994 - database - INFO - Saved 1 new crawled item IDs
2026-04-07 11:42:04,314 - crawler - INFO - Worker 4: Completed route Thiết bị chơi game in Quảng Nam Đà Nẵng in 2.55s
2026-04-07 11:42:04,315 - queue_manager - INFO - Scheduled next crawl for Thiết bị chơi game in Quảng Nam Đà Nẵng after 1800.0s
2026-04-07 11:42:05,246 - crawler - INFO - Worker 1: Processing Thiết bị chơi game in Cần Thơ - Tây Nam Bộ (page=0, priority=0)
2026-04-07 11:42:05,249 - database - INFO - Saved 1 new items to database
2026-04-07 11:42:05,515 - crawler - INFO - Worker 3: Completed route Thiết bị chơi game in Hải Phòng Nam Định Thái Bình in 2.65s
2026-04-07 11:42:05,515 - queue_manager - INFO - Scheduled next crawl for Thiết bị chơi game in Hải Phòng Nam Định Thái Bình after 1800.0s
2026-04-07 11:42:07,080 - crawler - INFO - Worker 0: Processing Thiết bị chơi game in Nam Trung Bộ (page=0, priority=0)
2026-04-07 11:42:07,396 - crawler - INFO - Worker 2: Completed route Thiết bị chơi game in Bình Trị Thừa Thiên Huế in 3.61s
2026-04-07 11:42:07,396 - queue_manager - INFO - Scheduled next crawl for Thiết bị chơi game in Bình Trị Thừa Thiên Huế after 1800.0s
2026-04-07 11:42:07,965 - crawler - INFO - Worker 1: Completed route Thiết bị chơi game in Cần Thơ - Tây Nam Bộ in 2.72s
2026-04-07 11:42:07,966 - queue_manager - INFO - Scheduled next crawl for Thiết bị chơi game in Cần Thơ - Tây Nam Bộ after 1800.0s
2026-04-07 11:42:08,348 - crawler - INFO - Worker 4: Processing Thiết bị chơi game in Thanh Nghệ Tĩnh (page=0, priority=0)
2026-04-07 11:42:08,733 - crawler - INFO - Worker 3: Processing Thiết bị chơi game in Tây Nguyên (page=0, priority=0)
2026-04-07 11:42:09,652 - crawler - INFO - Worker 0: Completed route Thiết bị chơi game in Nam Trung Bộ in 2.57s
2026-04-07 11:42:09,652 - queue_manager - INFO - Scheduled next crawl for Thiết bị chơi game in Nam Trung Bộ after 1800.0s
2026-04-07 11:42:10,463 - crawler - INFO - Worker 2: Processing Phụ kiện thời trang khác in Tp Hồ Chí Minh (page=0, priority=245)
2026-04-07 11:42:10,687 - crawler - INFO - Worker 4: Completed route Thiết bị chơi game in Thanh Nghệ Tĩnh in 2.34s
2026-04-07 11:42:10,687 - queue_manager - INFO - Scheduled next crawl for Thiết bị chơi game in Thanh Nghệ Tĩnh after 1800.0s
2026-04-07 11:42:10,888 - database - INFO - Saved 1 new crawled item IDs
2026-04-07 11:42:11,269 - crawler - INFO - Worker 3: Completed route Thiết bị chơi game in Tây Nguyên in 2.54s
2026-04-07 11:42:11,270 - queue_manager - INFO - Scheduled next crawl for Thiết bị chơi game in Tây Nguyên after 1800.0s
2026-04-07 11:42:12,401 - crawler - INFO - Worker 1: Processing Thiết bị chơi game in Tây Bắc Bộ (page=0, priority=0)
2026-04-07 11:42:12,653 - crawler - INFO - Worker 0: Processing Thiết bị chơi game in Đông Bắc Bộ (page=0, priority=0)
2026-04-07 11:42:13,559 - crawler - INFO - Worker 2: Completed route Phụ kiện thời trang khác in Tp Hồ Chí Minh in 3.10s
2026-04-07 11:42:13,559 - queue_manager - INFO - Scheduled next crawl for Phụ kiện thời trang khác in Tp Hồ Chí Minh after 98.5s
2026-04-07 11:42:14,164 - crawler - INFO - Worker 4: Processing Thiết bị chơi game in Hà Nội (page=0, priority=0)
2026-04-07 11:42:14,295 - crawler - INFO - Worker 3: Processing Điện thoại in Tây Bắc Bộ (page=0, priority=0)
2026-04-07 11:42:14,773 - crawler - INFO - Worker 1: Completed route Thiết bị chơi game in Tây Bắc Bộ in 2.37s
2026-04-07 11:42:14,773 - queue_manager - INFO - Scheduled next crawl for Thiết bị chơi game in Tây Bắc Bộ after 1800.0s
2026-04-07 11:42:15,053 - crawler - INFO - Worker 0: Completed route Thiết bị chơi game in Đông Bắc Bộ in 2.40s
2026-04-07 11:42:15,053 - queue_manager - INFO - Scheduled next crawl for Thiết bị chơi game in Đông Bắc Bộ after 1800.0s
2026-04-07 11:42:16,560 - crawler - INFO - Worker 2: Processing Điện thoại in Thanh Nghệ Tĩnh (page=0, priority=0)
2026-04-07 11:42:16,888 - crawler - INFO - Worker 4: Completed route Thiết bị chơi game in Hà Nội in 2.72s
2026-04-07 11:42:16,888 - queue_manager - INFO - Scheduled next crawl for Thiết bị chơi game in Hà Nội after 1800.0s
2026-04-07 11:42:16,922 - crawler - INFO - Worker 3: Completed route Điện thoại in Tây Bắc Bộ in 2.63s
2026-04-07 11:42:16,922 - queue_manager - INFO - Scheduled next crawl for Điện thoại in Tây Bắc Bộ after 1800.0s
2026-04-07 11:42:18,335 - crawler - INFO - Worker 1: Processing Điện thoại in Đông Bắc Bộ (page=0, priority=0)
2026-04-07 11:42:18,386 - crawler - INFO - Worker 0: Processing Đồng hồ in Các tỉnh lân cận Hà Nội (page=0, priority=0)
2026-04-07 11:42:19,241 - crawler - INFO - Worker 2: Completed route Điện thoại in Thanh Nghệ Tĩnh in 2.68s
2026-04-07 11:42:19,242 - queue_manager - INFO - Scheduled next crawl for Điện thoại in Thanh Nghệ Tĩnh after 1800.0s
2026-04-07 11:42:19,889 - crawler - INFO - Worker 4: Processing Điện thoại in Tp Hồ Chí Minh (page=0, priority=250)
2026-04-07 11:42:20,045 - crawler - INFO - Worker 3: Processing Đồng hồ in Đông Nam Bộ (page=0, priority=0)
2026-04-07 11:42:21,551 - crawler - INFO - Worker 0: Completed route Đồng hồ in Các tỉnh lân cận Hà Nội in 3.16s
2026-04-07 11:42:21,551 - queue_manager - INFO - Scheduled next crawl for Đồng hồ in Các tỉnh lân cận Hà Nội after 1800.0s
2026-04-07 11:42:22,242 - crawler - INFO - Worker 2: Processing Đồng hồ in Quảng Nam Đà Nẵng (page=0, priority=0)
2026-04-07 11:42:22,252 - crawler - INFO - Worker 1: Completed route Điện thoại in Đông Bắc Bộ in 3.92s
2026-04-07 11:42:22,252 - queue_manager - INFO - Scheduled next crawl for Điện thoại in Đông Bắc Bộ after 1800.0s
2026-04-07 11:42:22,689 - crawler - INFO - Worker 4: Completed route Điện thoại in Tp Hồ Chí Minh in 2.80s
2026-04-07 11:42:22,690 - queue_manager - INFO - Scheduled next crawl for Điện thoại in Tp Hồ Chí Minh after 63.0s
2026-04-07 11:42:22,707 - crawler - INFO - Worker 3: Completed route Đồng hồ in Đông Nam Bộ in 2.66s
2026-04-07 11:42:22,708 - queue_manager - INFO - Scheduled next crawl for Đồng hồ in Đông Nam Bộ after 1800.0s
2026-04-07 11:42:24,551 - crawler - INFO - Worker 0: Processing Đồng hồ in Cần Thơ - Tây Nam Bộ (page=0, priority=0)
2026-04-07 11:42:25,044 - crawler - INFO - Worker 2: Completed route Đồng hồ in Quảng Nam Đà Nẵng in 2.80s
2026-04-07 11:42:25,044 - queue_manager - INFO - Scheduled next crawl for Đồng hồ in Quảng Nam Đà Nẵng after 1800.0s
2026-04-07 11:42:25,253 - crawler - INFO - Worker 1: Processing Đồng hồ in Hải Phòng Nam Định Thái Bình (page=0, priority=0)
2026-04-07 11:42:25,722 - crawler - INFO - Worker 4: Processing Đồng hồ in Thanh Nghệ Tĩnh (page=0, priority=0)
2026-04-07 11:42:25,724 - crawler - INFO - Worker 3: Processing Đồng hồ in Bình Trị Thừa Thiên Huế (page=0, priority=0)
2026-04-07 11:42:27,418 - crawler - INFO - Worker 0: Completed route Đồng hồ in Cần Thơ - Tây Nam Bộ in 2.87s
2026-04-07 11:42:27,418 - queue_manager - INFO - Scheduled next crawl for Đồng hồ in Cần Thơ - Tây Nam Bộ after 1800.0s
2026-04-07 11:42:27,981 - crawler - INFO - Worker 1: Completed route Đồng hồ in Hải Phòng Nam Định Thái Bình in 2.73s
2026-04-07 11:42:27,981 - queue_manager - INFO - Scheduled next crawl for Đồng hồ in Hải Phòng Nam Định Thái Bình after 1800.0s
2026-04-07 11:42:28,044 - crawler - INFO - Worker 2: Processing Đồng hồ in Nam Trung Bộ (page=0, priority=0)
2026-04-07 11:42:28,566 - crawler - INFO - Worker 3: Completed route Đồng hồ in Bình Trị Thừa Thiên Huế in 2.84s
2026-04-07 11:42:28,567 - queue_manager - INFO - Scheduled next crawl for Đồng hồ in Bình Trị Thừa Thiên Huế after 1800.0s
2026-04-07 11:42:28,711 - crawler - INFO - Worker 4: Completed route Đồng hồ in Thanh Nghệ Tĩnh in 2.99s
2026-04-07 11:42:28,712 - queue_manager - INFO - Scheduled next crawl for Đồng hồ in Thanh Nghệ Tĩnh after 1800.0s
2026-04-07 11:42:30,418 - crawler - INFO - Worker 0: Processing Đồng hồ in Tây Bắc Bộ (page=0, priority=0)
2026-04-07 11:42:30,699 - crawler - INFO - Worker 2: Completed route Đồng hồ in Nam Trung Bộ in 2.66s
2026-04-07 11:42:30,700 - queue_manager - INFO - Scheduled next crawl for Đồng hồ in Nam Trung Bộ after 1800.0s
2026-04-07 11:42:30,982 - crawler - INFO - Worker 1: Processing Đồng hồ in Đông Bắc Bộ (page=0, priority=0)
2026-04-07 11:42:31,621 - crawler - INFO - Worker 3: Processing Đồng hồ in Tây Nguyên (page=0, priority=0)
2026-04-07 11:42:32,814 - crawler - INFO - Worker 0: Completed route Đồng hồ in Tây Bắc Bộ in 2.40s
2026-04-07 11:42:32,814 - queue_manager - INFO - Scheduled next crawl for Đồng hồ in Tây Bắc Bộ after 1800.0s
2026-04-07 11:42:32,835 - crawler - INFO - Worker 4: Processing Laptop in Các tỉnh lân cận Hà Nội (page=0, priority=0)
2026-04-07 11:42:33,526 - crawler - INFO - Worker 1: Completed route Đồng hồ in Đông Bắc Bộ in 2.54s
2026-04-07 11:42:33,526 - queue_manager - INFO - Scheduled next crawl for Đồng hồ in Đông Bắc Bộ after 1800.0s
2026-04-07 11:42:33,700 - crawler - INFO - Worker 2: Processing Laptop in Đông Nam Bộ (page=0, priority=0)
2026-04-07 11:42:34,296 - crawler - INFO - Worker 3: Completed route Đồng hồ in Tây Nguyên in 2.67s
2026-04-07 11:42:34,296 - queue_manager - INFO - Scheduled next crawl for Đồng hồ in Tây Nguyên after 1800.0s
2026-04-07 11:42:35,544 - crawler - INFO - Worker 4: Completed route Laptop in Các tỉnh lân cận Hà Nội in 2.71s
2026-04-07 11:42:35,544 - queue_manager - INFO - Scheduled next crawl for Laptop in Các tỉnh lân cận Hà Nội after 1800.0s
2026-04-07 11:42:35,815 - crawler - INFO - Worker 0: Processing Laptop in Quảng Nam Đà Nẵng (page=0, priority=0)
2026-04-07 11:42:36,188 - database - INFO - Saved 3 new crawled item IDs
2026-04-07 11:42:36,385 - crawler - INFO - Worker 2: Completed route Laptop in Đông Nam Bộ in 2.68s
2026-04-07 11:42:36,385 - queue_manager - INFO - Scheduled next crawl for Laptop in Đông Nam Bộ after 1800.0s
2026-04-07 11:42:36,542 - crawler - INFO - Worker 1: Processing Đồng hồ in Tp Hồ Chí Minh (page=0, priority=0)
2026-04-07 11:42:36,926 - database - INFO - Saved 1 new crawled item IDs
2026-04-07 11:42:38,510 - crawler - INFO - Worker 0: Completed route Laptop in Quảng Nam Đà Nẵng in 2.69s
2026-04-07 11:42:38,510 - queue_manager - INFO - Scheduled next crawl for Laptop in Quảng Nam Đà Nẵng after 1800.0s
2026-04-07 11:42:38,612 - crawler - INFO - Worker 3: Processing Laptop in Hải Phòng Nam Định Thái Bình (page=0, priority=0)
2026-04-07 11:42:38,921 - crawler - INFO - Worker 4: Processing Laptop in Cần Thơ - Tây Nam Bộ (page=0, priority=0)
2026-04-07 11:42:39,940 - crawler - INFO - Worker 1: Completed route Đồng hồ in Tp Hồ Chí Minh in 3.40s
2026-04-07 11:42:39,940 - queue_manager - INFO - Scheduled next crawl for Đồng hồ in Tp Hồ Chí Minh after 1800.0s
2026-04-07 11:42:41,315 - crawler - INFO - Worker 3: Completed route Laptop in Hải Phòng Nam Định Thái Bình in 2.70s
2026-04-07 11:42:41,315 - queue_manager - INFO - Scheduled next crawl for Laptop in Hải Phòng Nam Định Thái Bình after 1800.0s
2026-04-07 11:42:42,134 - crawler - INFO - Worker 2: Processing Laptop in Bình Trị Thừa Thiên Huế (page=0, priority=0)
2026-04-07 11:42:42,259 - crawler - INFO - Worker 0: Processing Laptop in Nam Trung Bộ (page=0, priority=0)
2026-04-07 11:42:42,298 - crawler - INFO - Worker 4: Completed route Laptop in Cần Thơ - Tây Nam Bộ in 3.38s
2026-04-07 11:42:42,298 - queue_manager - INFO - Scheduled next crawl for Laptop in Cần Thơ - Tây Nam Bộ after 1800.0s
2026-04-07 11:42:43,621 - crawler - INFO - Worker 1: Processing Laptop in Thanh Nghệ Tĩnh (page=0, priority=0)
2026-04-07 11:42:44,071 - database - INFO - Saved 1 new crawled item IDs
2026-04-07 11:42:44,494 - crawler - INFO - Worker 3: Processing Laptop in Tây Nguyên (page=0, priority=0)
2026-04-07 11:42:44,812 - crawler - INFO - Worker 2: Completed route Laptop in Bình Trị Thừa Thiên Huế in 2.68s
2026-04-07 11:42:44,812 - queue_manager - INFO - Scheduled next crawl for Laptop in Bình Trị Thừa Thiên Huế after 1800.0s
2026-04-07 11:42:44,891 - crawler - INFO - Worker 0: Completed route Laptop in Nam Trung Bộ in 2.63s
2026-04-07 11:42:44,891 - queue_manager - INFO - Scheduled next crawl for Laptop in Nam Trung Bộ after 1800.0s
2026-04-07 11:42:45,298 - crawler - INFO - Worker 4: Processing Laptop in Đông Bắc Bộ (page=0, priority=0)
2026-04-07 11:42:46,426 - crawler - INFO - Worker 1: Completed route Laptop in Thanh Nghệ Tĩnh in 2.80s
2026-04-07 11:42:46,426 - queue_manager - INFO - Scheduled next crawl for Laptop in Thanh Nghệ Tĩnh after 1800.0s
2026-04-07 11:42:47,238 - crawler - INFO - Worker 3: Completed route Laptop in Tây Nguyên in 2.74s
2026-04-07 11:42:47,238 - queue_manager - INFO - Scheduled next crawl for Laptop in Tây Nguyên after 1800.0s
2026-04-07 11:42:47,933 - crawler - INFO - Worker 4: Completed route Laptop in Đông Bắc Bộ in 2.63s
2026-04-07 11:42:47,933 - queue_manager - INFO - Scheduled next crawl for Laptop in Đông Bắc Bộ after 1800.0s
2026-04-07 11:42:48,354 - crawler - INFO - Worker 2: Processing Laptop in Tây Bắc Bộ (page=0, priority=0)
2026-04-07 11:42:49,220 - crawler - INFO - Worker 0: Processing Laptop in Hà Nội (page=0, priority=0)
2026-04-07 11:42:49,601 - database - INFO - Saved 1 new crawled item IDs
2026-04-07 11:42:50,237 - crawler - INFO - Worker 1: Processing Máy ảnh, Máy quay in Đông Nam Bộ (page=0, priority=0)
2026-04-07 11:42:50,730 - crawler - INFO - Worker 2: Completed route Laptop in Tây Bắc Bộ in 2.38s
2026-04-07 11:42:50,731 - queue_manager - INFO - Scheduled next crawl for Laptop in Tây Bắc Bộ after 1800.0s
2026-04-07 11:42:50,829 - crawler - INFO - Worker 3: Processing Máy ảnh, Máy quay in Các tỉnh lân cận Hà Nội (page=0, priority=0)
2026-04-07 11:42:51,544 - database - INFO - Saved 1 new crawled item IDs
2026-04-07 11:42:51,996 - crawler - INFO - Worker 0: Completed route Laptop in Hà Nội in 2.78s
2026-04-07 11:42:51,997 - queue_manager - INFO - Scheduled next crawl for Laptop in Hà Nội after 1800.0s
2026-04-07 11:42:52,027 - crawler - INFO - Worker 4: Processing Máy ảnh, Máy quay in Quảng Nam Đà Nẵng (page=0, priority=0)
2026-04-07 11:42:53,603 - crawler - INFO - Worker 3: Completed route Máy ảnh, Máy quay in Các tỉnh lân cận Hà Nội in 2.77s
2026-04-07 11:42:53,603 - queue_manager - INFO - Scheduled next crawl for Máy ảnh, Máy quay in Các tỉnh lân cận Hà Nội after 1800.0s
2026-04-07 11:42:54,076 - crawler - INFO - Worker 2: Processing Laptop in Tp Hồ Chí Minh (page=0, priority=0)
2026-04-07 11:42:54,078 - crawler - INFO - Worker 1: Completed route Máy ảnh, Máy quay in Đông Nam Bộ in 3.84s
2026-04-07 11:42:54,078 - queue_manager - INFO - Scheduled next crawl for Máy ảnh, Máy quay in Đông Nam Bộ after 1800.0s
2026-04-07 11:42:54,565 - database - INFO - Saved 5 new crawled item IDs
2026-04-07 11:42:55,141 - crawler - INFO - Worker 4: Completed route Máy ảnh, Máy quay in Quảng Nam Đà Nẵng in 3.11s
2026-04-07 11:42:55,141 - queue_manager - INFO - Scheduled next crawl for Máy ảnh, Máy quay in Quảng Nam Đà Nẵng after 1800.0s
2026-04-07 11:42:56,203 - crawler - INFO - Worker 0: Processing Máy ảnh, Máy quay in Hải Phòng Nam Định Thái Bình (page=0, priority=0)
2026-04-07 11:42:56,603 - crawler - INFO - Worker 3: Processing Máy ảnh, Máy quay in Bình Trị Thừa Thiên Huế (page=0, priority=0)
2026-04-07 11:42:56,994 - crawler - INFO - Worker 2: Completed route Laptop in Tp Hồ Chí Minh in 2.92s
2026-04-07 11:42:56,995 - queue_manager - INFO - Scheduled next crawl for Laptop in Tp Hồ Chí Minh after 1800.0s
2026-04-07 11:42:57,079 - crawler - INFO - Worker 1: Processing Máy ảnh, Máy quay in Cần Thơ - Tây Nam Bộ (page=0, priority=0)
2026-04-07 11:42:58,142 - crawler - INFO - Worker 4: Processing Máy ảnh, Máy quay in Thanh Nghệ Tĩnh (page=0, priority=0)
2026-04-07 11:42:58,929 - crawler - INFO - Worker 0: Completed route Máy ảnh, Máy quay in Hải Phòng Nam Định Thái Bình in 2.73s
2026-04-07 11:42:58,929 - queue_manager - INFO - Scheduled next crawl for Máy ảnh, Máy quay in Hải Phòng Nam Định Thái Bình after 1800.0s
2026-04-07 11:42:59,229 - crawler - INFO - Worker 3: Completed route Máy ảnh, Máy quay in Bình Trị Thừa Thiên Huế in 2.63s
2026-04-07 11:42:59,229 - queue_manager - INFO - Scheduled next crawl for Máy ảnh, Máy quay in Bình Trị Thừa Thiên Huế after 1800.0s
2026-04-07 11:42:59,852 - crawler - INFO - Worker 1: Completed route Máy ảnh, Máy quay in Cần Thơ - Tây Nam Bộ in 2.77s
2026-04-07 11:42:59,852 - queue_manager - INFO - Scheduled next crawl for Máy ảnh, Máy quay in Cần Thơ - Tây Nam Bộ after 1800.0s
2026-04-07 11:42:59,995 - crawler - INFO - Worker 2: Processing Máy ảnh, Máy quay in Nam Trung Bộ (page=0, priority=0)
2026-04-07 11:43:00,681 - crawler - INFO - Worker 4: Completed route Máy ảnh, Máy quay in Thanh Nghệ Tĩnh in 2.54s
2026-04-07 11:43:00,681 - queue_manager - INFO - Scheduled next crawl for Máy ảnh, Máy quay in Thanh Nghệ Tĩnh after 1800.0s
2026-04-07 11:43:02,011 - crawler - INFO - Worker 0: Processing Máy ảnh, Máy quay in Đông Bắc Bộ (page=0, priority=0)
2026-04-07 11:43:02,235 - crawler - INFO - Worker 3: Processing Máy ảnh, Máy quay in Tây Nguyên (page=0, priority=0)
2026-04-07 11:43:02,717 - crawler - INFO - Worker 2: Completed route Máy ảnh, Máy quay in Nam Trung Bộ in 2.72s
2026-04-07 11:43:02,718 - queue_manager - INFO - Scheduled next crawl for Máy ảnh, Máy quay in Nam Trung Bộ after 1800.0s
2026-04-07 11:43:02,922 - crawler - INFO - Worker 1: Processing Máy ảnh, Máy quay in Tây Bắc Bộ (page=0, priority=0)
2026-04-07 11:43:04,527 - crawler - INFO - Worker 0: Completed route Máy ảnh, Máy quay in Đông Bắc Bộ in 2.52s
2026-04-07 11:43:04,528 - queue_manager - INFO - Scheduled next crawl for Máy ảnh, Máy quay in Đông Bắc Bộ after 1800.0s
2026-04-07 11:43:05,146 - crawler - INFO - Worker 3: Completed route Máy ảnh, Máy quay in Tây Nguyên in 2.91s
2026-04-07 11:43:05,147 - queue_manager - INFO - Scheduled next crawl for Máy ảnh, Máy quay in Tây Nguyên after 1800.0s
2026-04-07 11:43:05,248 - crawler - INFO - Worker 1: Completed route Máy ảnh, Máy quay in Tây Bắc Bộ in 2.33s
2026-04-07 11:43:05,249 - queue_manager - INFO - Scheduled next crawl for Máy ảnh, Máy quay in Tây Bắc Bộ after 1800.0s
2026-04-07 11:43:05,458 - crawler - INFO - Worker 4: Processing Máy ảnh, Máy quay in Hà Nội (page=0, priority=0)
2026-04-07 11:43:08,238 - crawler - INFO - Worker 4: Completed route Máy ảnh, Máy quay in Hà Nội in 2.78s
2026-04-07 11:43:08,239 - queue_manager - INFO - Scheduled next crawl for Máy ảnh, Máy quay in Hà Nội after 1800.0s
2026-04-07 11:43:08,966 - crawler - INFO - Worker 2: Processing Phụ kiện (Màn hình, Chuột...) in Các tỉnh lân cận Hà Nội (page=0, priority=0)
2026-04-07 11:43:10,188 - crawler - INFO - Worker 0: Processing Phụ kiện (Màn hình, Chuột...) in Quảng Nam Đà Nẵng (page=0, priority=0)
2026-04-07 11:43:10,565 - crawler - INFO - Worker 3: Processing Phụ kiện (Màn hình, Chuột...) in Đông Nam Bộ (page=0, priority=0)
2026-04-07 11:43:10,629 - database - INFO - Saved 1 new crawled item IDs
2026-04-07 11:43:10,983 - crawler - INFO - Worker 1: Processing Máy ảnh, Máy quay in Tp Hồ Chí Minh (page=0, priority=0)
2026-04-07 11:43:11,397 - database - INFO - Saved 4 new crawled item IDs
2026-04-07 11:43:11,713 - crawler - INFO - Worker 2: Completed route Phụ kiện (Màn hình, Chuột...) in Các tỉnh lân cận Hà Nội in 2.75s
2026-04-07 11:43:11,714 - queue_manager - INFO - Scheduled next crawl for Phụ kiện (Màn hình, Chuột...) in Các tỉnh lân cận Hà Nội after 1800.0s
2026-04-07 11:43:13,017 - crawler - INFO - Worker 0: Completed route Phụ kiện (Màn hình, Chuột...) in Quảng Nam Đà Nẵng in 2.83s
2026-04-07 11:43:13,017 - queue_manager - INFO - Scheduled next crawl for Phụ kiện (Màn hình, Chuột...) in Quảng Nam Đà Nẵng after 1800.0s
2026-04-07 11:43:13,357 - crawler - INFO - Worker 3: Completed route Phụ kiện (Màn hình, Chuột...) in Đông Nam Bộ in 2.79s
2026-04-07 11:43:13,358 - queue_manager - INFO - Scheduled next crawl for Phụ kiện (Màn hình, Chuột...) in Đông Nam Bộ after 1800.0s
2026-04-07 11:43:13,986 - crawler - INFO - Worker 1: Completed route Máy ảnh, Máy quay in Tp Hồ Chí Minh in 3.00s
2026-04-07 11:43:13,986 - queue_manager - INFO - Scheduled next crawl for Máy ảnh, Máy quay in Tp Hồ Chí Minh after 1800.0s
2026-04-07 11:43:15,589 - crawler - INFO - Worker 4: Processing Phụ kiện (Màn hình, Chuột...) in Hải Phòng Nam Định Thái Bình (page=0, priority=0)
2026-04-07 11:43:15,598 - crawler - INFO - Worker 2: Processing Phụ kiện (Màn hình, Chuột...) in Nam Trung Bộ (page=0, priority=0)
2026-04-07 11:43:16,364 - crawler - INFO - Worker 0: Processing Phụ kiện (Màn hình, Chuột...) in Cần Thơ - Tây Nam Bộ (page=0, priority=0)
2026-04-07 11:43:17,061 - crawler - INFO - Worker 3: Processing Phụ kiện (Màn hình, Chuột...) in Bình Trị Thừa Thiên Huế (page=0, priority=0)
2026-04-07 11:43:18,377 - crawler - INFO - Worker 4: Completed route Phụ kiện (Màn hình, Chuột...) in Hải Phòng Nam Định Thái Bình in 2.79s
2026-04-07 11:43:18,377 - queue_manager - INFO - Scheduled next crawl for Phụ kiện (Màn hình, Chuột...) in Hải Phòng Nam Định Thái Bình after 1800.0s
2026-04-07 11:43:18,378 - crawler - INFO - Worker 2: Completed route Phụ kiện (Màn hình, Chuột...) in Nam Trung Bộ in 2.78s
2026-04-07 11:43:18,378 - queue_manager - INFO - Scheduled next crawl for Phụ kiện (Màn hình, Chuột...) in Nam Trung Bộ after 1800.0s
2026-04-07 11:43:19,093 - crawler - INFO - Worker 0: Completed route Phụ kiện (Màn hình, Chuột...) in Cần Thơ - Tây Nam Bộ in 2.73s
2026-04-07 11:43:19,093 - queue_manager - INFO - Scheduled next crawl for Phụ kiện (Màn hình, Chuột...) in Cần Thơ - Tây Nam Bộ after 1800.0s
2026-04-07 11:43:19,814 - crawler - INFO - Worker 3: Completed route Phụ kiện (Màn hình, Chuột...) in Bình Trị Thừa Thiên Huế in 2.75s
2026-04-07 11:43:19,814 - queue_manager - INFO - Scheduled next crawl for Phụ kiện (Màn hình, Chuột...) in Bình Trị Thừa Thiên Huế after 1800.0s
2026-04-07 11:43:21,497 - crawler - INFO - Worker 1: Processing Phụ kiện (Màn hình, Chuột...) in Tây Nguyên (page=0, priority=0)
2026-04-07 11:43:21,563 - crawler - INFO - Worker 4: Processing Phụ kiện (Màn hình, Chuột...) in Đông Bắc Bộ (page=0, priority=0)
2026-04-07 11:43:22,106 - crawler - INFO - Worker 2: Processing Phụ kiện (Màn hình, Chuột...) in Tây Bắc Bộ (page=0, priority=0)
2026-04-07 11:43:22,493 - crawler - INFO - Worker 0: Processing Phụ kiện (Màn hình, Chuột...) in Thanh Nghệ Tĩnh (page=0, priority=0)
2026-04-07 11:43:24,180 - crawler - INFO - Worker 4: Completed route Phụ kiện (Màn hình, Chuột...) in Đông Bắc Bộ in 2.62s
2026-04-07 11:43:24,180 - queue_manager - INFO - Scheduled next crawl for Phụ kiện (Màn hình, Chuột...) in Đông Bắc Bộ after 1800.0s
2026-04-07 11:43:24,322 - crawler - INFO - Worker 1: Completed route Phụ kiện (Màn hình, Chuột...) in Tây Nguyên in 2.82s
2026-04-07 11:43:24,322 - queue_manager - INFO - Scheduled next crawl for Phụ kiện (Màn hình, Chuột...) in Tây Nguyên after 1800.0s
2026-04-07 11:43:24,528 - crawler - INFO - Worker 2: Completed route Phụ kiện (Màn hình, Chuột...) in Tây Bắc Bộ in 2.42s
2026-04-07 11:43:24,528 - queue_manager - INFO - Scheduled next crawl for Phụ kiện (Màn hình, Chuột...) in Tây Bắc Bộ after 1800.0s
2026-04-07 11:43:25,513 - crawler - INFO - Worker 0: Completed route Phụ kiện (Màn hình, Chuột...) in Thanh Nghệ Tĩnh in 3.02s
2026-04-07 11:43:25,513 - queue_manager - INFO - Scheduled next crawl for Phụ kiện (Màn hình, Chuột...) in Thanh Nghệ Tĩnh after 1800.0s
2026-04-07 11:43:25,690 - crawler - INFO - Worker 3: Processing Điện thoại in Tp Hồ Chí Minh (page=0, priority=250)
2026-04-07 11:43:27,420 - crawler - INFO - Worker 4: Processing Phụ kiện (Màn hình, Chuột...) in Hà Nội (page=0, priority=0)
2026-04-07 11:43:27,504 - crawler - INFO - Worker 1: Processing Thiết bị đeo thông minh in Các tỉnh lân cận Hà Nội (page=0, priority=0)
2026-04-07 11:43:28,359 - crawler - INFO - Worker 2: Processing Thiết bị đeo thông minh in Đông Nam Bộ (page=0, priority=0)
2026-04-07 11:43:28,619 - crawler - INFO - Worker 3: Completed route Điện thoại in Tp Hồ Chí Minh in 2.93s
2026-04-07 11:43:28,619 - queue_manager - INFO - Scheduled next crawl for Điện thoại in Tp Hồ Chí Minh after 63.0s
2026-04-07 11:43:30,154 - crawler - INFO - Worker 4: Completed route Phụ kiện (Màn hình, Chuột...) in Hà Nội in 2.73s
2026-04-07 11:43:30,154 - queue_manager - INFO - Scheduled next crawl for Phụ kiện (Màn hình, Chuột...) in Hà Nội after 1800.0s
2026-04-07 11:43:30,181 - crawler - INFO - Worker 1: Completed route Thiết bị đeo thông minh in Các tỉnh lân cận Hà Nội in 2.68s
2026-04-07 11:43:30,182 - queue_manager - INFO - Scheduled next crawl for Thiết bị đeo thông minh in Các tỉnh lân cận Hà Nội after 1800.0s
2026-04-07 11:43:31,496 - crawler - INFO - Worker 0: Processing Thiết bị đeo thông minh in Quảng Nam Đà Nẵng (page=0, priority=0)
2026-04-07 11:43:31,525 - crawler - INFO - Worker 2: Completed route Thiết bị đeo thông minh in Đông Nam Bộ in 3.17s
2026-04-07 11:43:31,526 - queue_manager - INFO - Scheduled next crawl for Thiết bị đeo thông minh in Đông Nam Bộ after 1800.0s
2026-04-07 11:43:33,143 - crawler - INFO - Worker 3: Processing Thiết bị đeo thông minh in Hải Phòng Nam Định Thái Bình (page=0, priority=0)
2026-04-07 11:43:33,336 - crawler - INFO - Worker 4: Processing Thiết bị đeo thông minh in Bình Trị Thừa Thiên Huế (page=0, priority=0)
2026-04-07 11:43:34,353 - crawler - INFO - Worker 0: Completed route Thiết bị đeo thông minh in Quảng Nam Đà Nẵng in 2.86s
2026-04-07 11:43:34,353 - queue_manager - INFO - Scheduled next crawl for Thiết bị đeo thông minh in Quảng Nam Đà Nẵng after 1800.0s
2026-04-07 11:43:34,534 - crawler - INFO - Worker 1: Processing Thiết bị đeo thông minh in Cần Thơ - Tây Nam Bộ (page=0, priority=0)
2026-04-07 11:43:35,082 - database - INFO - Saved 1 new crawled item IDs
2026-04-07 11:43:35,895 - crawler - INFO - Worker 2: Processing Điện thoại in Bình Trị Thừa Thiên Huế (page=0, priority=0)
2026-04-07 11:43:35,897 - crawler - INFO - Worker 4: Completed route Thiết bị đeo thông minh in Bình Trị Thừa Thiên Huế in 2.56s
2026-04-07 11:43:35,898 - queue_manager - INFO - Scheduled next crawl for Thiết bị đeo thông minh in Bình Trị Thừa Thiên Huế after 1800.0s
2026-04-07 11:43:35,900 - crawler - INFO - Worker 3: Completed route Thiết bị đeo thông minh in Hải Phòng Nam Định Thái Bình in 2.76s
2026-04-07 11:43:35,900 - queue_manager - INFO - Scheduled next crawl for Thiết bị đeo thông minh in Hải Phòng Nam Định Thái Bình after 1800.0s
2026-04-07 11:43:37,353 - crawler - INFO - Worker 0: Processing Thiết bị đeo thông minh in Tây Bắc Bộ (page=0, priority=0)
2026-04-07 11:43:37,387 - crawler - INFO - Worker 1: Completed route Thiết bị đeo thông minh in Cần Thơ - Tây Nam Bộ in 2.85s
2026-04-07 11:43:37,387 - queue_manager - INFO - Scheduled next crawl for Thiết bị đeo thông minh in Cần Thơ - Tây Nam Bộ after 1800.0s
2026-04-07 11:43:37,505 - crawler - INFO - Worker 0: Completed route Thiết bị đeo thông minh in Tây Bắc Bộ in 0.15s
2026-04-07 11:43:37,505 - queue_manager - INFO - Scheduled next crawl for Thiết bị đeo thông minh in Tây Bắc Bộ after 1800.0s
2026-04-07 11:43:38,849 - crawler - INFO - Worker 2: Completed route Điện thoại in Bình Trị Thừa Thiên Huế in 2.95s
2026-04-07 11:43:38,849 - queue_manager - INFO - Scheduled next crawl for Điện thoại in Bình Trị Thừa Thiên Huế after 2694.0s
2026-04-07 11:43:38,898 - crawler - INFO - Worker 4: Processing Thiết bị đeo thông minh in Nam Trung Bộ (page=0, priority=0)
2026-04-07 11:43:38,900 - crawler - INFO - Worker 3: Processing Phụ kiện (Màn hình, Chuột...) in Tp Hồ Chí Minh (page=0, priority=0)
2026-04-07 11:43:39,254 - database - INFO - Saved 3 new crawled item IDs
2026-04-07 11:43:40,386 - crawler - INFO - Worker 1: Processing Thiết bị đeo thông minh in Thanh Nghệ Tĩnh (page=0, priority=0)
2026-04-07 11:43:40,427 - database - INFO - Đã lọc bỏ 1 items lừa đảo/rác trong mẻ này.
2026-04-07 11:43:40,431 - database - INFO - Saved 1 new items to database
2026-04-07 11:43:40,505 - crawler - INFO - Worker 0: Processing Thiết bị đeo thông minh in Tây Nguyên (page=0, priority=0)
2026-04-07 11:43:41,624 - crawler - INFO - Worker 4: Completed route Thiết bị đeo thông minh in Nam Trung Bộ in 2.73s
2026-04-07 11:43:41,625 - queue_manager - INFO - Scheduled next crawl for Thiết bị đeo thông minh in Nam Trung Bộ after 1800.0s
2026-04-07 11:43:41,849 - crawler - INFO - Worker 2: Processing Thiết bị đeo thông minh in Đông Bắc Bộ (page=0, priority=0)
2026-04-07 11:43:42,798 - crawler - INFO - Worker 3: Completed route Phụ kiện (Màn hình, Chuột...) in Tp Hồ Chí Minh in 3.90s
2026-04-07 11:43:42,798 - queue_manager - INFO - Scheduled next crawl for Phụ kiện (Màn hình, Chuột...) in Tp Hồ Chí Minh after 1800.0s
2026-04-07 11:43:42,828 - crawler - INFO - Worker 1: Completed route Thiết bị đeo thông minh in Thanh Nghệ Tĩnh in 2.44s
2026-04-07 11:43:42,828 - queue_manager - INFO - Scheduled next crawl for Thiết bị đeo thông minh in Thanh Nghệ Tĩnh after 1800.0s
2026-04-07 11:43:43,265 - crawler - INFO - Worker 0: Completed route Thiết bị đeo thông minh in Tây Nguyên in 2.76s
2026-04-07 11:43:43,265 - queue_manager - INFO - Scheduled next crawl for Thiết bị đeo thông minh in Tây Nguyên after 1800.0s
2026-04-07 11:43:44,490 - crawler - INFO - Worker 2: Completed route Thiết bị đeo thông minh in Đông Bắc Bộ in 2.64s
2026-04-07 11:43:44,490 - queue_manager - INFO - Scheduled next crawl for Thiết bị đeo thông minh in Đông Bắc Bộ after 1800.0s
2026-04-07 11:43:44,625 - crawler - INFO - Worker 4: Processing Thiết bị đeo thông minh in Hà Nội (page=0, priority=0)
2026-04-07 11:43:44,956 - database - INFO - Saved 1 new crawled item IDs
2026-04-07 11:43:45,798 - crawler - INFO - Worker 3: Processing Thiết bị đeo thông minh in Tp Hồ Chí Minh (page=0, priority=0)
2026-04-07 11:43:46,235 - database - INFO - Saved 2 new crawled item IDs
2026-04-07 11:43:47,257 - database - INFO - Saved 1 new items to database
2026-04-07 11:43:47,279 - crawler - INFO - Worker 4: Completed route Thiết bị đeo thông minh in Hà Nội in 2.65s
2026-04-07 11:43:47,280 - queue_manager - INFO - Scheduled next crawl for Thiết bị đeo thông minh in Hà Nội after 1800.0s
2026-04-07 11:43:49,822 - crawler - INFO - Worker 3: Completed route Thiết bị đeo thông minh in Tp Hồ Chí Minh in 4.02s
2026-04-07 11:43:49,822 - queue_manager - INFO - Scheduled next crawl for Thiết bị đeo thông minh in Tp Hồ Chí Minh after 1800.0s
2026-04-07 11:43:52,059 - crawler - INFO - Worker 1: Processing Phụ kiện thời trang khác in Tp Hồ Chí Minh (page=0, priority=245)
2026-04-07 11:43:54,789 - crawler - INFO - Worker 1: Completed route Phụ kiện thời trang khác in Tp Hồ Chí Minh in 2.73s
2026-04-07 11:43:54,789 - queue_manager - INFO - Scheduled next crawl for Phụ kiện thời trang khác in Tp Hồ Chí Minh after 98.5s
2026-04-07 11:43:56,744 - crawler - INFO - Worker 2: Processing Điện thoại in Hà Nội (page=0, priority=238)
2026-04-07 11:43:57,199 - database - INFO - Saved 2 new crawled item IDs
2026-04-07 11:43:59,854 - crawler - INFO - Worker 2: Completed route Điện thoại in Hà Nội in 3.11s
2026-04-07 11:43:59,854 - queue_manager - INFO - Scheduled next crawl for Điện thoại in Hà Nội after 144.1s
2026-04-07 11:44:06,353 - crawler - INFO - Worker 1: Processing Giày dép in Tp Hồ Chí Minh (page=0, priority=227)
2026-04-07 11:44:09,021 - crawler - INFO - Worker 1: Completed route Giày dép in Tp Hồ Chí Minh in 2.67s
2026-04-07 11:44:09,022 - queue_manager - INFO - Scheduled next crawl for Giày dép in Tp Hồ Chí Minh after 221.0s
2026-04-07 11:44:31,620 - crawler - INFO - Worker 0: Processing Điện thoại in Tp Hồ Chí Minh (page=0, priority=250)
2026-04-07 11:44:34,583 - crawler - INFO - Worker 0: Completed route Điện thoại in Tp Hồ Chí Minh in 2.96s
2026-04-07 11:44:34,583 - queue_manager - INFO - Scheduled next crawl for Điện thoại in Tp Hồ Chí Minh after 63.0s
2026-04-07 11:44:46,623 - crawler - INFO - Worker 0: Processing Mẹ và bé in Tp Hồ Chí Minh (page=0, priority=205)
2026-04-07 11:44:46,967 - database - INFO - Saved 1 new crawled item IDs
2026-04-07 11:44:49,349 - crawler - INFO - Worker 0: Completed route Mẹ và bé in Tp Hồ Chí Minh in 2.73s
2026-04-07 11:44:49,349 - queue_manager - INFO - Scheduled next crawl for Mẹ và bé in Tp Hồ Chí Minh after 373.0s
2026-04-07 11:44:59,184 - crawler - INFO - Worker 4: Processing Điện thoại in Quảng Nam Đà Nẵng (page=0, priority=211)
2026-04-07 11:45:01,945 - crawler - INFO - Worker 4: Completed route Điện thoại in Quảng Nam Đà Nẵng in 2.76s
2026-04-07 11:45:01,945 - queue_manager - INFO - Scheduled next crawl for Điện thoại in Quảng Nam Đà Nẵng after 330.0s
2026-04-07 11:45:25,802 - crawler - INFO - Worker 0: Processing Phụ tùng xe in Tp Hồ Chí Minh (page=0, priority=218)
2026-04-07 11:45:26,335 - database - INFO - Saved 2 new crawled item IDs
2026-04-07 11:45:28,654 - crawler - INFO - Worker 0: Completed route Phụ tùng xe in Tp Hồ Chí Minh in 2.85s
2026-04-07 11:45:28,654 - queue_manager - INFO - Scheduled next crawl for Phụ tùng xe in Tp Hồ Chí Minh after 281.0s
2026-04-07 11:45:33,300 - crawler - INFO - Worker 1: Processing Phụ kiện thời trang khác in Tp Hồ Chí Minh (page=0, priority=245)
2026-04-07 11:45:36,149 - crawler - INFO - Worker 1: Completed route Phụ kiện thời trang khác in Tp Hồ Chí Minh in 2.85s
2026-04-07 11:45:36,149 - queue_manager - INFO - Scheduled next crawl for Phụ kiện thời trang khác in Tp Hồ Chí Minh after 98.5s
2026-04-07 11:45:37,583 - crawler - INFO - Worker 3: Processing Điện thoại in Tp Hồ Chí Minh (page=0, priority=250)
2026-04-07 11:45:40,371 - crawler - INFO - Worker 3: Completed route Điện thoại in Tp Hồ Chí Minh in 2.79s
2026-04-07 11:45:40,371 - queue_manager - INFO - Scheduled next crawl for Điện thoại in Tp Hồ Chí Minh after 63.0s
2026-04-07 11:46:06,426 - crawler - INFO - Worker 2: Processing Điện thoại in Tây Nguyên (page=0, priority=0)
2026-04-07 11:46:06,959 - database - INFO - Saved 2 new crawled item IDs
2026-04-07 11:46:09,363 - crawler - INFO - Worker 2: Completed route Điện thoại in Tây Nguyên in 2.94s
2026-04-07 11:46:09,363 - queue_manager - INFO - Scheduled next crawl for Điện thoại in Tây Nguyên after 1847.0s
2026-04-07 11:46:09,498 - crawler - INFO - Worker 1: Processing Điện thoại in Đông Nam Bộ (page=0, priority=200)
2026-04-07 11:46:12,983 - crawler - INFO - Worker 1: Completed route Điện thoại in Đông Nam Bộ in 3.49s
2026-04-07 11:46:12,984 - queue_manager - INFO - Scheduled next crawl for Điện thoại in Đông Nam Bộ after 406.0s
2026-04-07 11:46:23,904 - crawler - INFO - Worker 1: Processing Điện thoại in Hà Nội (page=0, priority=238)
2026-04-07 11:46:24,358 - database - INFO - Saved 1 new crawled item IDs
2026-04-07 11:46:26,815 - crawler - INFO - Worker 1: Completed route Điện thoại in Hà Nội in 2.91s
2026-04-07 11:46:26,816 - queue_manager - INFO - Scheduled next crawl for Điện thoại in Hà Nội after 144.1s
2026-04-07 11:46:43,371 - crawler - INFO - Worker 2: Processing Điện thoại in Tp Hồ Chí Minh (page=0, priority=250)
2026-04-07 11:46:46,275 - crawler - INFO - Worker 2: Completed route Điện thoại in Tp Hồ Chí Minh in 2.90s
2026-04-07 11:46:46,276 - queue_manager - INFO - Scheduled next crawl for Điện thoại in Tp Hồ Chí Minh after 63.0s
2026-04-07 11:47:14,650 - crawler - INFO - Worker 4: Processing Phụ kiện thời trang khác in Tp Hồ Chí Minh (page=0, priority=245)
2026-04-07 11:47:15,267 - database - INFO - Saved 1 new crawled item IDs
2026-04-07 11:47:17,644 - crawler - INFO - Worker 4: Completed route Phụ kiện thời trang khác in Tp Hồ Chí Minh in 2.99s
2026-04-07 11:47:17,645 - queue_manager - INFO - Scheduled next crawl for Phụ kiện thời trang khác in Tp Hồ Chí Minh after 98.5s
2026-04-07 11:47:33,559 - crawler - INFO - Worker 2: Processing Đồ thể thao, Dã ngoại in Tp Hồ Chí Minh (page=0, priority=207)
2026-04-07 11:47:34,110 - database - INFO - Saved 1 new crawled item IDs
2026-04-07 11:47:36,520 - crawler - INFO - Worker 2: Completed route Đồ thể thao, Dã ngoại in Tp Hồ Chí Minh in 2.96s
2026-04-07 11:47:36,520 - queue_manager - INFO - Scheduled next crawl for Đồ thể thao, Dã ngoại in Tp Hồ Chí Minh after 360.0s
2026-04-07 11:47:49,276 - crawler - INFO - Worker 2: Processing Điện thoại in Tp Hồ Chí Minh (page=0, priority=250)
2026-04-07 11:47:50,022 - crawler - INFO - Worker 1: Processing Giày dép in Tp Hồ Chí Minh (page=0, priority=227)
2026-04-07 11:47:50,398 - database - INFO - Saved 1 new crawled item IDs
2026-04-07 11:47:52,225 - crawler - INFO - Worker 2: Completed route Điện thoại in Tp Hồ Chí Minh in 2.95s
2026-04-07 11:47:52,225 - queue_manager - INFO - Scheduled next crawl for Điện thoại in Tp Hồ Chí Minh after 63.0s
2026-04-07 11:47:52,736 - crawler - INFO - Worker 1: Completed route Giày dép in Tp Hồ Chí Minh in 2.71s
2026-04-07 11:47:52,736 - queue_manager - INFO - Scheduled next crawl for Giày dép in Tp Hồ Chí Minh after 221.0s
2026-04-07 11:48:50,866 - crawler - INFO - Worker 2: Processing Điện thoại in Hà Nội (page=0, priority=238)
2026-04-07 11:48:53,898 - crawler - INFO - Worker 2: Completed route Điện thoại in Hà Nội in 3.03s
2026-04-07 11:48:53,899 - queue_manager - INFO - Scheduled next crawl for Điện thoại in Hà Nội after 144.1s
2026-04-07 11:48:55,379 - crawler - INFO - Worker 3: Processing Điện thoại in Tp Hồ Chí Minh (page=0, priority=250)
2026-04-07 11:48:56,145 - crawler - INFO - Worker 0: Processing Phụ kiện thời trang khác in Tp Hồ Chí Minh (page=0, priority=245)
2026-04-07 11:48:57,270 - crawler - INFO - Worker 1: Processing Điện thoại in Cần Thơ - Tây Nam Bộ (page=0, priority=174)
2026-04-07 11:48:57,881 - database - INFO - Saved 1 new crawled item IDs
2026-04-07 11:48:58,280 - crawler - INFO - Worker 3: Completed route Điện thoại in Tp Hồ Chí Minh in 2.90s
2026-04-07 11:48:58,280 - queue_manager - INFO - Scheduled next crawl for Điện thoại in Tp Hồ Chí Minh after 63.0s
2026-04-07 11:48:58,942 - crawler - INFO - Worker 0: Completed route Phụ kiện thời trang khác in Tp Hồ Chí Minh in 2.80s
2026-04-07 11:48:58,942 - queue_manager - INFO - Scheduled next crawl for Phụ kiện thời trang khác in Tp Hồ Chí Minh after 98.5s
2026-04-07 11:48:59,123 - database - INFO - Saved 1 new items to database
2026-04-07 11:49:01,471 - crawler - INFO - Worker 1: Completed route Điện thoại in Cần Thơ - Tây Nam Bộ in 4.20s
2026-04-07 11:49:01,471 - queue_manager - INFO - Scheduled next crawl for Điện thoại in Cần Thơ - Tây Nam Bộ after 586.0s
2026-04-07 11:50:01,280 - crawler - INFO - Worker 1: Processing Điện thoại in Tp Hồ Chí Minh (page=0, priority=250)
2026-04-07 11:50:01,927 - database - INFO - Saved 1 new crawled item IDs
2026-04-07 11:50:04,327 - crawler - INFO - Worker 1: Completed route Điện thoại in Tp Hồ Chí Minh in 3.05s
2026-04-07 11:50:04,328 - queue_manager - INFO - Scheduled next crawl for Điện thoại in Tp Hồ Chí Minh after 63.0s
2026-04-07 11:50:09,655 - crawler - INFO - Worker 3: Processing Phụ tùng xe in Tp Hồ Chí Minh (page=0, priority=218)
2026-04-07 11:50:11,293 - crawler - INFO - Worker 0: Processing Phụ tùng xe in Đông Nam Bộ (page=0, priority=44)
2026-04-07 11:50:12,627 - crawler - INFO - Worker 3: Completed route Phụ tùng xe in Tp Hồ Chí Minh in 2.97s
2026-04-07 11:50:12,627 - queue_manager - INFO - Scheduled next crawl for Phụ tùng xe in Tp Hồ Chí Minh after 281.0s
2026-04-07 11:50:14,065 - crawler - INFO - Worker 0: Completed route Phụ tùng xe in Đông Nam Bộ in 2.77s
2026-04-07 11:50:14,065 - queue_manager - INFO - Scheduled next crawl for Phụ tùng xe in Đông Nam Bộ after 1489.0s
2026-04-07 11:50:31,946 - crawler - INFO - Worker 3: Processing Điện thoại in Quảng Nam Đà Nẵng (page=0, priority=211)
2026-04-07 11:50:35,088 - crawler - INFO - Worker 3: Completed route Điện thoại in Quảng Nam Đà Nẵng in 3.14s
2026-04-07 11:50:35,088 - queue_manager - INFO - Scheduled next crawl for Điện thoại in Quảng Nam Đà Nẵng after 330.0s
2026-04-07 11:50:37,443 - crawler - INFO - Worker 0: Processing Phụ kiện thời trang khác in Tp Hồ Chí Minh (page=0, priority=245)
2026-04-07 11:50:40,294 - crawler - INFO - Worker 0: Completed route Phụ kiện thời trang khác in Tp Hồ Chí Minh in 2.85s
2026-04-07 11:50:40,295 - queue_manager - INFO - Scheduled next crawl for Phụ kiện thời trang khác in Tp Hồ Chí Minh after 98.5s
2026-04-07 11:50:42,000 - crawler - INFO - Worker 4: Processing Thiết bị chơi game in Tp Hồ Chí Minh (page=0, priority=0)
2026-04-07 11:50:42,394 - database - INFO - Saved 1 new crawled item IDs
2026-04-07 11:50:44,731 - crawler - INFO - Worker 4: Completed route Thiết bị chơi game in Tp Hồ Chí Minh in 2.73s
2026-04-07 11:50:44,731 - queue_manager - INFO - Scheduled next crawl for Thiết bị chơi game in Tp Hồ Chí Minh after 1938.5s
2026-04-07 11:51:02,350 - crawler - INFO - Worker 0: Processing Mẹ và bé in Tp Hồ Chí Minh (page=0, priority=205)
2026-04-07 11:51:02,920 - database - INFO - Saved 1 new crawled item IDs
2026-04-07 11:51:05,365 - crawler - INFO - Worker 0: Completed route Mẹ và bé in Tp Hồ Chí Minh in 3.02s
2026-04-07 11:51:05,366 - queue_manager - INFO - Scheduled next crawl for Mẹ và bé in Tp Hồ Chí Minh after 373.0s
2026-04-07 11:51:07,327 - crawler - INFO - Worker 4: Processing Điện thoại in Tp Hồ Chí Minh (page=0, priority=250)
2026-04-07 11:51:07,959 - database - INFO - Saved 1 new crawled item IDs
2026-04-07 11:51:10,475 - crawler - INFO - Worker 4: Completed route Điện thoại in Tp Hồ Chí Minh in 3.15s
2026-04-07 11:51:10,476 - queue_manager - INFO - Scheduled next crawl for Điện thoại in Tp Hồ Chí Minh after 63.0s
2026-04-07 11:51:17,949 - crawler - INFO - Worker 0: Processing Điện thoại in Hà Nội (page=0, priority=238)
2026-04-07 11:51:20,670 - crawler - INFO - Worker 0: Completed route Điện thoại in Hà Nội in 2.72s
2026-04-07 11:51:20,670 - queue_manager - INFO - Scheduled next crawl for Điện thoại in Hà Nội after 144.1s
2026-04-07 11:51:33,737 - crawler - INFO - Worker 4: Processing Giày dép in Tp Hồ Chí Minh (page=0, priority=227)
2026-04-07 11:51:36,547 - crawler - INFO - Worker 4: Completed route Giày dép in Tp Hồ Chí Minh in 2.81s
2026-04-07 11:51:36,547 - queue_manager - INFO - Scheduled next crawl for Giày dép in Tp Hồ Chí Minh after 221.0s
2026-04-07 11:52:13,477 - crawler - INFO - Worker 4: Processing Điện thoại in Tp Hồ Chí Minh (page=0, priority=250)
2026-04-07 11:52:14,082 - database - INFO - Saved 1 new crawled item IDs
2026-04-07 11:52:16,416 - crawler - INFO - Worker 4: Completed route Điện thoại in Tp Hồ Chí Minh in 2.94s
2026-04-07 11:52:16,416 - queue_manager - INFO - Scheduled next crawl for Điện thoại in Tp Hồ Chí Minh after 63.0s
2026-04-07 11:52:18,794 - crawler - INFO - Worker 2: Processing Phụ kiện thời trang khác in Tp Hồ Chí Minh (page=0, priority=245)
2026-04-07 11:52:21,746 - crawler - INFO - Worker 2: Completed route Phụ kiện thời trang khác in Tp Hồ Chí Minh in 2.95s
2026-04-07 11:52:21,746 - queue_manager - INFO - Scheduled next crawl for Phụ kiện thời trang khác in Tp Hồ Chí Minh after 98.5s
2026-04-07 11:52:40,554 - crawler - INFO - Worker 1: Processing Điện thoại in Nam Trung Bộ (page=0, priority=0)
2026-04-07 11:52:43,402 - crawler - INFO - Worker 1: Completed route Điện thoại in Nam Trung Bộ in 2.85s
2026-04-07 11:52:43,402 - queue_manager - INFO - Scheduled next crawl for Điện thoại in Nam Trung Bộ after 1977.5s
2026-04-07 11:52:58,984 - crawler - INFO - Worker 3: Processing Điện thoại in Đông Nam Bộ (page=0, priority=200)
2026-04-07 11:53:01,905 - crawler - INFO - Worker 3: Completed route Điện thoại in Đông Nam Bộ in 2.92s
2026-04-07 11:53:01,906 - queue_manager - INFO - Scheduled next crawl for Điện thoại in Đông Nam Bộ after 406.0s
2026-04-07 11:53:19,417 - crawler - INFO - Worker 1: Processing Điện thoại in Tp Hồ Chí Minh (page=0, priority=250)
2026-04-07 11:53:22,291 - crawler - INFO - Worker 1: Completed route Điện thoại in Tp Hồ Chí Minh in 2.87s
2026-04-07 11:53:22,291 - queue_manager - INFO - Scheduled next crawl for Điện thoại in Tp Hồ Chí Minh after 63.0s
2026-04-07 11:53:36,519 - crawler - INFO - Worker 3: Processing Đồ thể thao, Dã ngoại in Tp Hồ Chí Minh (page=0, priority=207)
2026-04-07 11:53:36,857 - database - INFO - Saved 1 new crawled item IDs
2026-04-07 11:53:39,195 - crawler - INFO - Worker 3: Completed route Đồ thể thao, Dã ngoại in Tp Hồ Chí Minh in 2.68s
2026-04-07 11:53:39,195 - queue_manager - INFO - Scheduled next crawl for Đồ thể thao, Dã ngoại in Tp Hồ Chí Minh after 360.0s
2026-04-07 11:53:44,721 - crawler - INFO - Worker 0: Processing Điện thoại in Hà Nội (page=0, priority=238)
2026-04-07 11:53:47,442 - crawler - INFO - Worker 0: Completed route Điện thoại in Hà Nội in 2.72s
2026-04-07 11:53:47,442 - queue_manager - INFO - Scheduled next crawl for Điện thoại in Hà Nội after 144.1s
2026-04-07 11:54:00,246 - crawler - INFO - Worker 0: Processing Phụ kiện thời trang khác in Tp Hồ Chí Minh (page=0, priority=245)
2026-04-07 11:54:02,938 - crawler - INFO - Worker 0: Completed route Phụ kiện thời trang khác in Tp Hồ Chí Minh in 2.69s
2026-04-07 11:54:02,938 - queue_manager - INFO - Scheduled next crawl for Phụ kiện thời trang khác in Tp Hồ Chí Minh after 98.5s
2026-04-07 11:54:06,511 - crawler - INFO - Worker 2: Processing Giày dép in Đông Nam Bộ (page=0, priority=0)
2026-04-07 11:54:06,841 - database - INFO - Saved 1 new crawled item IDs
2026-04-07 11:54:09,185 - crawler - INFO - Worker 2: Completed route Giày dép in Đông Nam Bộ in 2.67s
2026-04-07 11:54:09,185 - queue_manager - INFO - Scheduled next crawl for Giày dép in Đông Nam Bộ after 3008.0s
2026-04-07 11:54:25,292 - crawler - INFO - Worker 0: Processing Điện thoại in Tp Hồ Chí Minh (page=0, priority=250)
2026-04-07 11:54:25,880 - database - INFO - Saved 2 new crawled item IDs
2026-04-07 11:54:28,510 - crawler - INFO - Worker 0: Completed route Điện thoại in Tp Hồ Chí Minh in 3.22s
2026-04-07 11:54:28,510 - queue_manager - INFO - Scheduled next crawl for Điện thoại in Tp Hồ Chí Minh after 63.0s
2026-04-07 11:54:53,627 - crawler - INFO - Worker 2: Processing Phụ tùng xe in Tp Hồ Chí Minh (page=0, priority=218)
2026-04-07 11:54:54,116 - database - INFO - Saved 1 new crawled item IDs
2026-04-07 11:54:56,459 - crawler - INFO - Worker 2: Completed route Phụ tùng xe in Tp Hồ Chí Minh in 2.83s
2026-04-07 11:54:56,459 - queue_manager - INFO - Scheduled next crawl for Phụ tùng xe in Tp Hồ Chí Minh after 281.0s
2026-04-07 11:55:17,547 - crawler - INFO - Worker 2: Processing Giày dép in Tp Hồ Chí Minh (page=0, priority=227)
2026-04-07 11:55:18,075 - database - INFO - Saved 1 new crawled item IDs
2026-04-07 11:55:20,417 - crawler - INFO - Worker 2: Completed route Giày dép in Tp Hồ Chí Minh in 2.87s
2026-04-07 11:55:20,417 - queue_manager - INFO - Scheduled next crawl for Giày dép in Tp Hồ Chí Minh after 221.0s
2026-04-07 11:55:31,510 - crawler - INFO - Worker 2: Processing Điện thoại in Tp Hồ Chí Minh (page=0, priority=250)
2026-04-07 11:55:34,217 - crawler - INFO - Worker 2: Completed route Điện thoại in Tp Hồ Chí Minh in 2.71s
2026-04-07 11:55:34,217 - queue_manager - INFO - Scheduled next crawl for Điện thoại in Tp Hồ Chí Minh after 63.0s
2026-04-07 11:55:41,438 - crawler - INFO - Worker 0: Processing Phụ kiện thời trang khác in Tp Hồ Chí Minh (page=0, priority=245)
2026-04-07 11:55:45,312 - crawler - INFO - Worker 0: Completed route Phụ kiện thời trang khác in Tp Hồ Chí Minh in 3.87s
2026-04-07 11:55:45,312 - queue_manager - INFO - Scheduled next crawl for Phụ kiện thời trang khác in Tp Hồ Chí Minh after 98.5s
2026-04-07 11:56:05,089 - crawler - INFO - Worker 4: Processing Điện thoại in Quảng Nam Đà Nẵng (page=0, priority=211)
2026-04-07 11:56:08,158 - crawler - INFO - Worker 4: Completed route Điện thoại in Quảng Nam Đà Nẵng in 3.07s
2026-04-07 11:56:08,158 - queue_manager - INFO - Scheduled next crawl for Điện thoại in Quảng Nam Đà Nẵng after 330.0s
2026-04-07 11:56:11,493 - crawler - INFO - Worker 3: Processing Điện thoại in Hà Nội (page=0, priority=238)
2026-04-07 11:56:14,425 - crawler - INFO - Worker 3: Completed route Điện thoại in Hà Nội in 2.93s
2026-04-07 11:56:14,425 - queue_manager - INFO - Scheduled next crawl for Điện thoại in Hà Nội after 144.1s
2026-04-07 11:56:37,218 - crawler - INFO - Worker 2: Processing Điện thoại in Tp Hồ Chí Minh (page=0, priority=250)
2026-04-07 11:56:37,772 - database - INFO - Saved 1 new crawled item IDs
2026-04-07 11:56:40,128 - crawler - INFO - Worker 2: Completed route Điện thoại in Tp Hồ Chí Minh in 2.91s
2026-04-07 11:56:40,129 - queue_manager - INFO - Scheduled next crawl for Điện thoại in Tp Hồ Chí Minh after 63.0s
2026-04-07 11:57:18,366 - crawler - INFO - Worker 4: Processing Mẹ và bé in Tp Hồ Chí Minh (page=0, priority=205)
2026-04-07 11:57:21,406 - crawler - INFO - Worker 4: Completed route Mẹ và bé in Tp Hồ Chí Minh in 3.04s
2026-04-07 11:57:21,406 - queue_manager - INFO - Scheduled next crawl for Mẹ và bé in Tp Hồ Chí Minh after 373.0s
2026-04-07 11:57:23,813 - crawler - INFO - Worker 3: Processing Phụ kiện thời trang khác in Tp Hồ Chí Minh (page=0, priority=245)
2026-04-07 11:57:24,170 - database - INFO - Saved 1 new crawled item IDs
2026-04-07 11:57:26,517 - crawler - INFO - Worker 3: Completed route Phụ kiện thời trang khác in Tp Hồ Chí Minh in 2.70s
2026-04-07 11:57:26,517 - queue_manager - INFO - Scheduled next crawl for Phụ kiện thời trang khác in Tp Hồ Chí Minh after 98.5s
2026-04-07 11:57:43,129 - crawler - INFO - Worker 0: Processing Điện thoại in Tp Hồ Chí Minh (page=0, priority=250)
2026-04-07 11:57:46,019 - crawler - INFO - Worker 0: Completed route Điện thoại in Tp Hồ Chí Minh in 2.89s
2026-04-07 11:57:46,019 - queue_manager - INFO - Scheduled next crawl for Điện thoại in Tp Hồ Chí Minh after 63.0s
2026-04-07 11:58:38,475 - crawler - INFO - Worker 3: Processing Điện thoại in Hà Nội (page=0, priority=238)
2026-04-07 11:58:38,989 - database - INFO - Saved 1 new crawled item IDs
2026-04-07 11:58:41,336 - crawler - INFO - Worker 3: Completed route Điện thoại in Hà Nội in 2.86s
2026-04-07 11:58:41,337 - queue_manager - INFO - Scheduled next crawl for Điện thoại in Hà Nội after 144.1s
2026-04-07 11:58:47,472 - crawler - INFO - Worker 2: Processing Điện thoại in Cần Thơ - Tây Nam Bộ (page=0, priority=174)
2026-04-07 11:58:47,842 - database - INFO - Saved 2 new crawled item IDs
2026-04-07 11:58:49,014 - database - INFO - Saved 1 new items to database
2026-04-07 11:58:49,020 - crawler - INFO - Worker 3: Processing Điện thoại in Tp Hồ Chí Minh (page=0, priority=250)
2026-04-07 11:58:51,354 - crawler - INFO - Worker 2: Completed route Điện thoại in Cần Thơ - Tây Nam Bộ in 3.88s
2026-04-07 11:58:51,354 - queue_manager - INFO - Scheduled next crawl for Điện thoại in Cần Thơ - Tây Nam Bộ after 586.0s
2026-04-07 11:58:51,804 - crawler - INFO - Worker 3: Completed route Điện thoại in Tp Hồ Chí Minh in 2.78s
2026-04-07 11:58:51,805 - queue_manager - INFO - Scheduled next crawl for Điện thoại in Tp Hồ Chí Minh after 63.0s
2026-04-07 11:59:01,380 - ai_worker - INFO - Gửi 5 items lên Gemini AI (gemini-3.1-flash-lite-preview) để thẩm định...
2026-04-07 11:59:01,402 - google_genai.models - INFO - AFC is enabled with max remote calls: 10.
2026-04-07 11:59:01,446 - crawler - INFO - Worker 2: Processing Giày dép in Tp Hồ Chí Minh (page=0, priority=227)
2026-04-07 11:59:04,096 - crawler - INFO - Worker 2: Completed route Giày dép in Tp Hồ Chí Minh in 2.65s
2026-04-07 11:59:04,097 - queue_manager - INFO - Scheduled next crawl for Giày dép in Tp Hồ Chí Minh after 221.0s
2026-04-07 11:59:05,018 - crawler - INFO - Worker 4: Processing Phụ kiện thời trang khác in Tp Hồ Chí Minh (page=0, priority=245)
2026-04-07 11:59:05,349 - database - INFO - Saved 1 new crawled item IDs
2026-04-07 11:59:06,637 - httpx - INFO - HTTP Request: POST https://generativelanguage.googleapis.com/v1beta/models/gemini-3.1-flash-lite-preview:generateContent "HTTP/1.1 200 OK"
2026-04-07 11:59:06,660 - ai_worker - INFO - Đã xử lý 5 items. Tìm thấy 1 kèo thơm (type 1)!
2026-04-07 11:59:07,912 - crawler - INFO - Worker 4: Completed route Phụ kiện thời trang khác in Tp Hồ Chí Minh in 2.89s
2026-04-07 11:59:07,912 - queue_manager - INFO - Scheduled next crawl for Phụ kiện thời trang khác in Tp Hồ Chí Minh after 98.5s
2026-04-07 11:59:20,972 - crawler - INFO - Worker 0: Processing Điện thoại in Hải Phòng Nam Định Thái Bình (page=0, priority=71)
2026-04-07 11:59:23,872 - crawler - INFO - Worker 0: Completed route Điện thoại in Hải Phòng Nam Định Thái Bình in 2.90s
2026-04-07 11:59:23,872 - queue_manager - INFO - Scheduled next crawl for Điện thoại in Hải Phòng Nam Định Thái Bình after 1301.0s
2026-04-07 11:59:37,460 - crawler - INFO - Worker 3: Processing Phụ tùng xe in Tp Hồ Chí Minh (page=0, priority=218)
2026-04-07 11:59:37,827 - database - INFO - Saved 1 new crawled item IDs
2026-04-07 11:59:38,994 - database - INFO - Đã lọc bỏ 1 items lừa đảo/rác trong mẻ này.
2026-04-07 11:59:38,994 - database - INFO - No items passed the filtering criteria and scam check
2026-04-07 11:59:39,195 - crawler - INFO - Worker 2: Processing Đồ thể thao, Dã ngoại in Tp Hồ Chí Minh (page=0, priority=207)
2026-04-07 11:59:39,582 - database - INFO - Saved 1 new crawled item IDs
2026-04-07 11:59:41,588 - crawler - INFO - Worker 3: Completed route Phụ tùng xe in Tp Hồ Chí Minh in 4.13s
2026-04-07 11:59:41,588 - queue_manager - INFO - Scheduled next crawl for Phụ tùng xe in Tp Hồ Chí Minh after 281.0s
2026-04-07 11:59:42,077 - crawler - INFO - Worker 2: Completed route Đồ thể thao, Dã ngoại in Tp Hồ Chí Minh in 2.88s
2026-04-07 11:59:42,077 - queue_manager - INFO - Scheduled next crawl for Đồ thể thao, Dã ngoại in Tp Hồ Chí Minh after 360.0s
2026-04-07 11:59:47,918 - crawler - INFO - Worker 0: Processing Điện thoại in Đông Nam Bộ (page=0, priority=200)
2026-04-07 11:59:50,811 - crawler - INFO - Worker 0: Completed route Điện thoại in Đông Nam Bộ in 2.89s
2026-04-07 11:59:50,812 - queue_manager - INFO - Scheduled next crawl for Điện thoại in Đông Nam Bộ after 406.0s
2026-04-07 11:59:54,804 - crawler - INFO - Worker 2: Processing Điện thoại in Tp Hồ Chí Minh (page=0, priority=250)
2026-04-07 11:59:57,770 - crawler - INFO - Worker 2: Completed route Điện thoại in Tp Hồ Chí Minh in 2.96s
2026-04-07 11:59:57,770 - queue_manager - INFO - Scheduled next crawl for Điện thoại in Tp Hồ Chí Minh after 63.0s
2026-04-07 12:00:09,303 - crawler - INFO - Worker 2: Processing Đồng hồ in Hà Nội (page=0, priority=0)
2026-04-07 12:00:09,781 - database - INFO - Saved 2 new crawled item IDs
2026-04-07 12:00:13,028 - crawler - INFO - Worker 2: Completed route Đồng hồ in Hà Nội in 3.73s
2026-04-07 12:00:13,029 - queue_manager - INFO - Scheduled next crawl for Đồng hồ in Hà Nội after 3189.0s
2026-04-07 12:00:46,412 - crawler - INFO - Worker 1: Processing Phụ kiện thời trang khác in Tp Hồ Chí Minh (page=0, priority=245)
2026-04-07 12:00:49,318 - crawler - INFO - Worker 1: Completed route Phụ kiện thời trang khác in Tp Hồ Chí Minh in 2.91s
2026-04-07 12:00:49,318 - queue_manager - INFO - Scheduled next crawl for Phụ kiện thời trang khác in Tp Hồ Chí Minh after 98.5s
2026-04-07 12:01:00,770 - crawler - INFO - Worker 2: Processing Điện thoại in Tp Hồ Chí Minh (page=0, priority=250)
2026-04-07 12:01:04,022 - crawler - INFO - Worker 2: Completed route Điện thoại in Tp Hồ Chí Minh in 3.25s
2026-04-07 12:01:04,022 - queue_manager - INFO - Scheduled next crawl for Điện thoại in Tp Hồ Chí Minh after 63.0s
2026-04-07 12:01:05,387 - crawler - INFO - Worker 3: Processing Điện thoại in Hà Nội (page=0, priority=238)
2026-04-07 12:01:05,731 - database - INFO - Saved 2 new crawled item IDs
2026-04-07 12:01:06,926 - database - INFO - Đã lọc bỏ 1 items lừa đảo/rác trong mẻ này.
2026-04-07 12:01:06,926 - database - INFO - No items passed the filtering criteria and scam check
2026-04-07 12:01:09,245 - crawler - INFO - Worker 3: Completed route Điện thoại in Hà Nội in 3.86s
2026-04-07 12:01:09,245 - queue_manager - INFO - Scheduled next crawl for Điện thoại in Hà Nội after 144.1s
2026-04-07 12:01:38,170 - crawler - INFO - Worker 1: Processing Điện thoại in Quảng Nam Đà Nẵng (page=0, priority=211)
2026-04-07 12:01:38,633 - database - INFO - Saved 1 new crawled item IDs
2026-04-07 12:01:41,096 - crawler - INFO - Worker 1: Completed route Điện thoại in Quảng Nam Đà Nẵng in 2.93s
2026-04-07 12:01:41,096 - queue_manager - INFO - Scheduled next crawl for Điện thoại in Quảng Nam Đà Nẵng after 330.0s
2026-04-07 12:02:07,022 - crawler - INFO - Worker 4: Processing Điện thoại in Tp Hồ Chí Minh (page=0, priority=250)
2026-04-07 12:02:09,962 - crawler - INFO - Worker 4: Completed route Điện thoại in Tp Hồ Chí Minh in 2.94s
2026-04-07 12:02:09,963 - queue_manager - INFO - Scheduled next crawl for Điện thoại in Tp Hồ Chí Minh after 63.0s
2026-04-07 12:02:27,818 - crawler - INFO - Worker 0: Processing Phụ kiện thời trang khác in Tp Hồ Chí Minh (page=0, priority=245)
2026-04-07 12:02:30,655 - crawler - INFO - Worker 0: Completed route Phụ kiện thời trang khác in Tp Hồ Chí Minh in 2.84s
2026-04-07 12:02:30,655 - queue_manager - INFO - Scheduled next crawl for Phụ kiện thời trang khác in Tp Hồ Chí Minh after 98.5s
2026-04-07 12:02:34,025 - crawler - INFO - Worker 3: Processing Phụ tùng xe in Cần Thơ - Tây Nam Bộ (page=0, priority=0)
2026-04-07 12:02:34,483 - database - INFO - Saved 1 new crawled item IDs
2026-04-07 12:02:36,812 - crawler - INFO - Worker 3: Completed route Phụ tùng xe in Cần Thơ - Tây Nam Bộ in 2.79s
2026-04-07 12:02:36,812 - queue_manager - INFO - Scheduled next crawl for Phụ tùng xe in Cần Thơ - Tây Nam Bộ after 2175.0s
2026-04-07 12:02:45,097 - crawler - INFO - Worker 4: Processing Giày dép in Tp Hồ Chí Minh (page=0, priority=227)
2026-04-07 12:02:45,467 - database - INFO - Saved 2 new crawled item IDs
2026-04-07 12:02:47,859 - crawler - INFO - Worker 4: Completed route Giày dép in Tp Hồ Chí Minh in 2.76s
2026-04-07 12:02:47,860 - queue_manager - INFO - Scheduled next crawl for Giày dép in Tp Hồ Chí Minh after 221.0s
2026-04-07 12:03:12,963 - crawler - INFO - Worker 3: Processing Điện thoại in Tp Hồ Chí Minh (page=0, priority=250)
2026-04-07 12:03:13,571 - database - INFO - Saved 1 new crawled item IDs
2026-04-07 12:03:15,933 - crawler - INFO - Worker 3: Completed route Điện thoại in Tp Hồ Chí Minh in 2.97s
2026-04-07 12:03:15,933 - queue_manager - INFO - Scheduled next crawl for Điện thoại in Tp Hồ Chí Minh after 63.0s
2026-04-07 12:03:33,296 - crawler - INFO - Worker 4: Processing Điện thoại in Hà Nội (page=0, priority=238)
2026-04-07 12:03:34,407 - crawler - INFO - Worker 3: Processing Mẹ và bé in Tp Hồ Chí Minh (page=0, priority=205)
2026-04-07 12:03:36,204 - crawler - INFO - Worker 4: Completed route Điện thoại in Hà Nội in 2.91s
2026-04-07 12:03:36,204 - queue_manager - INFO - Scheduled next crawl for Điện thoại in Hà Nội after 144.1s
2026-04-07 12:03:37,305 - crawler - INFO - Worker 3: Completed route Mẹ và bé in Tp Hồ Chí Minh in 2.90s
2026-04-07 12:03:37,305 - queue_manager - INFO - Scheduled next crawl for Mẹ và bé in Tp Hồ Chí Minh after 373.0s
2026-04-07 12:04:09,155 - crawler - INFO - Worker 4: Processing Phụ kiện thời trang khác in Tp Hồ Chí Minh (page=0, priority=245)
2026-04-07 12:04:11,989 - crawler - INFO - Worker 4: Completed route Phụ kiện thời trang khác in Tp Hồ Chí Minh in 2.83s
2026-04-07 12:04:11,990 - queue_manager - INFO - Scheduled next crawl for Phụ kiện thời trang khác in Tp Hồ Chí Minh after 98.5s
2026-04-07 12:04:18,934 - crawler - INFO - Worker 0: Processing Điện thoại in Tp Hồ Chí Minh (page=0, priority=250)
2026-04-07 12:04:21,764 - crawler - INFO - Worker 0: Completed route Điện thoại in Tp Hồ Chí Minh in 2.83s
2026-04-07 12:04:21,765 - queue_manager - INFO - Scheduled next crawl for Điện thoại in Tp Hồ Chí Minh after 63.0s
2026-04-07 12:04:22,587 - crawler - INFO - Worker 4: Processing Phụ tùng xe in Tp Hồ Chí Minh (page=0, priority=218)
2026-04-07 12:04:25,450 - crawler - INFO - Worker 4: Completed route Phụ tùng xe in Tp Hồ Chí Minh in 2.86s
2026-04-07 12:04:25,450 - queue_manager - INFO - Scheduled next crawl for Phụ tùng xe in Tp Hồ Chí Minh after 281.0s
2026-04-07 12:05:24,765 - crawler - INFO - Worker 3: Processing Điện thoại in Tp Hồ Chí Minh (page=0, priority=250)
2026-04-07 12:05:25,317 - database - INFO - Saved 3 new crawled item IDs
2026-04-07 12:05:27,725 - crawler - INFO - Worker 3: Completed route Điện thoại in Tp Hồ Chí Minh in 2.96s
2026-04-07 12:05:27,725 - queue_manager - INFO - Scheduled next crawl for Điện thoại in Tp Hồ Chí Minh after 63.0s
2026-04-07 12:05:42,078 - crawler - INFO - Worker 1: Processing Đồ thể thao, Dã ngoại in Tp Hồ Chí Minh (page=0, priority=207)
2026-04-07 12:05:44,823 - crawler - INFO - Worker 1: Completed route Đồ thể thao, Dã ngoại in Tp Hồ Chí Minh in 2.74s
2026-04-07 12:05:44,823 - queue_manager - INFO - Scheduled next crawl for Đồ thể thao, Dã ngoại in Tp Hồ Chí Minh after 360.0s
2026-04-07 12:05:50,490 - crawler - INFO - Worker 3: Processing Phụ kiện thời trang khác in Tp Hồ Chí Minh (page=0, priority=245)
2026-04-07 12:05:51,053 - database - INFO - Saved 1 new crawled item IDs
2026-04-07 12:05:53,498 - crawler - INFO - Worker 3: Completed route Phụ kiện thời trang khác in Tp Hồ Chí Minh in 3.01s
2026-04-07 12:05:53,498 - queue_manager - INFO - Scheduled next crawl for Phụ kiện thời trang khác in Tp Hồ Chí Minh after 98.5s
2026-04-07 12:06:00,254 - crawler - INFO - Worker 4: Processing Điện thoại in Hà Nội (page=0, priority=238)
2026-04-07 12:06:03,072 - crawler - INFO - Worker 4: Completed route Điện thoại in Hà Nội in 2.82s
2026-04-07 12:06:03,072 - queue_manager - INFO - Scheduled next crawl for Điện thoại in Hà Nội after 144.1s
2026-04-07 12:06:28,859 - crawler - INFO - Worker 2: Processing Giày dép in Tp Hồ Chí Minh (page=0, priority=227)
2026-04-07 12:06:30,725 - crawler - INFO - Worker 1: Processing Điện thoại in Tp Hồ Chí Minh (page=0, priority=250)
2026-04-07 12:06:31,114 - database - INFO - Saved 1 new crawled item IDs
2026-04-07 12:06:31,724 - crawler - INFO - Worker 2: Completed route Giày dép in Tp Hồ Chí Minh in 2.86s
2026-04-07 12:06:31,725 - queue_manager - INFO - Scheduled next crawl for Giày dép in Tp Hồ Chí Minh after 221.0s
2026-04-07 12:06:33,732 - crawler - INFO - Worker 1: Completed route Điện thoại in Tp Hồ Chí Minh in 3.01s
2026-04-07 12:06:33,732 - queue_manager - INFO - Scheduled next crawl for Điện thoại in Tp Hồ Chí Minh after 63.0s
2026-04-07 12:06:36,811 - crawler - INFO - Worker 4: Processing Điện thoại in Đông Nam Bộ (page=0, priority=200)
2026-04-07 12:06:37,196 - database - INFO - Saved 1 new crawled item IDs
2026-04-07 12:06:38,468 - database - INFO - Saved 1 new items to database
2026-04-07 12:06:40,825 - crawler - INFO - Worker 4: Completed route Điện thoại in Đông Nam Bộ in 4.01s
2026-04-07 12:06:40,825 - queue_manager - INFO - Scheduled next crawl for Điện thoại in Đông Nam Bộ after 406.0s
2026-04-07 12:06:47,196 - crawler - INFO - Worker 4: Processing Điện thoại in Các tỉnh lân cận Hà Nội (page=0, priority=0)
2026-04-07 12:06:49,910 - crawler - INFO - Worker 4: Completed route Điện thoại in Các tỉnh lân cận Hà Nội in 2.71s
2026-04-07 12:06:49,910 - queue_manager - INFO - Scheduled next crawl for Điện thoại in Các tỉnh lân cận Hà Nội after 2258.5s
2026-04-07 12:07:06,039 - crawler - INFO - Worker 3: Processing Đồ thể thao, Dã ngoại in Hà Nội (page=0, priority=8)
2026-04-07 12:07:07,122 - database - INFO - Saved 1 new crawled item IDs
2026-04-07 12:07:09,512 - crawler - INFO - Worker 3: Completed route Đồ thể thao, Dã ngoại in Hà Nội in 3.47s
2026-04-07 12:07:09,512 - queue_manager - INFO - Scheduled next crawl for Đồ thể thao, Dã ngoại in Hà Nội after 1742.8s
2026-04-07 12:07:11,107 - crawler - INFO - Worker 4: Processing Điện thoại in Quảng Nam Đà Nẵng (page=0, priority=211)
2026-04-07 12:07:14,019 - crawler - INFO - Worker 4: Completed route Điện thoại in Quảng Nam Đà Nẵng in 2.91s
2026-04-07 12:07:14,019 - queue_manager - INFO - Scheduled next crawl for Điện thoại in Quảng Nam Đà Nẵng after 330.0s
2026-04-07 12:07:31,999 - crawler - INFO - Worker 2: Processing Phụ kiện thời trang khác in Tp Hồ Chí Minh (page=0, priority=245)
2026-04-07 12:07:35,005 - crawler - INFO - Worker 2: Completed route Phụ kiện thời trang khác in Tp Hồ Chí Minh in 3.01s
2026-04-07 12:07:35,005 - queue_manager - INFO - Scheduled next crawl for Phụ kiện thời trang khác in Tp Hồ Chí Minh after 98.5s
2026-04-07 12:07:36,733 - crawler - INFO - Worker 4: Processing Điện thoại in Tp Hồ Chí Minh (page=0, priority=250)
2026-04-07 12:07:37,095 - database - INFO - Saved 2 new crawled item IDs
2026-04-07 12:07:38,504 - database - INFO - Saved 1 new items to database
2026-04-07 12:07:40,856 - crawler - INFO - Worker 4: Completed route Điện thoại in Tp Hồ Chí Minh in 4.12s
2026-04-07 12:07:40,856 - queue_manager - INFO - Scheduled next crawl for Điện thoại in Tp Hồ Chí Minh after 63.0s
2026-04-07 12:08:11,893 - crawler - INFO - Worker 2: Processing Mẹ và bé in Quảng Nam Đà Nẵng (page=0, priority=0)
2026-04-07 12:08:15,005 - crawler - INFO - Worker 2: Completed route Mẹ và bé in Quảng Nam Đà Nẵng in 3.11s
2026-04-07 12:08:15,006 - queue_manager - INFO - Scheduled next crawl for Mẹ và bé in Quảng Nam Đà Nẵng after 3430.0s
2026-04-07 12:08:27,123 - crawler - INFO - Worker 2: Processing Điện thoại in Hà Nội (page=0, priority=238)
2026-04-07 12:08:30,093 - crawler - INFO - Worker 2: Completed route Điện thoại in Hà Nội in 2.97s
2026-04-07 12:08:30,093 - queue_manager - INFO - Scheduled next crawl for Điện thoại in Hà Nội after 144.1s
2026-04-07 12:08:37,354 - crawler - INFO - Worker 4: Processing Điện thoại in Cần Thơ - Tây Nam Bộ (page=0, priority=174)
2026-04-07 12:08:40,066 - crawler - INFO - Worker 4: Completed route Điện thoại in Cần Thơ - Tây Nam Bộ in 2.71s
2026-04-07 12:08:40,067 - queue_manager - INFO - Scheduled next crawl for Điện thoại in Cần Thơ - Tây Nam Bộ after 586.0s
2026-04-07 12:08:43,856 - crawler - INFO - Worker 3: Processing Điện thoại in Tp Hồ Chí Minh (page=0, priority=250)
2026-04-07 12:08:44,164 - database - INFO - Saved 1 new crawled item IDs
2026-04-07 12:08:46,583 - crawler - INFO - Worker 3: Completed route Điện thoại in Tp Hồ Chí Minh in 2.73s
2026-04-07 12:08:46,583 - queue_manager - INFO - Scheduled next crawl for Điện thoại in Tp Hồ Chí Minh after 63.0s
2026-04-07 12:09:06,451 - crawler - INFO - Worker 2: Processing Phụ tùng xe in Tp Hồ Chí Minh (page=0, priority=218)
2026-04-07 12:09:09,493 - crawler - INFO - Worker 2: Completed route Phụ tùng xe in Tp Hồ Chí Minh in 3.04s
2026-04-07 12:09:09,493 - queue_manager - INFO - Scheduled next crawl for Phụ tùng xe in Tp Hồ Chí Minh after 281.0s
2026-04-07 12:09:13,506 - crawler - INFO - Worker 4: Processing Phụ kiện thời trang khác in Tp Hồ Chí Minh (page=0, priority=245)
2026-04-07 12:09:16,376 - crawler - INFO - Worker 4: Completed route Phụ kiện thời trang khác in Tp Hồ Chí Minh in 2.87s
2026-04-07 12:09:16,376 - queue_manager - INFO - Scheduled next crawl for Phụ kiện thời trang khác in Tp Hồ Chí Minh after 98.5s
2026-04-07 12:09:49,584 - crawler - INFO - Worker 4: Processing Điện thoại in Tp Hồ Chí Minh (page=0, priority=250)
2026-04-07 12:09:50,223 - database - INFO - Saved 1 new crawled item IDs
2026-04-07 12:09:50,305 - crawler - INFO - Worker 2: Processing Mẹ và bé in Tp Hồ Chí Minh (page=0, priority=205)
2026-04-07 12:09:50,657 - database - INFO - Saved 1 new crawled item IDs
2026-04-07 12:09:51,810 - database - INFO - Đã lọc bỏ 1 items lừa đảo/rác trong mẻ này.
2026-04-07 12:09:51,811 - database - INFO - No items passed the filtering criteria and scam check
2026-04-07 12:09:52,643 - crawler - INFO - Worker 4: Completed route Điện thoại in Tp Hồ Chí Minh in 3.06s
2026-04-07 12:09:52,643 - queue_manager - INFO - Scheduled next crawl for Điện thoại in Tp Hồ Chí Minh after 63.0s
2026-04-07 12:09:54,181 - crawler - INFO - Worker 2: Completed route Mẹ và bé in Tp Hồ Chí Minh in 3.88s
2026-04-07 12:09:54,182 - queue_manager - INFO - Scheduled next crawl for Mẹ và bé in Tp Hồ Chí Minh after 373.0s
2026-04-07 12:10:12,725 - crawler - INFO - Worker 4: Processing Giày dép in Tp Hồ Chí Minh (page=0, priority=227)
2026-04-07 12:10:15,768 - crawler - INFO - Worker 4: Completed route Giày dép in Tp Hồ Chí Minh in 3.04s
2026-04-07 12:10:15,768 - queue_manager - INFO - Scheduled next crawl for Giày dép in Tp Hồ Chí Minh after 221.0s
2026-04-07 12:10:51,970 - crawler - INFO - Worker 4: Processing Phụ tùng xe in Các tỉnh lân cận Hà Nội (page=0, priority=0)
2026-04-07 12:10:52,709 - crawler - INFO - Worker 2: Processing Phụ tùng xe in Quảng Nam Đà Nẵng (page=0, priority=0)
2026-04-07 12:10:54,144 - crawler - INFO - Worker 1: Processing Điện thoại in Hà Nội (page=0, priority=238)
2026-04-07 12:10:54,877 - crawler - INFO - Worker 0: Processing Phụ kiện thời trang khác in Tp Hồ Chí Minh (page=0, priority=245)
2026-04-07 12:10:54,896 - crawler - INFO - Worker 4: Completed route Phụ tùng xe in Các tỉnh lân cận Hà Nội in 2.93s
2026-04-07 12:10:54,897 - queue_manager - INFO - Scheduled next crawl for Phụ tùng xe in Các tỉnh lân cận Hà Nội after 1800.0s
2026-04-07 12:10:55,443 - crawler - INFO - Worker 2: Completed route Phụ tùng xe in Quảng Nam Đà Nẵng in 2.73s
2026-04-07 12:10:55,444 - queue_manager - INFO - Scheduled next crawl for Phụ tùng xe in Quảng Nam Đà Nẵng after 1800.0s
2026-04-07 12:10:55,654 - crawler - INFO - Worker 3: Processing Điện thoại in Tp Hồ Chí Minh (page=0, priority=250)
2026-04-07 12:10:56,937 - crawler - INFO - Worker 1: Completed route Điện thoại in Hà Nội in 2.79s
2026-04-07 12:10:56,937 - queue_manager - INFO - Scheduled next crawl for Điện thoại in Hà Nội after 144.1s
2026-04-07 12:10:57,762 - crawler - INFO - Worker 0: Completed route Phụ kiện thời trang khác in Tp Hồ Chí Minh in 2.88s
2026-04-07 12:10:57,762 - queue_manager - INFO - Scheduled next crawl for Phụ kiện thời trang khác in Tp Hồ Chí Minh after 98.5s
2026-04-07 12:10:57,896 - crawler - INFO - Worker 4: Processing Phụ tùng xe in Thanh Nghệ Tĩnh (page=0, priority=0)
2026-04-07 12:10:58,444 - crawler - INFO - Worker 2: Processing Phụ tùng xe in Hải Phòng Nam Định Thái Bình (page=0, priority=0)
2026-04-07 12:10:58,508 - crawler - INFO - Worker 3: Completed route Điện thoại in Tp Hồ Chí Minh in 2.85s
2026-04-07 12:10:58,509 - queue_manager - INFO - Scheduled next crawl for Điện thoại in Tp Hồ Chí Minh after 63.0s
2026-04-07 12:10:59,938 - crawler - INFO - Worker 1: Processing Phụ tùng xe in Bình Trị Thừa Thiên Huế (page=0, priority=0)
2026-04-07 12:11:00,345 - crawler - INFO - Worker 4: Completed route Phụ tùng xe in Thanh Nghệ Tĩnh in 2.45s
2026-04-07 12:11:00,345 - queue_manager - INFO - Scheduled next crawl for Phụ tùng xe in Thanh Nghệ Tĩnh after 1800.0s
2026-04-07 12:11:00,762 - crawler - INFO - Worker 0: Processing Phụ tùng xe in Nam Trung Bộ (page=0, priority=0)
2026-04-07 12:11:01,238 - crawler - INFO - Worker 2: Completed route Phụ tùng xe in Hải Phòng Nam Định Thái Bình in 2.79s
2026-04-07 12:11:01,239 - queue_manager - INFO - Scheduled next crawl for Phụ tùng xe in Hải Phòng Nam Định Thái Bình after 1800.0s
2026-04-07 12:11:01,508 - crawler - INFO - Worker 3: Processing Phụ tùng xe in Tây Nguyên (page=0, priority=0)
2026-04-07 12:11:02,456 - crawler - INFO - Worker 1: Completed route Phụ tùng xe in Bình Trị Thừa Thiên Huế in 2.52s
2026-04-07 12:11:02,456 - queue_manager - INFO - Scheduled next crawl for Phụ tùng xe in Bình Trị Thừa Thiên Huế after 1800.0s
2026-04-07 12:11:03,345 - crawler - INFO - Worker 4: Processing Phụ tùng xe in Đông Bắc Bộ (page=0, priority=0)
2026-04-07 12:11:03,580 - crawler - INFO - Worker 0: Completed route Phụ tùng xe in Nam Trung Bộ in 2.82s
2026-04-07 12:11:03,580 - queue_manager - INFO - Scheduled next crawl for Phụ tùng xe in Nam Trung Bộ after 1800.0s
2026-04-07 12:11:04,239 - crawler - INFO - Worker 2: Processing Phụ tùng xe in Tây Bắc Bộ (page=0, priority=0)
2026-04-07 12:11:04,305 - crawler - INFO - Worker 3: Completed route Phụ tùng xe in Tây Nguyên in 2.80s
2026-04-07 12:11:04,306 - queue_manager - INFO - Scheduled next crawl for Phụ tùng xe in Tây Nguyên after 1800.0s
2026-04-07 12:11:05,457 - crawler - INFO - Worker 1: Processing Giày dép in Các tỉnh lân cận Hà Nội (page=0, priority=0)
2026-04-07 12:11:05,804 - crawler - INFO - Worker 4: Completed route Phụ tùng xe in Đông Bắc Bộ in 2.46s
2026-04-07 12:11:05,804 - queue_manager - INFO - Scheduled next crawl for Phụ tùng xe in Đông Bắc Bộ after 1800.0s
2026-04-07 12:11:06,556 - crawler - INFO - Worker 2: Completed route Phụ tùng xe in Tây Bắc Bộ in 2.32s
2026-04-07 12:11:06,557 - queue_manager - INFO - Scheduled next crawl for Phụ tùng xe in Tây Bắc Bộ after 1800.0s
2026-04-07 12:11:06,581 - crawler - INFO - Worker 0: Processing Phụ tùng xe in Hà Nội (page=0, priority=0)
2026-04-07 12:11:08,041 - crawler - INFO - Worker 1: Completed route Giày dép in Các tỉnh lân cận Hà Nội in 2.58s
2026-04-07 12:11:08,041 - queue_manager - INFO - Scheduled next crawl for Giày dép in Các tỉnh lân cận Hà Nội after 1800.0s
2026-04-07 12:11:08,966 - crawler - INFO - Worker 3: Processing Giày dép in Bình Trị Thừa Thiên Huế (page=0, priority=0)
2026-04-07 12:11:09,365 - crawler - INFO - Worker 0: Completed route Phụ tùng xe in Hà Nội in 2.78s
2026-04-07 12:11:09,365 - queue_manager - INFO - Scheduled next crawl for Phụ tùng xe in Hà Nội after 1800.0s
2026-04-07 12:11:09,881 - crawler - INFO - Worker 4: Processing Giày dép in Nam Trung Bộ (page=0, priority=0)
2026-04-07 12:11:10,058 - crawler - INFO - Worker 2: Processing Giày dép in Quảng Nam Đà Nẵng (page=0, priority=0)
2026-04-07 12:11:11,042 - crawler - INFO - Worker 1: Processing Giày dép in Hải Phòng Nam Định Thái Bình (page=0, priority=0)
2026-04-07 12:11:11,815 - crawler - INFO - Worker 3: Completed route Giày dép in Bình Trị Thừa Thiên Huế in 2.85s
2026-04-07 12:11:11,815 - queue_manager - INFO - Scheduled next crawl for Giày dép in Bình Trị Thừa Thiên Huế after 1800.0s
2026-04-07 12:11:12,365 - crawler - INFO - Worker 0: Processing Giày dép in Cần Thơ - Tây Nam Bộ (page=0, priority=0)
2026-04-07 12:11:12,682 - crawler - INFO - Worker 4: Completed route Giày dép in Nam Trung Bộ in 2.80s
2026-04-07 12:11:12,682 - queue_manager - INFO - Scheduled next crawl for Giày dép in Nam Trung Bộ after 1800.0s
2026-04-07 12:11:13,014 - crawler - INFO - Worker 2: Completed route Giày dép in Quảng Nam Đà Nẵng in 2.96s
2026-04-07 12:11:13,015 - queue_manager - INFO - Scheduled next crawl for Giày dép in Quảng Nam Đà Nẵng after 1800.0s
2026-04-07 12:11:14,118 - crawler - INFO - Worker 1: Completed route Giày dép in Hải Phòng Nam Định Thái Bình in 3.08s
2026-04-07 12:11:14,118 - queue_manager - INFO - Scheduled next crawl for Giày dép in Hải Phòng Nam Định Thái Bình after 1800.0s
2026-04-07 12:11:14,816 - crawler - INFO - Worker 3: Processing Giày dép in Tây Bắc Bộ (page=0, priority=0)
2026-04-07 12:11:14,956 - crawler - INFO - Worker 3: Completed route Giày dép in Tây Bắc Bộ in 0.14s
2026-04-07 12:11:14,957 - queue_manager - INFO - Scheduled next crawl for Giày dép in Tây Bắc Bộ after 1800.0s
2026-04-07 12:11:15,017 - crawler - INFO - Worker 0: Completed route Giày dép in Cần Thơ - Tây Nam Bộ in 2.65s
2026-04-07 12:11:15,017 - queue_manager - INFO - Scheduled next crawl for Giày dép in Cần Thơ - Tây Nam Bộ after 1800.0s
2026-04-07 12:11:15,682 - crawler - INFO - Worker 4: Processing Giày dép in Thanh Nghệ Tĩnh (page=0, priority=0)
2026-04-07 12:11:16,297 - crawler - INFO - Worker 2: Processing Giày dép in Tây Nguyên (page=0, priority=0)
2026-04-07 12:11:17,169 - crawler - INFO - Worker 1: Processing Giày dép in Đông Bắc Bộ (page=0, priority=0)
2026-04-07 12:11:18,306 - crawler - INFO - Worker 4: Completed route Giày dép in Thanh Nghệ Tĩnh in 2.62s
2026-04-07 12:11:18,306 - queue_manager - INFO - Scheduled next crawl for Giày dép in Thanh Nghệ Tĩnh after 1800.0s
2026-04-07 12:11:19,167 - crawler - INFO - Worker 3: Processing Giày dép in Hà Nội (page=0, priority=0)
2026-04-07 12:11:19,170 - crawler - INFO - Worker 2: Completed route Giày dép in Tây Nguyên in 2.87s
2026-04-07 12:11:19,170 - queue_manager - INFO - Scheduled next crawl for Giày dép in Tây Nguyên after 1800.0s
2026-04-07 12:11:19,565 - database - INFO - Saved 1 new crawled item IDs
2026-04-07 12:11:19,683 - crawler - INFO - Worker 1: Completed route Giày dép in Đông Bắc Bộ in 2.51s
2026-04-07 12:11:19,684 - queue_manager - INFO - Scheduled next crawl for Giày dép in Đông Bắc Bộ after 1800.0s
2026-04-07 12:11:21,185 - crawler - INFO - Worker 0: Processing Phụ kiện thời trang khác in Các tỉnh lân cận Hà Nội (page=0, priority=0)
2026-04-07 12:11:21,828 - crawler - INFO - Worker 4: Processing Phụ kiện thời trang khác in Đông Nam Bộ (page=0, priority=0)
2026-04-07 12:11:21,898 - crawler - INFO - Worker 3: Completed route Giày dép in Hà Nội in 2.73s
2026-04-07 12:11:21,898 - queue_manager - INFO - Scheduled next crawl for Giày dép in Hà Nội after 1800.0s
2026-04-07 12:11:22,184 - database - INFO - Saved 1 new crawled item IDs
2026-04-07 12:11:22,464 - crawler - INFO - Worker 2: Processing Phụ kiện thời trang khác in Hải Phòng Nam Định Thái Bình (page=0, priority=0)
2026-04-07 12:11:23,327 - database - INFO - Đã lọc bỏ 1 items lừa đảo/rác trong mẻ này.
2026-04-07 12:11:23,327 - database - INFO - No items passed the filtering criteria and scam check
2026-04-07 12:11:23,883 - crawler - INFO - Worker 0: Completed route Phụ kiện thời trang khác in Các tỉnh lân cận Hà Nội in 2.70s
2026-04-07 12:11:23,883 - queue_manager - INFO - Scheduled next crawl for Phụ kiện thời trang khác in Các tỉnh lân cận Hà Nội after 1800.0s
2026-04-07 12:11:24,417 - crawler - INFO - Worker 1: Processing Phụ kiện thời trang khác in Tây Bắc Bộ (page=0, priority=0)
2026-04-07 12:11:24,567 - crawler - INFO - Worker 1: Completed route Phụ kiện thời trang khác in Tây Bắc Bộ in 0.15s
2026-04-07 12:11:24,567 - queue_manager - INFO - Scheduled next crawl for Phụ kiện thời trang khác in Tây Bắc Bộ after 1800.0s
2026-04-07 12:11:24,898 - crawler - INFO - Worker 3: Processing Phụ kiện thời trang khác in Bình Trị Thừa Thiên Huế (page=0, priority=0)
2026-04-07 12:11:25,311 - crawler - INFO - Worker 2: Completed route Phụ kiện thời trang khác in Hải Phòng Nam Định Thái Bình in 2.85s
2026-04-07 12:11:25,312 - queue_manager - INFO - Scheduled next crawl for Phụ kiện thời trang khác in Hải Phòng Nam Định Thái Bình after 1800.0s
2026-04-07 12:11:25,674 - crawler - INFO - Worker 4: Completed route Phụ kiện thời trang khác in Đông Nam Bộ in 3.85s
2026-04-07 12:11:25,675 - queue_manager - INFO - Scheduled next crawl for Phụ kiện thời trang khác in Đông Nam Bộ after 1800.0s
2026-04-07 12:11:26,883 - crawler - INFO - Worker 0: Processing Phụ kiện thời trang khác in Quảng Nam Đà Nẵng (page=0, priority=0)
2026-04-07 12:11:27,266 - database - INFO - Saved 2 new crawled item IDs
2026-04-07 12:11:27,617 - crawler - INFO - Worker 1: Processing Phụ kiện thời trang khác in Nam Trung Bộ (page=0, priority=0)
2026-04-07 12:11:27,619 - crawler - INFO - Worker 3: Completed route Phụ kiện thời trang khác in Bình Trị Thừa Thiên Huế in 2.72s
2026-04-07 12:11:27,619 - queue_manager - INFO - Scheduled next crawl for Phụ kiện thời trang khác in Bình Trị Thừa Thiên Huế after 1800.0s
2026-04-07 12:11:28,312 - crawler - INFO - Worker 2: Processing Phụ kiện thời trang khác in Cần Thơ - Tây Nam Bộ (page=0, priority=0)
2026-04-07 12:11:29,702 - crawler - INFO - Worker 0: Completed route Phụ kiện thời trang khác in Quảng Nam Đà Nẵng in 2.82s
2026-04-07 12:11:29,702 - queue_manager - INFO - Scheduled next crawl for Phụ kiện thời trang khác in Quảng Nam Đà Nẵng after 1800.0s
2026-04-07 12:11:29,817 - crawler - INFO - Worker 4: Processing Phụ kiện thời trang khác in Thanh Nghệ Tĩnh (page=0, priority=0)
2026-04-07 12:11:30,528 - crawler - INFO - Worker 1: Completed route Phụ kiện thời trang khác in Nam Trung Bộ in 2.91s
2026-04-07 12:11:30,528 - queue_manager - INFO - Scheduled next crawl for Phụ kiện thời trang khác in Nam Trung Bộ after 1800.0s
2026-04-07 12:11:30,619 - crawler - INFO - Worker 3: Processing Phụ kiện thời trang khác in Đông Bắc Bộ (page=0, priority=0)
2026-04-07 12:11:31,017 - crawler - INFO - Worker 2: Completed route Phụ kiện thời trang khác in Cần Thơ - Tây Nam Bộ in 2.70s
2026-04-07 12:11:31,017 - queue_manager - INFO - Scheduled next crawl for Phụ kiện thời trang khác in Cần Thơ - Tây Nam Bộ after 1800.0s
2026-04-07 12:11:32,216 - crawler - INFO - Worker 4: Completed route Phụ kiện thời trang khác in Thanh Nghệ Tĩnh in 2.40s
2026-04-07 12:11:32,216 - queue_manager - INFO - Scheduled next crawl for Phụ kiện thời trang khác in Thanh Nghệ Tĩnh after 1800.0s
2026-04-07 12:11:33,890 - crawler - INFO - Worker 0: Processing Phụ kiện thời trang khác in Tây Nguyên (page=0, priority=0)
2026-04-07 12:11:34,021 - crawler - INFO - Worker 3: Completed route Phụ kiện thời trang khác in Đông Bắc Bộ in 3.40s
2026-04-07 12:11:34,021 - queue_manager - INFO - Scheduled next crawl for Phụ kiện thời trang khác in Đông Bắc Bộ after 1800.0s
2026-04-07 12:11:35,439 - crawler - INFO - Worker 1: Processing Đồ thể thao, Dã ngoại in Các tỉnh lân cận Hà Nội (page=0, priority=0)
2026-04-07 12:11:36,592 - crawler - INFO - Worker 0: Completed route Phụ kiện thời trang khác in Tây Nguyên in 2.70s
2026-04-07 12:11:36,593 - queue_manager - INFO - Scheduled next crawl for Phụ kiện thời trang khác in Tây Nguyên after 1800.0s
2026-04-07 12:11:36,940 - crawler - INFO - Worker 2: Processing Phụ kiện thời trang khác in Hà Nội (page=0, priority=0)
2026-04-07 12:11:37,970 - crawler - INFO - Worker 1: Completed route Đồ thể thao, Dã ngoại in Các tỉnh lân cận Hà Nội in 2.53s
2026-04-07 12:11:37,971 - queue_manager - INFO - Scheduled next crawl for Đồ thể thao, Dã ngoại in Các tỉnh lân cận Hà Nội after 1800.0s
2026-04-07 12:11:38,366 - crawler - INFO - Worker 4: Processing Đồ thể thao, Dã ngoại in Đông Nam Bộ (page=0, priority=0)
2026-04-07 12:11:38,960 - crawler - INFO - Worker 3: Processing Đồ thể thao, Dã ngoại in Bình Trị Thừa Thiên Huế (page=0, priority=0)
2026-04-07 12:11:39,593 - crawler - INFO - Worker 0: Processing Đồ thể thao, Dã ngoại in Hải Phòng Nam Định Thái Bình (page=0, priority=0)
2026-04-07 12:11:39,759 - crawler - INFO - Worker 2: Completed route Phụ kiện thời trang khác in Hà Nội in 2.82s
2026-04-07 12:11:39,759 - queue_manager - INFO - Scheduled next crawl for Phụ kiện thời trang khác in Hà Nội after 1800.0s
2026-04-07 12:11:41,196 - crawler - INFO - Worker 4: Completed route Đồ thể thao, Dã ngoại in Đông Nam Bộ in 2.83s
2026-04-07 12:11:41,196 - queue_manager - INFO - Scheduled next crawl for Đồ thể thao, Dã ngoại in Đông Nam Bộ after 1800.0s
2026-04-07 12:11:41,208 - crawler - INFO - Worker 1: Processing Đồ thể thao, Dã ngoại in Quảng Nam Đà Nẵng (page=0, priority=0)
2026-04-07 12:11:41,478 - crawler - INFO - Worker 3: Completed route Đồ thể thao, Dã ngoại in Bình Trị Thừa Thiên Huế in 2.52s
2026-04-07 12:11:41,478 - queue_manager - INFO - Scheduled next crawl for Đồ thể thao, Dã ngoại in Bình Trị Thừa Thiên Huế after 1800.0s
2026-04-07 12:11:42,507 - crawler - INFO - Worker 0: Completed route Đồ thể thao, Dã ngoại in Hải Phòng Nam Định Thái Bình in 2.91s
2026-04-07 12:11:42,507 - queue_manager - INFO - Scheduled next crawl for Đồ thể thao, Dã ngoại in Hải Phòng Nam Định Thái Bình after 1800.0s
2026-04-07 12:11:43,654 - crawler - INFO - Worker 2: Processing Đồ thể thao, Dã ngoại in Cần Thơ - Tây Nam Bộ (page=0, priority=0)
2026-04-07 12:11:44,196 - crawler - INFO - Worker 4: Processing Đồ thể thao, Dã ngoại in Nam Trung Bộ (page=0, priority=0)
2026-04-07 12:11:44,478 - crawler - INFO - Worker 3: Processing Đồ thể thao, Dã ngoại in Tây Bắc Bộ (page=0, priority=0)
2026-04-07 12:11:44,689 - crawler - INFO - Worker 1: Completed route Đồ thể thao, Dã ngoại in Quảng Nam Đà Nẵng in 3.48s
2026-04-07 12:11:44,689 - queue_manager - INFO - Scheduled next crawl for Đồ thể thao, Dã ngoại in Quảng Nam Đà Nẵng after 1800.0s
2026-04-07 12:11:45,508 - crawler - INFO - Worker 0: Processing Đồ thể thao, Dã ngoại in Tp Hồ Chí Minh (page=0, priority=207)
2026-04-07 12:11:46,429 - crawler - INFO - Worker 2: Completed route Đồ thể thao, Dã ngoại in Cần Thơ - Tây Nam Bộ in 2.77s
2026-04-07 12:11:46,429 - queue_manager - INFO - Scheduled next crawl for Đồ thể thao, Dã ngoại in Cần Thơ - Tây Nam Bộ after 1800.0s
2026-04-07 12:11:46,953 - crawler - INFO - Worker 4: Completed route Đồ thể thao, Dã ngoại in Nam Trung Bộ in 2.76s
2026-04-07 12:11:46,953 - queue_manager - INFO - Scheduled next crawl for Đồ thể thao, Dã ngoại in Nam Trung Bộ after 1800.0s
2026-04-07 12:11:46,960 - crawler - INFO - Worker 3: Completed route Đồ thể thao, Dã ngoại in Tây Bắc Bộ in 2.48s
2026-04-07 12:11:46,961 - queue_manager - INFO - Scheduled next crawl for Đồ thể thao, Dã ngoại in Tây Bắc Bộ after 1800.0s
2026-04-07 12:11:47,690 - crawler - INFO - Worker 1: Processing Đồ thể thao, Dã ngoại in Thanh Nghệ Tĩnh (page=0, priority=0)
2026-04-07 12:11:48,287 - crawler - INFO - Worker 0: Completed route Đồ thể thao, Dã ngoại in Tp Hồ Chí Minh in 2.78s
2026-04-07 12:11:48,288 - queue_manager - INFO - Scheduled next crawl for Đồ thể thao, Dã ngoại in Tp Hồ Chí Minh after 360.0s
2026-04-07 12:11:49,430 - crawler - INFO - Worker 2: Processing Đồ thể thao, Dã ngoại in Tây Nguyên (page=0, priority=0)
2026-04-07 12:11:49,953 - crawler - INFO - Worker 4: Processing Đồ thể thao, Dã ngoại in Đông Bắc Bộ (page=0, priority=0)
2026-04-07 12:11:49,961 - crawler - INFO - Worker 3: Processing Mẹ và bé in Các tỉnh lân cận Hà Nội (page=0, priority=0)
2026-04-07 12:11:50,215 - crawler - INFO - Worker 1: Completed route Đồ thể thao, Dã ngoại in Thanh Nghệ Tĩnh in 2.52s
2026-04-07 12:11:50,215 - queue_manager - INFO - Scheduled next crawl for Đồ thể thao, Dã ngoại in Thanh Nghệ Tĩnh after 1800.0s
2026-04-07 12:11:51,288 - crawler - INFO - Worker 0: Processing Mẹ và bé in Hải Phòng Nam Định Thái Bình (page=0, priority=0)
2026-04-07 12:11:52,101 - crawler - INFO - Worker 2: Completed route Đồ thể thao, Dã ngoại in Tây Nguyên in 2.67s
2026-04-07 12:11:52,101 - queue_manager - INFO - Scheduled next crawl for Đồ thể thao, Dã ngoại in Tây Nguyên after 1800.0s
2026-04-07 12:11:52,340 - crawler - INFO - Worker 4: Completed route Đồ thể thao, Dã ngoại in Đông Bắc Bộ in 2.39s
2026-04-07 12:11:52,340 - queue_manager - INFO - Scheduled next crawl for Đồ thể thao, Dã ngoại in Đông Bắc Bộ after 1800.0s
2026-04-07 12:11:52,494 - crawler - INFO - Worker 3: Completed route Mẹ và bé in Các tỉnh lân cận Hà Nội in 2.53s
2026-04-07 12:11:52,494 - queue_manager - INFO - Scheduled next crawl for Mẹ và bé in Các tỉnh lân cận Hà Nội after 1800.0s
2026-04-07 12:11:53,214 - crawler - INFO - Worker 1: Processing Mẹ và bé in Tây Bắc Bộ (page=0, priority=0)
2026-04-07 12:11:53,426 - crawler - INFO - Worker 1: Completed route Mẹ và bé in Tây Bắc Bộ in 0.21s
2026-04-07 12:11:53,427 - queue_manager - INFO - Scheduled next crawl for Mẹ và bé in Tây Bắc Bộ after 1800.0s
2026-04-07 12:11:53,811 - crawler - INFO - Worker 0: Completed route Mẹ và bé in Hải Phòng Nam Định Thái Bình in 2.52s
2026-04-07 12:11:53,811 - queue_manager - INFO - Scheduled next crawl for Mẹ và bé in Hải Phòng Nam Định Thái Bình after 1800.0s
2026-04-07 12:11:55,102 - crawler - INFO - Worker 2: Processing Mẹ và bé in Đông Nam Bộ (page=0, priority=0)
2026-04-07 12:11:55,340 - crawler - INFO - Worker 4: Processing Mẹ và bé in Cần Thơ - Tây Nam Bộ (page=0, priority=0)
2026-04-07 12:11:55,495 - crawler - INFO - Worker 3: Processing Mẹ và bé in Bình Trị Thừa Thiên Huế (page=0, priority=0)
2026-04-07 12:11:56,524 - crawler - INFO - Worker 1: Processing Mẹ và bé in Thanh Nghệ Tĩnh (page=0, priority=0)
2026-04-07 12:11:57,780 - crawler - INFO - Worker 2: Completed route Mẹ và bé in Đông Nam Bộ in 2.68s
2026-04-07 12:11:57,780 - queue_manager - INFO - Scheduled next crawl for Mẹ và bé in Đông Nam Bộ after 1800.0s
2026-04-07 12:11:57,911 - crawler - INFO - Worker 0: Processing Mẹ và bé in Đông Bắc Bộ (page=0, priority=0)
2026-04-07 12:11:57,916 - crawler - INFO - Worker 3: Completed route Mẹ và bé in Bình Trị Thừa Thiên Huế in 2.42s
2026-04-07 12:11:57,916 - queue_manager - INFO - Scheduled next crawl for Mẹ và bé in Bình Trị Thừa Thiên Huế after 1800.0s
2026-04-07 12:11:58,156 - crawler - INFO - Worker 4: Completed route Mẹ và bé in Cần Thơ - Tây Nam Bộ in 2.82s
2026-04-07 12:11:58,156 - queue_manager - INFO - Scheduled next crawl for Mẹ và bé in Cần Thơ - Tây Nam Bộ after 1800.0s
2026-04-07 12:11:58,932 - crawler - INFO - Worker 1: Completed route Mẹ và bé in Thanh Nghệ Tĩnh in 2.41s
2026-04-07 12:11:58,932 - queue_manager - INFO - Scheduled next crawl for Mẹ và bé in Thanh Nghệ Tĩnh after 1800.0s
2026-04-07 12:12:00,271 - crawler - INFO - Worker 0: Completed route Mẹ và bé in Đông Bắc Bộ in 2.36s
2026-04-07 12:12:00,271 - queue_manager - INFO - Scheduled next crawl for Mẹ và bé in Đông Bắc Bộ after 1800.0s
2026-04-07 12:12:00,780 - crawler - INFO - Worker 2: Processing Mẹ và bé in Nam Trung Bộ (page=0, priority=0)
2026-04-07 12:12:00,916 - crawler - INFO - Worker 3: Processing Mẹ và bé in Tây Nguyên (page=0, priority=0)
2026-04-07 12:12:01,155 - crawler - INFO - Worker 4: Processing Thiết bị chơi game in Các tỉnh lân cận Hà Nội (page=0, priority=0)
2026-04-07 12:12:01,933 - crawler - INFO - Worker 1: Processing Điện thoại in Tp Hồ Chí Minh (page=0, priority=250)
2026-04-07 12:12:02,373 - database - INFO - Saved 1 new crawled item IDs
2026-04-07 12:12:03,271 - crawler - INFO - Worker 0: Processing Mẹ và bé in Hà Nội (page=0, priority=0)
2026-04-07 12:12:03,418 - crawler - INFO - Worker 3: Completed route Mẹ và bé in Tây Nguyên in 2.50s
2026-04-07 12:12:03,419 - queue_manager - INFO - Scheduled next crawl for Mẹ và bé in Tây Nguyên after 1800.0s
2026-04-07 12:12:03,732 - crawler - INFO - Worker 4: Completed route Thiết bị chơi game in Các tỉnh lân cận Hà Nội in 2.58s
2026-04-07 12:12:03,733 - queue_manager - INFO - Scheduled next crawl for Thiết bị chơi game in Các tỉnh lân cận Hà Nội after 1800.0s
2026-04-07 12:12:03,789 - crawler - INFO - Worker 2: Completed route Mẹ và bé in Nam Trung Bộ in 3.01s
2026-04-07 12:12:03,789 - queue_manager - INFO - Scheduled next crawl for Mẹ và bé in Nam Trung Bộ after 1800.0s
2026-04-07 12:12:04,736 - crawler - INFO - Worker 1: Completed route Điện thoại in Tp Hồ Chí Minh in 2.80s
2026-04-07 12:12:04,736 - queue_manager - INFO - Scheduled next crawl for Điện thoại in Tp Hồ Chí Minh after 63.0s
2026-04-07 12:12:05,965 - crawler - INFO - Worker 0: Completed route Mẹ và bé in Hà Nội in 2.69s
2026-04-07 12:12:05,965 - queue_manager - INFO - Scheduled next crawl for Mẹ và bé in Hà Nội after 1800.0s
2026-04-07 12:12:06,420 - crawler - INFO - Worker 3: Processing Thiết bị chơi game in Đông Nam Bộ (page=0, priority=0)
2026-04-07 12:12:06,733 - crawler - INFO - Worker 4: Processing Thiết bị chơi game in Quảng Nam Đà Nẵng (page=0, priority=0)
2026-04-07 12:12:06,790 - crawler - INFO - Worker 2: Processing Thiết bị chơi game in Hải Phòng Nam Định Thái Bình (page=0, priority=0)
2026-04-07 12:12:07,736 - crawler - INFO - Worker 1: Processing Thiết bị chơi game in Bình Trị Thừa Thiên Huế (page=0, priority=0)
2026-04-07 12:12:08,964 - crawler - INFO - Worker 0: Processing Thiết bị chơi game in Cần Thơ - Tây Nam Bộ (page=0, priority=0)
2026-04-07 12:12:09,225 - crawler - INFO - Worker 3: Completed route Thiết bị chơi game in Đông Nam Bộ in 2.80s
2026-04-07 12:12:09,225 - queue_manager - INFO - Scheduled next crawl for Thiết bị chơi game in Đông Nam Bộ after 1800.0s
2026-04-07 12:12:09,334 - crawler - INFO - Worker 4: Completed route Thiết bị chơi game in Quảng Nam Đà Nẵng in 2.60s
2026-04-07 12:12:09,334 - queue_manager - INFO - Scheduled next crawl for Thiết bị chơi game in Quảng Nam Đà Nẵng after 1800.0s
2026-04-07 12:12:09,532 - crawler - INFO - Worker 2: Completed route Thiết bị chơi game in Hải Phòng Nam Định Thái Bình in 2.74s
2026-04-07 12:12:09,532 - queue_manager - INFO - Scheduled next crawl for Thiết bị chơi game in Hải Phòng Nam Định Thái Bình after 1800.0s
2026-04-07 12:12:10,092 - crawler - INFO - Worker 1: Completed route Thiết bị chơi game in Bình Trị Thừa Thiên Huế in 2.36s
2026-04-07 12:12:10,092 - queue_manager - INFO - Scheduled next crawl for Thiết bị chơi game in Bình Trị Thừa Thiên Huế after 1800.0s
2026-04-07 12:12:11,687 - crawler - INFO - Worker 0: Completed route Thiết bị chơi game in Cần Thơ - Tây Nam Bộ in 2.72s
2026-04-07 12:12:11,688 - queue_manager - INFO - Scheduled next crawl for Thiết bị chơi game in Cần Thơ - Tây Nam Bộ after 1800.0s
2026-04-07 12:12:12,224 - crawler - INFO - Worker 3: Processing Thiết bị chơi game in Nam Trung Bộ (page=0, priority=0)
2026-04-07 12:12:12,335 - crawler - INFO - Worker 4: Processing Thiết bị chơi game in Thanh Nghệ Tĩnh (page=0, priority=0)
2026-04-07 12:12:12,531 - crawler - INFO - Worker 2: Processing Thiết bị chơi game in Tây Nguyên (page=0, priority=0)
2026-04-07 12:12:14,692 - crawler - INFO - Worker 4: Completed route Thiết bị chơi game in Thanh Nghệ Tĩnh in 2.36s
2026-04-07 12:12:14,692 - queue_manager - INFO - Scheduled next crawl for Thiết bị chơi game in Thanh Nghệ Tĩnh after 1800.0s
2026-04-07 12:12:14,772 - crawler - INFO - Worker 1: Processing Thiết bị chơi game in Tây Bắc Bộ (page=0, priority=0)
2026-04-07 12:12:14,783 - crawler - INFO - Worker 3: Completed route Thiết bị chơi game in Nam Trung Bộ in 2.56s
2026-04-07 12:12:14,783 - queue_manager - INFO - Scheduled next crawl for Thiết bị chơi game in Nam Trung Bộ after 1800.0s
2026-04-07 12:12:14,973 - crawler - INFO - Worker 2: Completed route Thiết bị chơi game in Tây Nguyên in 2.44s
2026-04-07 12:12:14,973 - queue_manager - INFO - Scheduled next crawl for Thiết bị chơi game in Tây Nguyên after 1800.0s
2026-04-07 12:12:15,053 - crawler - INFO - Worker 0: Processing Thiết bị chơi game in Đông Bắc Bộ (page=0, priority=0)
2026-04-07 12:12:17,122 - crawler - INFO - Worker 1: Completed route Thiết bị chơi game in Tây Bắc Bộ in 2.35s
2026-04-07 12:12:17,122 - queue_manager - INFO - Scheduled next crawl for Thiết bị chơi game in Tây Bắc Bộ after 1800.0s
2026-04-07 12:12:17,402 - crawler - INFO - Worker 0: Completed route Thiết bị chơi game in Đông Bắc Bộ in 2.35s
2026-04-07 12:12:17,402 - queue_manager - INFO - Scheduled next crawl for Thiết bị chơi game in Đông Bắc Bộ after 1800.0s
2026-04-07 12:12:17,693 - crawler - INFO - Worker 4: Processing Thiết bị chơi game in Hà Nội (page=0, priority=0)
2026-04-07 12:12:17,784 - crawler - INFO - Worker 3: Processing Điện thoại in Tây Bắc Bộ (page=0, priority=0)
2026-04-07 12:12:19,242 - crawler - INFO - Worker 2: Processing Điện thoại in Thanh Nghệ Tĩnh (page=0, priority=0)
2026-04-07 12:12:19,604 - database - INFO - Saved 1 new crawled item IDs
2026-04-07 12:12:20,270 - crawler - INFO - Worker 3: Completed route Điện thoại in Tây Bắc Bộ in 2.49s
2026-04-07 12:12:20,270 - queue_manager - INFO - Scheduled next crawl for Điện thoại in Tây Bắc Bộ after 1800.0s
2026-04-07 12:12:20,442 - crawler - INFO - Worker 4: Completed route Thiết bị chơi game in Hà Nội in 2.75s
2026-04-07 12:12:20,442 - queue_manager - INFO - Scheduled next crawl for Thiết bị chơi game in Hà Nội after 1800.0s
2026-04-07 12:12:20,794 - database - INFO - Đã lọc bỏ 1 items lừa đảo/rác trong mẻ này.
2026-04-07 12:12:20,794 - database - INFO - No items passed the filtering criteria and scam check
2026-04-07 12:12:21,552 - crawler - INFO - Worker 1: Processing Đồng hồ in Các tỉnh lân cận Hà Nội (page=0, priority=0)
2026-04-07 12:12:22,253 - crawler - INFO - Worker 0: Processing Điện thoại in Đông Bắc Bộ (page=0, priority=0)
2026-04-07 12:12:23,110 - crawler - INFO - Worker 2: Completed route Điện thoại in Thanh Nghệ Tĩnh in 3.87s
2026-04-07 12:12:23,110 - queue_manager - INFO - Scheduled next crawl for Điện thoại in Thanh Nghệ Tĩnh after 1800.0s
2026-04-07 12:12:23,269 - crawler - INFO - Worker 3: Processing Đồng hồ in Đông Nam Bộ (page=0, priority=0)
2026-04-07 12:12:23,628 - database - INFO - Saved 1 new crawled item IDs
2026-04-07 12:12:24,657 - database - INFO - Đã lọc bỏ 1 items lừa đảo/rác trong mẻ này.
2026-04-07 12:12:24,657 - database - INFO - No items passed the filtering criteria and scam check
2026-04-07 12:12:24,721 - crawler - INFO - Worker 1: Completed route Đồng hồ in Các tỉnh lân cận Hà Nội in 3.17s
2026-04-07 12:12:24,722 - queue_manager - INFO - Scheduled next crawl for Đồng hồ in Các tỉnh lân cận Hà Nội after 1800.0s
2026-04-07 12:12:25,043 - crawler - INFO - Worker 4: Processing Đồng hồ in Quảng Nam Đà Nẵng (page=0, priority=0)
2026-04-07 12:12:25,282 - crawler - INFO - Worker 0: Completed route Điện thoại in Đông Bắc Bộ in 3.03s
2026-04-07 12:12:25,282 - queue_manager - INFO - Scheduled next crawl for Điện thoại in Đông Bắc Bộ after 1800.0s
2026-04-07 12:12:26,990 - crawler - INFO - Worker 3: Completed route Đồng hồ in Đông Nam Bộ in 3.72s
2026-04-07 12:12:26,991 - queue_manager - INFO - Scheduled next crawl for Đồng hồ in Đông Nam Bộ after 1800.0s
2026-04-07 12:12:27,420 - crawler - INFO - Worker 2: Processing Đồng hồ in Cần Thơ - Tây Nam Bộ (page=0, priority=0)
2026-04-07 12:12:27,767 - crawler - INFO - Worker 4: Completed route Đồng hồ in Quảng Nam Đà Nẵng in 2.72s
2026-04-07 12:12:27,767 - queue_manager - INFO - Scheduled next crawl for Đồng hồ in Quảng Nam Đà Nẵng after 1800.0s
2026-04-07 12:12:27,982 - crawler - INFO - Worker 1: Processing Đồng hồ in Hải Phòng Nam Định Thái Bình (page=0, priority=0)
2026-04-07 12:12:28,567 - crawler - INFO - Worker 0: Processing Đồng hồ in Bình Trị Thừa Thiên Huế (page=0, priority=0)
2026-04-07 12:12:29,991 - crawler - INFO - Worker 3: Processing Đồng hồ in Thanh Nghệ Tĩnh (page=0, priority=0)
2026-04-07 12:12:30,209 - crawler - INFO - Worker 2: Completed route Đồng hồ in Cần Thơ - Tây Nam Bộ in 2.79s
2026-04-07 12:12:30,209 - queue_manager - INFO - Scheduled next crawl for Đồng hồ in Cần Thơ - Tây Nam Bộ after 1800.0s
2026-04-07 12:12:30,767 - crawler - INFO - Worker 4: Processing Đồng hồ in Nam Trung Bộ (page=0, priority=0)
2026-04-07 12:12:31,412 - crawler - INFO - Worker 0: Completed route Đồng hồ in Bình Trị Thừa Thiên Huế in 2.84s
2026-04-07 12:12:31,412 - queue_manager - INFO - Scheduled next crawl for Đồng hồ in Bình Trị Thừa Thiên Huế after 1800.0s
2026-04-07 12:12:31,566 - crawler - INFO - Worker 1: Completed route Đồng hồ in Hải Phòng Nam Định Thái Bình in 3.58s
2026-04-07 12:12:31,566 - queue_manager - INFO - Scheduled next crawl for Đồng hồ in Hải Phòng Nam Định Thái Bình after 1800.0s
2026-04-07 12:12:32,577 - crawler - INFO - Worker 3: Completed route Đồng hồ in Thanh Nghệ Tĩnh in 2.59s
2026-04-07 12:12:32,577 - queue_manager - INFO - Scheduled next crawl for Đồng hồ in Thanh Nghệ Tĩnh after 1800.0s
2026-04-07 12:12:33,209 - crawler - INFO - Worker 2: Processing Đồng hồ in Tây Bắc Bộ (page=0, priority=0)
2026-04-07 12:12:33,463 - crawler - INFO - Worker 4: Completed route Đồng hồ in Nam Trung Bộ in 2.69s
2026-04-07 12:12:33,463 - queue_manager - INFO - Scheduled next crawl for Đồng hồ in Nam Trung Bộ after 1800.0s
2026-04-07 12:12:34,411 - crawler - INFO - Worker 0: Processing Đồng hồ in Đông Bắc Bộ (page=0, priority=0)
2026-04-07 12:12:34,566 - crawler - INFO - Worker 1: Processing Đồng hồ in Tây Nguyên (page=0, priority=0)
2026-04-07 12:12:35,540 - crawler - INFO - Worker 2: Completed route Đồng hồ in Tây Bắc Bộ in 2.33s
2026-04-07 12:12:35,540 - queue_manager - INFO - Scheduled next crawl for Đồng hồ in Tây Bắc Bộ after 1800.0s
2026-04-07 12:12:35,577 - crawler - INFO - Worker 3: Processing Laptop in Các tỉnh lân cận Hà Nội (page=0, priority=0)
2026-04-07 12:12:36,463 - crawler - INFO - Worker 4: Processing Phụ kiện thời trang khác in Tp Hồ Chí Minh (page=0, priority=245)
2026-04-07 12:12:36,871 - crawler - INFO - Worker 0: Completed route Đồng hồ in Đông Bắc Bộ in 2.46s
2026-04-07 12:12:36,871 - queue_manager - INFO - Scheduled next crawl for Đồng hồ in Đông Bắc Bộ after 1800.0s
2026-04-07 12:12:37,291 - crawler - INFO - Worker 1: Completed route Đồng hồ in Tây Nguyên in 2.72s
2026-04-07 12:12:37,291 - queue_manager - INFO - Scheduled next crawl for Đồng hồ in Tây Nguyên after 1800.0s
2026-04-07 12:12:38,262 - crawler - INFO - Worker 3: Completed route Laptop in Các tỉnh lân cận Hà Nội in 2.68s
2026-04-07 12:12:38,262 - queue_manager - INFO - Scheduled next crawl for Laptop in Các tỉnh lân cận Hà Nội after 1800.0s
2026-04-07 12:12:38,540 - crawler - INFO - Worker 2: Processing Laptop in Đông Nam Bộ (page=0, priority=0)
2026-04-07 12:12:38,925 - database - INFO - Saved 1 new crawled item IDs
2026-04-07 12:12:39,286 - crawler - INFO - Worker 4: Completed route Phụ kiện thời trang khác in Tp Hồ Chí Minh in 2.82s
2026-04-07 12:12:39,286 - queue_manager - INFO - Scheduled next crawl for Phụ kiện thời trang khác in Tp Hồ Chí Minh after 98.5s
2026-04-07 12:12:39,871 - crawler - INFO - Worker 0: Processing Laptop in Quảng Nam Đà Nẵng (page=0, priority=0)
2026-04-07 12:12:40,292 - crawler - INFO - Worker 1: Processing Đồng hồ in Tp Hồ Chí Minh (page=0, priority=0)
2026-04-07 12:12:40,699 - database - INFO - Saved 4 new crawled item IDs
2026-04-07 12:12:41,305 - crawler - INFO - Worker 2: Completed route Laptop in Đông Nam Bộ in 2.77s
2026-04-07 12:12:41,305 - queue_manager - INFO - Scheduled next crawl for Laptop in Đông Nam Bộ after 1800.0s
2026-04-07 12:12:41,316 - crawler - INFO - Worker 3: Processing Laptop in Hải Phòng Nam Định Thái Bình (page=0, priority=0)
2026-04-07 12:12:41,658 - database - INFO - Saved 1 new crawled item IDs
2026-04-07 12:12:41,915 - database - INFO - Đã lọc bỏ 1 items lừa đảo/rác trong mẻ này.
2026-04-07 12:12:41,915 - database - INFO - No items passed the filtering criteria and scam check
2026-04-07 12:12:42,299 - crawler - INFO - Worker 4: Processing Laptop in Cần Thơ - Tây Nam Bộ (page=0, priority=0)
2026-04-07 12:12:42,627 - crawler - INFO - Worker 0: Completed route Laptop in Quảng Nam Đà Nẵng in 2.76s
2026-04-07 12:12:42,627 - queue_manager - INFO - Scheduled next crawl for Laptop in Quảng Nam Đà Nẵng after 1800.0s
2026-04-07 12:12:44,014 - crawler - INFO - Worker 3: Completed route Laptop in Hải Phòng Nam Định Thái Bình in 2.70s
2026-04-07 12:12:44,015 - queue_manager - INFO - Scheduled next crawl for Laptop in Hải Phòng Nam Định Thái Bình after 1800.0s
2026-04-07 12:12:44,203 - crawler - INFO - Worker 1: Completed route Đồng hồ in Tp Hồ Chí Minh in 3.91s
2026-04-07 12:12:44,203 - queue_manager - INFO - Scheduled next crawl for Đồng hồ in Tp Hồ Chí Minh after 1800.0s
2026-04-07 12:12:44,306 - crawler - INFO - Worker 2: Processing Điện thoại in Quảng Nam Đà Nẵng (page=0, priority=211)
2026-04-07 12:12:45,070 - crawler - INFO - Worker 4: Completed route Laptop in Cần Thơ - Tây Nam Bộ in 2.77s
2026-04-07 12:12:45,070 - queue_manager - INFO - Scheduled next crawl for Laptop in Cần Thơ - Tây Nam Bộ after 1800.0s
2026-04-07 12:12:45,628 - crawler - INFO - Worker 0: Processing Laptop in Bình Trị Thừa Thiên Huế (page=0, priority=0)
2026-04-07 12:12:47,014 - crawler - INFO - Worker 3: Processing Laptop in Nam Trung Bộ (page=0, priority=0)
2026-04-07 12:12:47,125 - crawler - INFO - Worker 2: Completed route Điện thoại in Quảng Nam Đà Nẵng in 2.82s
2026-04-07 12:12:47,125 - queue_manager - INFO - Scheduled next crawl for Điện thoại in Quảng Nam Đà Nẵng after 330.0s
2026-04-07 12:12:47,204 - crawler - INFO - Worker 1: Processing Laptop in Thanh Nghệ Tĩnh (page=0, priority=0)
2026-04-07 12:12:48,071 - crawler - INFO - Worker 4: Processing Laptop in Tây Nguyên (page=0, priority=0)
2026-04-07 12:12:48,380 - crawler - INFO - Worker 0: Completed route Laptop in Bình Trị Thừa Thiên Huế in 2.75s
2026-04-07 12:12:48,381 - queue_manager - INFO - Scheduled next crawl for Laptop in Bình Trị Thừa Thiên Huế after 1800.0s
2026-04-07 12:12:48,423 - database - INFO - Saved 1 new crawled item IDs
2026-04-07 12:12:49,885 - crawler - INFO - Worker 3: Completed route Laptop in Nam Trung Bộ in 2.87s
2026-04-07 12:12:49,886 - queue_manager - INFO - Scheduled next crawl for Laptop in Nam Trung Bộ after 1800.0s
2026-04-07 12:12:49,916 - crawler - INFO - Worker 1: Completed route Laptop in Thanh Nghệ Tĩnh in 2.71s
2026-04-07 12:12:49,916 - queue_manager - INFO - Scheduled next crawl for Laptop in Thanh Nghệ Tĩnh after 1800.0s
2026-04-07 12:12:50,126 - crawler - INFO - Worker 2: Processing Laptop in Đông Bắc Bộ (page=0, priority=0)
2026-04-07 12:12:50,745 - crawler - INFO - Worker 4: Completed route Laptop in Tây Nguyên in 2.67s
2026-04-07 12:12:50,745 - queue_manager - INFO - Scheduled next crawl for Laptop in Tây Nguyên after 1800.0s
2026-04-07 12:12:51,381 - crawler - INFO - Worker 0: Processing Laptop in Tây Bắc Bộ (page=0, priority=0)
2026-04-07 12:12:52,817 - crawler - INFO - Worker 2: Completed route Laptop in Đông Bắc Bộ in 2.69s
2026-04-07 12:12:52,818 - queue_manager - INFO - Scheduled next crawl for Laptop in Đông Bắc Bộ after 1800.0s
2026-04-07 12:12:52,886 - crawler - INFO - Worker 3: Processing Laptop in Hà Nội (page=0, priority=0)
2026-04-07 12:12:53,223 - database - INFO - Saved 3 new crawled item IDs
2026-04-07 12:12:53,603 - crawler - INFO - Worker 1: Processing Máy ảnh, Máy quay in Các tỉnh lân cận Hà Nội (page=0, priority=0)
2026-04-07 12:12:53,760 - crawler - INFO - Worker 0: Completed route Laptop in Tây Bắc Bộ in 2.38s
2026-04-07 12:12:53,760 - queue_manager - INFO - Scheduled next crawl for Laptop in Tây Bắc Bộ after 1800.0s
2026-04-07 12:12:54,078 - crawler - INFO - Worker 4: Processing Máy ảnh, Máy quay in Đông Nam Bộ (page=0, priority=0)
2026-04-07 12:12:55,572 - crawler - INFO - Worker 3: Completed route Laptop in Hà Nội in 2.69s
2026-04-07 12:12:55,573 - queue_manager - INFO - Scheduled next crawl for Laptop in Hà Nội after 1800.0s
2026-04-07 12:12:55,818 - crawler - INFO - Worker 2: Processing Máy ảnh, Máy quay in Quảng Nam Đà Nẵng (page=0, priority=0)
2026-04-07 12:12:56,174 - database - INFO - Saved 2 new crawled item IDs
2026-04-07 12:12:56,439 - crawler - INFO - Worker 1: Completed route Máy ảnh, Máy quay in Các tỉnh lân cận Hà Nội in 2.84s
2026-04-07 12:12:56,440 - queue_manager - INFO - Scheduled next crawl for Máy ảnh, Máy quay in Các tỉnh lân cận Hà Nội after 1800.0s
2026-04-07 12:12:56,808 - crawler - INFO - Worker 4: Completed route Máy ảnh, Máy quay in Đông Nam Bộ in 2.73s
2026-04-07 12:12:56,808 - queue_manager - INFO - Scheduled next crawl for Máy ảnh, Máy quay in Đông Nam Bộ after 1800.0s
2026-04-07 12:12:56,995 - crawler - INFO - Worker 0: Processing Laptop in Tp Hồ Chí Minh (page=0, priority=0)
2026-04-07 12:12:57,465 - database - INFO - Saved 6 new crawled item IDs
2026-04-07 12:12:58,597 - crawler - INFO - Worker 2: Completed route Máy ảnh, Máy quay in Quảng Nam Đà Nẵng in 2.78s
2026-04-07 12:12:58,597 - queue_manager - INFO - Scheduled next crawl for Máy ảnh, Máy quay in Quảng Nam Đà Nẵng after 1800.0s
2026-04-07 12:12:58,929 - crawler - INFO - Worker 3: Processing Máy ảnh, Máy quay in Hải Phòng Nam Định Thái Bình (page=0, priority=0)
2026-04-07 12:12:59,440 - crawler - INFO - Worker 1: Processing Máy ảnh, Máy quay in Bình Trị Thừa Thiên Huế (page=0, priority=0)
2026-04-07 12:12:59,823 - crawler - INFO - Worker 0: Completed route Laptop in Tp Hồ Chí Minh in 2.83s
2026-04-07 12:12:59,823 - queue_manager - INFO - Scheduled next crawl for Laptop in Tp Hồ Chí Minh after 1800.0s
2026-04-07 12:12:59,853 - crawler - INFO - Worker 4: Processing Máy ảnh, Máy quay in Cần Thơ - Tây Nam Bộ (page=0, priority=0)
2026-04-07 12:13:01,597 - crawler - INFO - Worker 2: Processing Máy ảnh, Máy quay in Thanh Nghệ Tĩnh (page=0, priority=0)
2026-04-07 12:13:01,697 - crawler - INFO - Worker 3: Completed route Máy ảnh, Máy quay in Hải Phòng Nam Định Thái Bình in 2.77s
2026-04-07 12:13:01,697 - queue_manager - INFO - Scheduled next crawl for Máy ảnh, Máy quay in Hải Phòng Nam Định Thái Bình after 1800.0s
2026-04-07 12:13:02,095 - crawler - INFO - Worker 1: Completed route Máy ảnh, Máy quay in Bình Trị Thừa Thiên Huế in 2.65s
2026-04-07 12:13:02,095 - queue_manager - INFO - Scheduled next crawl for Máy ảnh, Máy quay in Bình Trị Thừa Thiên Huế after 1800.0s
2026-04-07 12:13:02,686 - crawler - INFO - Worker 4: Completed route Máy ảnh, Máy quay in Cần Thơ - Tây Nam Bộ in 2.83s
2026-04-07 12:13:02,686 - queue_manager - INFO - Scheduled next crawl for Máy ảnh, Máy quay in Cần Thơ - Tây Nam Bộ after 1800.0s
2026-04-07 12:13:02,822 - crawler - INFO - Worker 0: Processing Máy ảnh, Máy quay in Nam Trung Bộ (page=0, priority=0)
2026-04-07 12:13:04,160 - crawler - INFO - Worker 2: Completed route Máy ảnh, Máy quay in Thanh Nghệ Tĩnh in 2.56s
2026-04-07 12:13:04,160 - queue_manager - INFO - Scheduled next crawl for Máy ảnh, Máy quay in Thanh Nghệ Tĩnh after 1800.0s
2026-04-07 12:13:04,697 - crawler - INFO - Worker 3: Processing Máy ảnh, Máy quay in Đông Bắc Bộ (page=0, priority=0)
2026-04-07 12:13:05,146 - crawler - INFO - Worker 1: Processing Máy ảnh, Máy quay in Tây Nguyên (page=0, priority=0)
2026-04-07 12:13:05,484 - crawler - INFO - Worker 0: Completed route Máy ảnh, Máy quay in Nam Trung Bộ in 2.66s
2026-04-07 12:13:05,484 - queue_manager - INFO - Scheduled next crawl for Máy ảnh, Máy quay in Nam Trung Bộ after 1800.0s
2026-04-07 12:13:05,686 - crawler - INFO - Worker 4: Processing Máy ảnh, Máy quay in Tây Bắc Bộ (page=0, priority=0)
2026-04-07 12:13:07,168 - crawler - INFO - Worker 3: Completed route Máy ảnh, Máy quay in Đông Bắc Bộ in 2.47s
2026-04-07 12:13:07,168 - queue_manager - INFO - Scheduled next crawl for Máy ảnh, Máy quay in Đông Bắc Bộ after 1800.0s
2026-04-07 12:13:07,736 - crawler - INFO - Worker 2: Processing Điện thoại in Tp Hồ Chí Minh (page=0, priority=250)
2026-04-07 12:13:07,866 - crawler - INFO - Worker 1: Completed route Máy ảnh, Máy quay in Tây Nguyên in 2.72s
2026-04-07 12:13:07,866 - queue_manager - INFO - Scheduled next crawl for Máy ảnh, Máy quay in Tây Nguyên after 1800.0s
2026-04-07 12:13:08,029 - crawler - INFO - Worker 4: Completed route Máy ảnh, Máy quay in Tây Bắc Bộ in 2.34s
2026-04-07 12:13:08,029 - queue_manager - INFO - Scheduled next crawl for Máy ảnh, Máy quay in Tây Bắc Bộ after 1800.0s
2026-04-07 12:13:08,484 - crawler - INFO - Worker 0: Processing Máy ảnh, Máy quay in Hà Nội (page=0, priority=0)
2026-04-07 12:13:08,820 - database - INFO - Saved 1 new crawled item IDs
2026-04-07 12:13:09,998 - database - INFO - Saved 1 new items to database
2026-04-07 12:13:10,364 - crawler - INFO - Worker 2: Completed route Điện thoại in Tp Hồ Chí Minh in 2.63s
2026-04-07 12:13:10,364 - queue_manager - INFO - Scheduled next crawl for Điện thoại in Tp Hồ Chí Minh after 63.0s
2026-04-07 12:13:11,713 - crawler - INFO - Worker 3: Processing Phụ kiện (Màn hình, Chuột...) in Các tỉnh lân cận Hà Nội (page=0, priority=0)
2026-04-07 12:13:12,431 - crawler - INFO - Worker 0: Completed route Máy ảnh, Máy quay in Hà Nội in 3.95s
2026-04-07 12:13:12,431 - queue_manager - INFO - Scheduled next crawl for Máy ảnh, Máy quay in Hà Nội after 1800.0s
2026-04-07 12:13:13,018 - crawler - INFO - Worker 1: Processing Phụ kiện (Màn hình, Chuột...) in Quảng Nam Đà Nẵng (page=0, priority=0)
2026-04-07 12:13:13,358 - crawler - INFO - Worker 4: Processing Phụ kiện (Màn hình, Chuột...) in Đông Nam Bộ (page=0, priority=0)
2026-04-07 12:13:13,379 - database - INFO - Saved 1 new crawled item IDs
2026-04-07 12:13:13,986 - crawler - INFO - Worker 2: Processing Máy ảnh, Máy quay in Tp Hồ Chí Minh (page=0, priority=0)
2026-04-07 12:13:14,335 - database - INFO - Saved 1 new crawled item IDs
2026-04-07 12:13:14,371 - crawler - INFO - Worker 3: Completed route Phụ kiện (Màn hình, Chuột...) in Các tỉnh lân cận Hà Nội in 2.66s
2026-04-07 12:13:14,371 - queue_manager - INFO - Scheduled next crawl for Phụ kiện (Màn hình, Chuột...) in Các tỉnh lân cận Hà Nội after 1800.0s
2026-04-07 12:13:15,401 - database - INFO - Saved 1 new items to database
2026-04-07 12:13:16,106 - crawler - INFO - Worker 4: Completed route Phụ kiện (Màn hình, Chuột...) in Đông Nam Bộ in 2.75s
2026-04-07 12:13:16,107 - queue_manager - INFO - Scheduled next crawl for Phụ kiện (Màn hình, Chuột...) in Đông Nam Bộ after 1800.0s
2026-04-07 12:13:16,303 - crawler - INFO - Worker 1: Completed route Phụ kiện (Màn hình, Chuột...) in Quảng Nam Đà Nẵng in 3.28s
2026-04-07 12:13:16,303 - queue_manager - INFO - Scheduled next crawl for Phụ kiện (Màn hình, Chuột...) in Quảng Nam Đà Nẵng after 1800.0s
2026-04-07 12:13:17,739 - crawler - INFO - Worker 2: Completed route Máy ảnh, Máy quay in Tp Hồ Chí Minh in 3.75s
2026-04-07 12:13:17,740 - queue_manager - INFO - Scheduled next crawl for Máy ảnh, Máy quay in Tp Hồ Chí Minh after 1800.0s
2026-04-07 12:13:18,389 - crawler - INFO - Worker 0: Processing Phụ kiện (Màn hình, Chuột...) in Hải Phòng Nam Định Thái Bình (page=0, priority=0)
2026-04-07 12:13:18,390 - crawler - INFO - Worker 3: Processing Phụ kiện (Màn hình, Chuột...) in Nam Trung Bộ (page=0, priority=0)
2026-04-07 12:13:19,107 - crawler - INFO - Worker 4: Processing Phụ kiện (Màn hình, Chuột...) in Cần Thơ - Tây Nam Bộ (page=0, priority=0)
2026-04-07 12:13:19,482 - database - INFO - Saved 1 new crawled item IDs
2026-04-07 12:13:19,814 - crawler - INFO - Worker 1: Processing Phụ kiện (Màn hình, Chuột...) in Bình Trị Thừa Thiên Huế (page=0, priority=0)
2026-04-07 12:13:20,988 - crawler - INFO - Worker 2: Processing Điện thoại in Hà Nội (page=0, priority=238)
2026-04-07 12:13:21,012 - crawler - INFO - Worker 0: Completed route Phụ kiện (Màn hình, Chuột...) in Hải Phòng Nam Định Thái Bình in 2.62s
2026-04-07 12:13:21,013 - queue_manager - INFO - Scheduled next crawl for Phụ kiện (Màn hình, Chuột...) in Hải Phòng Nam Định Thái Bình after 1800.0s
2026-04-07 12:13:21,066 - crawler - INFO - Worker 3: Completed route Phụ kiện (Màn hình, Chuột...) in Nam Trung Bộ in 2.68s
2026-04-07 12:13:21,066 - queue_manager - INFO - Scheduled next crawl for Phụ kiện (Màn hình, Chuột...) in Nam Trung Bộ after 1800.0s
2026-04-07 12:13:21,573 - database - INFO - Saved 1 new crawled item IDs
2026-04-07 12:13:22,044 - crawler - INFO - Worker 4: Completed route Phụ kiện (Màn hình, Chuột...) in Cần Thơ - Tây Nam Bộ in 2.94s
2026-04-07 12:13:22,045 - queue_manager - INFO - Scheduled next crawl for Phụ kiện (Màn hình, Chuột...) in Cần Thơ - Tây Nam Bộ after 1800.0s
2026-04-07 12:13:22,503 - crawler - INFO - Worker 1: Completed route Phụ kiện (Màn hình, Chuột...) in Bình Trị Thừa Thiên Huế in 2.69s
2026-04-07 12:13:22,503 - queue_manager - INFO - Scheduled next crawl for Phụ kiện (Màn hình, Chuột...) in Bình Trị Thừa Thiên Huế after 1800.0s
2026-04-07 12:13:23,901 - crawler - INFO - Worker 2: Completed route Điện thoại in Hà Nội in 2.91s
2026-04-07 12:13:23,901 - queue_manager - INFO - Scheduled next crawl for Điện thoại in Hà Nội after 144.1s
2026-04-07 12:13:24,192 - crawler - INFO - Worker 0: Processing Phụ kiện (Màn hình, Chuột...) in Đông Bắc Bộ (page=0, priority=0)
2026-04-07 12:13:24,322 - crawler - INFO - Worker 3: Processing Phụ kiện (Màn hình, Chuột...) in Tây Nguyên (page=0, priority=0)
2026-04-07 12:13:25,045 - crawler - INFO - Worker 4: Processing Phụ kiện (Màn hình, Chuột...) in Tây Bắc Bộ (page=0, priority=0)
2026-04-07 12:13:25,514 - crawler - INFO - Worker 1: Processing Phụ kiện (Màn hình, Chuột...) in Thanh Nghệ Tĩnh (page=0, priority=0)
2026-04-07 12:13:26,901 - crawler - INFO - Worker 2: Processing Điện thoại in Đông Nam Bộ (page=0, priority=200)
2026-04-07 12:13:27,056 - crawler - INFO - Worker 0: Completed route Phụ kiện (Màn hình, Chuột...) in Đông Bắc Bộ in 2.86s
2026-04-07 12:13:27,056 - queue_manager - INFO - Scheduled next crawl for Phụ kiện (Màn hình, Chuột...) in Đông Bắc Bộ after 1800.0s
2026-04-07 12:13:27,197 - crawler - INFO - Worker 3: Completed route Phụ kiện (Màn hình, Chuột...) in Tây Nguyên in 2.87s
2026-04-07 12:13:27,197 - queue_manager - INFO - Scheduled next crawl for Phụ kiện (Màn hình, Chuột...) in Tây Nguyên after 1800.0s
2026-04-07 12:13:27,394 - crawler - INFO - Worker 4: Completed route Phụ kiện (Màn hình, Chuột...) in Tây Bắc Bộ in 2.35s
2026-04-07 12:13:27,395 - queue_manager - INFO - Scheduled next crawl for Phụ kiện (Màn hình, Chuột...) in Tây Bắc Bộ after 1800.0s
2026-04-07 12:13:28,325 - crawler - INFO - Worker 1: Completed route Phụ kiện (Màn hình, Chuột...) in Thanh Nghệ Tĩnh in 2.81s
2026-04-07 12:13:28,325 - queue_manager - INFO - Scheduled next crawl for Phụ kiện (Màn hình, Chuột...) in Thanh Nghệ Tĩnh after 1800.0s
2026-04-07 12:13:29,666 - crawler - INFO - Worker 2: Completed route Điện thoại in Đông Nam Bộ in 2.77s
2026-04-07 12:13:29,667 - queue_manager - INFO - Scheduled next crawl for Điện thoại in Đông Nam Bộ after 406.0s
2026-04-07 12:13:30,155 - crawler - INFO - Worker 0: Processing Phụ kiện (Màn hình, Chuột...) in Hà Nội (page=0, priority=0)
2026-04-07 12:13:30,196 - crawler - INFO - Worker 3: Processing Thiết bị đeo thông minh in Các tỉnh lân cận Hà Nội (page=0, priority=0)
2026-04-07 12:13:30,524 - database - INFO - Saved 1 new crawled item IDs
2026-04-07 12:13:31,526 - crawler - INFO - Worker 4: Processing Thiết bị đeo thông minh in Đông Nam Bộ (page=0, priority=0)
2026-04-07 12:13:33,055 - crawler - INFO - Worker 3: Completed route Thiết bị đeo thông minh in Các tỉnh lân cận Hà Nội in 2.86s
2026-04-07 12:13:33,055 - queue_manager - INFO - Scheduled next crawl for Thiết bị đeo thông minh in Các tỉnh lân cận Hà Nội after 1800.0s
2026-04-07 12:13:33,604 - crawler - INFO - Worker 0: Completed route Phụ kiện (Màn hình, Chuột...) in Hà Nội in 3.45s
2026-04-07 12:13:33,604 - queue_manager - INFO - Scheduled next crawl for Phụ kiện (Màn hình, Chuột...) in Hà Nội after 1800.0s
2026-04-07 12:13:34,339 - crawler - INFO - Worker 4: Completed route Thiết bị đeo thông minh in Đông Nam Bộ in 2.81s
2026-04-07 12:13:34,339 - queue_manager - INFO - Scheduled next crawl for Thiết bị đeo thông minh in Đông Nam Bộ after 1800.0s
2026-04-07 12:13:34,363 - crawler - INFO - Worker 1: Processing Thiết bị đeo thông minh in Quảng Nam Đà Nẵng (page=0, priority=0)
2026-04-07 12:13:34,706 - database - INFO - Saved 1 new crawled item IDs
2026-04-07 12:13:35,899 - crawler - INFO - Worker 2: Processing Thiết bị đeo thông minh in Bình Trị Thừa Thiên Huế (page=0, priority=0)
2026-04-07 12:13:36,034 - database - INFO - Saved 1 new items to database
2026-04-07 12:13:36,056 - crawler - INFO - Worker 3: Processing Thiết bị đeo thông minh in Hải Phòng Nam Định Thái Bình (page=0, priority=0)
2026-04-07 12:13:37,357 - ai_worker - INFO - Gửi 5 items lên Gemini AI (gemini-3.1-flash-lite-preview) để thẩm định...
2026-04-07 12:13:37,373 - google_genai.models - INFO - AFC is enabled with max remote calls: 10.
2026-04-07 12:13:37,405 - crawler - INFO - Worker 0: Processing Thiết bị đeo thông minh in Cần Thơ - Tây Nam Bộ (page=0, priority=0)
2026-04-07 12:13:37,506 - crawler - INFO - Worker 4: Processing Thiết bị đeo thông minh in Tây Bắc Bộ (page=0, priority=0)
2026-04-07 12:13:38,227 - crawler - INFO - Worker 4: Completed route Thiết bị đeo thông minh in Tây Bắc Bộ in 0.72s
2026-04-07 12:13:38,227 - queue_manager - INFO - Scheduled next crawl for Thiết bị đeo thông minh in Tây Bắc Bộ after 1800.0s
2026-04-07 12:13:38,364 - crawler - INFO - Worker 1: Completed route Thiết bị đeo thông minh in Quảng Nam Đà Nẵng in 4.00s
2026-04-07 12:13:38,364 - queue_manager - INFO - Scheduled next crawl for Thiết bị đeo thông minh in Quảng Nam Đà Nẵng after 1800.0s
2026-04-07 12:13:38,460 - crawler - INFO - Worker 2: Completed route Thiết bị đeo thông minh in Bình Trị Thừa Thiên Huế in 2.56s
2026-04-07 12:13:38,460 - queue_manager - INFO - Scheduled next crawl for Thiết bị đeo thông minh in Bình Trị Thừa Thiên Huế after 1800.0s
2026-04-07 12:13:38,758 - crawler - INFO - Worker 3: Completed route Thiết bị đeo thông minh in Hải Phòng Nam Định Thái Bình in 2.70s
2026-04-07 12:13:38,758 - queue_manager - INFO - Scheduled next crawl for Thiết bị đeo thông minh in Hải Phòng Nam Định Thái Bình after 1800.0s
2026-04-07 12:13:40,111 - crawler - INFO - Worker 0: Completed route Thiết bị đeo thông minh in Cần Thơ - Tây Nam Bộ in 2.70s
2026-04-07 12:13:40,112 - queue_manager - INFO - Scheduled next crawl for Thiết bị đeo thông minh in Cần Thơ - Tây Nam Bộ after 1800.0s
2026-04-07 12:13:41,625 - crawler - INFO - Worker 4: Processing Thiết bị đeo thông minh in Nam Trung Bộ (page=0, priority=0)
2026-04-07 12:13:42,799 - crawler - INFO - Worker 1: Processing Phụ kiện (Màn hình, Chuột...) in Tp Hồ Chí Minh (page=0, priority=0)
2026-04-07 12:13:42,828 - crawler - INFO - Worker 2: Processing Thiết bị đeo thông minh in Thanh Nghệ Tĩnh (page=0, priority=0)
2026-04-07 12:13:43,226 - database - INFO - Saved 3 new crawled item IDs
2026-04-07 12:13:43,264 - crawler - INFO - Worker 3: Processing Thiết bị đeo thông minh in Tây Nguyên (page=0, priority=0)
2026-04-07 12:13:44,187 - crawler - INFO - Worker 4: Completed route Thiết bị đeo thông minh in Nam Trung Bộ in 2.56s
2026-04-07 12:13:44,187 - queue_manager - INFO - Scheduled next crawl for Thiết bị đeo thông minh in Nam Trung Bộ after 1800.0s
2026-04-07 12:13:44,401 - database - INFO - Đã lọc bỏ 2 items lừa đảo/rác trong mẻ này.
2026-04-07 12:13:44,401 - database - INFO - No items passed the filtering criteria and scam check
2026-04-07 12:13:44,491 - crawler - INFO - Worker 0: Processing Thiết bị đeo thông minh in Đông Bắc Bộ (page=0, priority=0)
2026-04-07 12:13:45,349 - crawler - INFO - Worker 2: Completed route Thiết bị đeo thông minh in Thanh Nghệ Tĩnh in 2.52s
2026-04-07 12:13:45,349 - queue_manager - INFO - Scheduled next crawl for Thiết bị đeo thông minh in Thanh Nghệ Tĩnh after 1800.0s
2026-04-07 12:13:45,918 - crawler - INFO - Worker 3: Completed route Thiết bị đeo thông minh in Tây Nguyên in 2.65s
2026-04-07 12:13:45,918 - queue_manager - INFO - Scheduled next crawl for Thiết bị đeo thông minh in Tây Nguyên after 1800.0s
2026-04-07 12:13:46,859 - crawler - INFO - Worker 1: Completed route Phụ kiện (Màn hình, Chuột...) in Tp Hồ Chí Minh in 4.06s
2026-04-07 12:13:46,859 - queue_manager - INFO - Scheduled next crawl for Phụ kiện (Màn hình, Chuột...) in Tp Hồ Chí Minh after 1800.0s
2026-04-07 12:13:47,047 - crawler - INFO - Worker 0: Completed route Thiết bị đeo thông minh in Đông Bắc Bộ in 2.56s
2026-04-07 12:13:47,047 - queue_manager - INFO - Scheduled next crawl for Thiết bị đeo thông minh in Đông Bắc Bộ after 1800.0s
2026-04-07 12:13:47,279 - crawler - INFO - Worker 4: Processing Thiết bị đeo thông minh in Hà Nội (page=0, priority=0)
2026-04-07 12:13:47,663 - database - INFO - Saved 1 new crawled item IDs
2026-04-07 12:13:49,822 - crawler - INFO - Worker 2: Processing Thiết bị đeo thông minh in Tp Hồ Chí Minh (page=0, priority=0)
2026-04-07 12:13:49,992 - crawler - INFO - Worker 4: Completed route Thiết bị đeo thông minh in Hà Nội in 2.71s
2026-04-07 12:13:49,992 - queue_manager - INFO - Scheduled next crawl for Thiết bị đeo thông minh in Hà Nội after 1800.0s
2026-04-07 12:13:50,168 - database - INFO - Saved 6 new crawled item IDs
2026-04-07 12:13:50,494 - crawler - INFO - Worker 3: Processing Phụ tùng xe in Tp Hồ Chí Minh (page=0, priority=218)
2026-04-07 12:13:51,195 - database - INFO - Đã lọc bỏ 1 items lừa đảo/rác trong mẻ này.
2026-04-07 12:13:51,195 - database - INFO - No items passed the filtering criteria and scam check
2026-04-07 12:13:52,495 - httpx - INFO - HTTP Request: POST https://generativelanguage.googleapis.com/v1beta/models/gemini-3.1-flash-lite-preview:generateContent "HTTP/1.1 200 OK"
2026-04-07 12:13:52,516 - ai_worker - INFO - Đã xử lý 5 items. Tìm thấy 0 kèo thơm (type 1)!
2026-04-07 12:13:53,291 - crawler - INFO - Worker 3: Completed route Phụ tùng xe in Tp Hồ Chí Minh in 2.80s
2026-04-07 12:13:53,291 - queue_manager - INFO - Scheduled next crawl for Phụ tùng xe in Tp Hồ Chí Minh after 281.0s
2026-04-07 12:13:53,579 - crawler - INFO - Worker 2: Completed route Thiết bị đeo thông minh in Tp Hồ Chí Minh in 3.76s
2026-04-07 12:13:53,579 - queue_manager - INFO - Scheduled next crawl for Thiết bị đeo thông minh in Tp Hồ Chí Minh after 1800.0s
2026-04-07 12:13:56,769 - crawler - INFO - Worker 1: Processing Giày dép in Tp Hồ Chí Minh (page=0, priority=227)
2026-04-07 12:13:59,427 - crawler - INFO - Worker 1: Completed route Giày dép in Tp Hồ Chí Minh in 2.66s
2026-04-07 12:13:59,427 - queue_manager - INFO - Scheduled next crawl for Giày dép in Tp Hồ Chí Minh after 221.0s
2026-04-07 12:14:13,364 - crawler - INFO - Worker 4: Processing Điện thoại in Tp Hồ Chí Minh (page=0, priority=250)
2026-04-07 12:14:16,226 - crawler - INFO - Worker 4: Completed route Điện thoại in Tp Hồ Chí Minh in 2.86s
2026-04-07 12:14:16,226 - queue_manager - INFO - Scheduled next crawl for Điện thoại in Tp Hồ Chí Minh after 63.0s
2026-04-07 12:14:17,787 - crawler - INFO - Worker 3: Processing Phụ kiện thời trang khác in Tp Hồ Chí Minh (page=0, priority=245)
2026-04-07 12:14:20,522 - crawler - INFO - Worker 3: Completed route Phụ kiện thời trang khác in Tp Hồ Chí Minh in 2.73s
2026-04-07 12:14:20,522 - queue_manager - INFO - Scheduled next crawl for Phụ kiện thời trang khác in Tp Hồ Chí Minh after 98.5s
2026-04-07 12:15:03,065 - crawler - INFO - Worker 4: Processing Phụ tùng xe in Đông Nam Bộ (page=0, priority=44)
2026-04-07 12:15:03,621 - database - INFO - Saved 2 new crawled item IDs
2026-04-07 12:15:04,766 - database - INFO - Saved 1 new items to database
2026-04-07 12:15:07,179 - crawler - INFO - Worker 4: Completed route Phụ tùng xe in Đông Nam Bộ in 4.11s
2026-04-07 12:15:07,179 - queue_manager - INFO - Scheduled next crawl for Phụ tùng xe in Đông Nam Bộ after 1489.0s
2026-04-07 12:15:19,226 - crawler - INFO - Worker 4: Processing Điện thoại in Tp Hồ Chí Minh (page=0, priority=250)
2026-04-07 12:15:22,035 - crawler - INFO - Worker 4: Completed route Điện thoại in Tp Hồ Chí Minh in 2.81s
2026-04-07 12:15:22,035 - queue_manager - INFO - Scheduled next crawl for Điện thoại in Tp Hồ Chí Minh after 63.0s
2026-04-07 12:15:47,951 - crawler - INFO - Worker 0: Processing Điện thoại in Hà Nội (page=0, priority=238)
2026-04-07 12:15:48,515 - database - INFO - Saved 1 new crawled item IDs
2026-04-07 12:15:50,860 - crawler - INFO - Worker 0: Completed route Điện thoại in Hà Nội in 2.91s
2026-04-07 12:15:50,860 - queue_manager - INFO - Scheduled next crawl for Điện thoại in Hà Nội after 144.1s
2026-04-07 12:15:59,022 - crawler - INFO - Worker 4: Processing Phụ kiện thời trang khác in Tp Hồ Chí Minh (page=0, priority=245)
2026-04-07 12:16:02,921 - crawler - INFO - Worker 4: Completed route Phụ kiện thời trang khác in Tp Hồ Chí Minh in 3.90s
2026-04-07 12:16:02,921 - queue_manager - INFO - Scheduled next crawl for Phụ kiện thời trang khác in Tp Hồ Chí Minh after 98.5s
2026-04-07 12:16:07,181 - crawler - INFO - Worker 3: Processing Mẹ và bé in Tp Hồ Chí Minh (page=0, priority=205)
2026-04-07 12:16:07,709 - database - INFO - Saved 2 new crawled item IDs
2026-04-07 12:16:10,074 - crawler - INFO - Worker 3: Completed route Mẹ và bé in Tp Hồ Chí Minh in 2.89s
2026-04-07 12:16:10,074 - queue_manager - INFO - Scheduled next crawl for Mẹ và bé in Tp Hồ Chí Minh after 373.0s
2026-04-07 12:16:25,035 - crawler - INFO - Worker 0: Processing Điện thoại in Tp Hồ Chí Minh (page=0, priority=250)
2026-04-07 12:16:25,920 - database - INFO - Saved 2 new crawled item IDs
2026-04-07 12:16:28,312 - crawler - INFO - Worker 0: Completed route Điện thoại in Tp Hồ Chí Minh in 3.28s
2026-04-07 12:16:28,313 - queue_manager - INFO - Scheduled next crawl for Điện thoại in Tp Hồ Chí Minh after 63.0s
2026-04-07 12:16:56,374 - crawler - INFO - Worker 3: Processing Điện thoại in Tây Nguyên (page=0, priority=0)
2026-04-07 12:16:56,914 - database - INFO - Saved 1 new crawled item IDs
2026-04-07 12:16:59,406 - crawler - INFO - Worker 3: Completed route Điện thoại in Tây Nguyên in 3.03s
2026-04-07 12:16:59,406 - queue_manager - INFO - Scheduled next crawl for Điện thoại in Tây Nguyên after 1847.0s
2026-04-07 12:17:31,312 - crawler - INFO - Worker 0: Processing Điện thoại in Tp Hồ Chí Minh (page=0, priority=250)
2026-04-07 12:17:31,893 - database - INFO - Saved 1 new crawled item IDs
2026-04-07 12:17:34,217 - crawler - INFO - Worker 0: Completed route Điện thoại in Tp Hồ Chí Minh in 2.90s
2026-04-07 12:17:34,217 - queue_manager - INFO - Scheduled next crawl for Điện thoại in Tp Hồ Chí Minh after 63.0s
2026-04-07 12:17:40,427 - crawler - INFO - Worker 2: Processing Giày dép in Tp Hồ Chí Minh (page=0, priority=227)
2026-04-07 12:17:40,834 - database - INFO - Saved 2 new crawled item IDs
2026-04-07 12:17:41,422 - crawler - INFO - Worker 0: Processing Phụ kiện thời trang khác in Tp Hồ Chí Minh (page=0, priority=245)
2026-04-07 12:17:41,992 - database - INFO - Saved 1 new items to database
2026-04-07 12:17:44,087 - crawler - INFO - Worker 0: Completed route Phụ kiện thời trang khác in Tp Hồ Chí Minh in 2.67s
2026-04-07 12:17:44,088 - queue_manager - INFO - Scheduled next crawl for Phụ kiện thời trang khác in Tp Hồ Chí Minh after 98.5s
2026-04-07 12:17:44,478 - crawler - INFO - Worker 2: Completed route Giày dép in Tp Hồ Chí Minh in 4.05s
2026-04-07 12:17:44,479 - queue_manager - INFO - Scheduled next crawl for Giày dép in Tp Hồ Chí Minh after 221.0s
2026-04-07 12:17:48,289 - crawler - INFO - Worker 3: Processing Đồ thể thao, Dã ngoại in Tp Hồ Chí Minh (page=0, priority=207)
2026-04-07 12:17:51,038 - crawler - INFO - Worker 3: Completed route Đồ thể thao, Dã ngoại in Tp Hồ Chí Minh in 2.75s
2026-04-07 12:17:51,038 - queue_manager - INFO - Scheduled next crawl for Đồ thể thao, Dã ngoại in Tp Hồ Chí Minh after 360.0s
2026-04-07 12:18:14,910 - crawler - INFO - Worker 4: Processing Điện thoại in Hà Nội (page=0, priority=238)
2026-04-07 12:18:15,410 - database - INFO - Saved 2 new crawled item IDs
2026-04-07 12:18:17,126 - crawler - INFO - Worker 0: Processing Điện thoại in Quảng Nam Đà Nẵng (page=0, priority=211)
2026-04-07 12:18:18,177 - crawler - INFO - Worker 4: Completed route Điện thoại in Hà Nội in 3.27s
2026-04-07 12:18:18,177 - queue_manager - INFO - Scheduled next crawl for Điện thoại in Hà Nội after 144.1s
2026-04-07 12:18:20,065 - crawler - INFO - Worker 0: Completed route Điện thoại in Quảng Nam Đà Nẵng in 2.94s
2026-04-07 12:18:20,065 - queue_manager - INFO - Scheduled next crawl for Điện thoại in Quảng Nam Đà Nẵng after 330.0s
2026-04-07 12:18:26,067 - crawler - INFO - Worker 3: Processing Điện thoại in Cần Thơ - Tây Nam Bộ (page=0, priority=174)
2026-04-07 12:18:28,899 - crawler - INFO - Worker 3: Completed route Điện thoại in Cần Thơ - Tây Nam Bộ in 2.83s
2026-04-07 12:18:28,899 - queue_manager - INFO - Scheduled next crawl for Điện thoại in Cần Thơ - Tây Nam Bộ after 586.0s
2026-04-07 12:18:34,292 - crawler - INFO - Worker 1: Processing Phụ tùng xe in Tp Hồ Chí Minh (page=0, priority=218)
2026-04-07 12:18:37,020 - crawler - INFO - Worker 1: Completed route Phụ tùng xe in Tp Hồ Chí Minh in 2.73s
2026-04-07 12:18:37,020 - queue_manager - INFO - Scheduled next crawl for Phụ tùng xe in Tp Hồ Chí Minh after 281.0s
2026-04-07 12:18:37,218 - crawler - INFO - Worker 3: Processing Điện thoại in Tp Hồ Chí Minh (page=0, priority=250)
2026-04-07 12:18:37,610 - database - INFO - Saved 1 new crawled item IDs
2026-04-07 12:18:39,959 - crawler - INFO - Worker 3: Completed route Điện thoại in Tp Hồ Chí Minh in 2.74s
2026-04-07 12:18:39,959 - queue_manager - INFO - Scheduled next crawl for Điện thoại in Tp Hồ Chí Minh after 63.0s
2026-04-07 12:19:22,588 - crawler - INFO - Worker 1: Processing Phụ kiện thời trang khác in Tp Hồ Chí Minh (page=0, priority=245)
2026-04-07 12:19:25,651 - crawler - INFO - Worker 1: Completed route Phụ kiện thời trang khác in Tp Hồ Chí Minh in 3.06s
2026-04-07 12:19:25,651 - queue_manager - INFO - Scheduled next crawl for Phụ kiện thời trang khác in Tp Hồ Chí Minh after 98.5s
2026-04-07 12:19:42,959 - crawler - INFO - Worker 4: Processing Điện thoại in Tp Hồ Chí Minh (page=0, priority=250)
2026-04-07 12:19:45,826 - crawler - INFO - Worker 4: Completed route Điện thoại in Tp Hồ Chí Minh in 2.87s
2026-04-07 12:19:45,826 - queue_manager - INFO - Scheduled next crawl for Điện thoại in Tp Hồ Chí Minh after 63.0s
2026-04-07 12:20:15,667 - crawler - INFO - Worker 3: Processing Điện thoại in Đông Nam Bộ (page=0, priority=200)
2026-04-07 12:20:21,251 - database - INFO - Saved 1 new crawled item IDs
2026-04-07 12:20:22,488 - database - INFO - Saved 1 new items to database
2026-04-07 12:20:24,866 - crawler - INFO - Worker 3: Completed route Điện thoại in Đông Nam Bộ in 9.20s
2026-04-07 12:20:24,866 - queue_manager - INFO - Scheduled next crawl for Điện thoại in Đông Nam Bộ after 406.0s
2026-04-07 12:20:42,226 - crawler - INFO - Worker 0: Processing Điện thoại in Hà Nội (page=0, priority=238)
2026-04-07 12:20:42,758 - database - INFO - Saved 3 new crawled item IDs
2026-04-07 12:20:45,222 - crawler - INFO - Worker 0: Completed route Điện thoại in Hà Nội in 3.00s
2026-04-07 12:20:45,222 - queue_manager - INFO - Scheduled next crawl for Điện thoại in Hà Nội after 144.1s
2026-04-07 12:20:48,826 - crawler - INFO - Worker 3: Processing Điện thoại in Tp Hồ Chí Minh (page=0, priority=250)
2026-04-07 12:20:51,656 - crawler - INFO - Worker 3: Completed route Điện thoại in Tp Hồ Chí Minh in 2.83s
2026-04-07 12:20:51,656 - queue_manager - INFO - Scheduled next crawl for Điện thoại in Tp Hồ Chí Minh after 63.0s
2026-04-07 12:21:04,151 - crawler - INFO - Worker 3: Processing Phụ kiện thời trang khác in Tp Hồ Chí Minh (page=0, priority=245)
2026-04-07 12:21:04,878 - crawler - INFO - Worker 2: Processing Điện thoại in Hải Phòng Nam Định Thái Bình (page=0, priority=71)
2026-04-07 12:21:06,820 - crawler - INFO - Worker 3: Completed route Phụ kiện thời trang khác in Tp Hồ Chí Minh in 2.67s
2026-04-07 12:21:06,821 - queue_manager - INFO - Scheduled next crawl for Phụ kiện thời trang khác in Tp Hồ Chí Minh after 98.5s
2026-04-07 12:21:07,641 - crawler - INFO - Worker 2: Completed route Điện thoại in Hải Phòng Nam Định Thái Bình in 2.76s
2026-04-07 12:21:07,641 - queue_manager - INFO - Scheduled next crawl for Điện thoại in Hải Phòng Nam Định Thái Bình after 1301.0s
2026-04-07 12:21:25,479 - crawler - INFO - Worker 1: Processing Giày dép in Tp Hồ Chí Minh (page=0, priority=227)
2026-04-07 12:21:25,966 - database - INFO - Saved 3 new crawled item IDs
2026-04-07 12:21:28,338 - crawler - INFO - Worker 1: Completed route Giày dép in Tp Hồ Chí Minh in 2.86s
2026-04-07 12:21:28,338 - queue_manager - INFO - Scheduled next crawl for Giày dép in Tp Hồ Chí Minh after 221.0s
2026-04-07 12:21:54,657 - crawler - INFO - Worker 3: Processing Điện thoại in Tp Hồ Chí Minh (page=0, priority=250)
2026-04-07 12:21:55,296 - database - INFO - Saved 1 new crawled item IDs
2026-04-07 12:21:57,714 - crawler - INFO - Worker 3: Completed route Điện thoại in Tp Hồ Chí Minh in 3.06s
2026-04-07 12:21:57,729 - queue_manager - INFO - Scheduled next crawl for Điện thoại in Tp Hồ Chí Minh after 63.0s
2026-04-07 12:22:23,075 - crawler - INFO - Worker 1: Processing Mẹ và bé in Tp Hồ Chí Minh (page=0, priority=205)
2026-04-07 12:22:25,977 - crawler - INFO - Worker 1: Completed route Mẹ và bé in Tp Hồ Chí Minh in 2.90s
2026-04-07 12:22:25,977 - queue_manager - INFO - Scheduled next crawl for Mẹ và bé in Tp Hồ Chí Minh after 373.0s
2026-04-07 12:22:45,321 - crawler - INFO - Worker 0: Processing Phụ kiện thời trang khác in Tp Hồ Chí Minh (page=0, priority=245)
2026-04-07 12:22:48,205 - crawler - INFO - Worker 0: Completed route Phụ kiện thời trang khác in Tp Hồ Chí Minh in 2.88s
2026-04-07 12:22:48,205 - queue_manager - INFO - Scheduled next crawl for Phụ kiện thời trang khác in Tp Hồ Chí Minh after 98.5s
2026-04-07 12:23:00,730 - crawler - INFO - Worker 0: Processing Điện thoại in Tp Hồ Chí Minh (page=0, priority=250)
2026-04-07 12:23:01,102 - database - INFO - Saved 1 new crawled item IDs
2026-04-07 12:23:03,231 - crawler - INFO - Worker 2: Processing Thiết bị chơi game in Tp Hồ Chí Minh (page=0, priority=0)
2026-04-07 12:23:03,464 - crawler - INFO - Worker 0: Completed route Điện thoại in Tp Hồ Chí Minh in 2.73s
2026-04-07 12:23:03,465 - queue_manager - INFO - Scheduled next crawl for Điện thoại in Tp Hồ Chí Minh after 63.0s
2026-04-07 12:23:03,782 - database - INFO - Saved 1 new crawled item IDs
2026-04-07 12:23:06,218 - crawler - INFO - Worker 2: Completed route Thiết bị chơi game in Tp Hồ Chí Minh in 2.99s
2026-04-07 12:23:06,218 - queue_manager - INFO - Scheduled next crawl for Thiết bị chơi game in Tp Hồ Chí Minh after 1938.5s
2026-04-07 12:23:09,273 - crawler - INFO - Worker 3: Processing Điện thoại in Hà Nội (page=0, priority=238)
2026-04-07 12:23:09,904 - database - INFO - Saved 1 new crawled item IDs
2026-04-07 12:23:12,260 - crawler - INFO - Worker 3: Completed route Điện thoại in Hà Nội in 2.99s
2026-04-07 12:23:12,260 - queue_manager - INFO - Scheduled next crawl for Điện thoại in Hà Nội after 144.1s
2026-04-07 12:23:18,020 - crawler - INFO - Worker 2: Processing Phụ tùng xe in Tp Hồ Chí Minh (page=0, priority=218)
2026-04-07 12:23:18,394 - database - INFO - Saved 1 new crawled item IDs
2026-04-07 12:23:20,847 - crawler - INFO - Worker 2: Completed route Phụ tùng xe in Tp Hồ Chí Minh in 2.83s
2026-04-07 12:23:20,847 - queue_manager - INFO - Scheduled next crawl for Phụ tùng xe in Tp Hồ Chí Minh after 281.0s
2026-04-07 12:23:50,066 - crawler - INFO - Worker 1: Processing Điện thoại in Quảng Nam Đà Nẵng (page=0, priority=211)
2026-04-07 12:23:51,039 - crawler - INFO - Worker 0: Processing Đồ thể thao, Dã ngoại in Tp Hồ Chí Minh (page=0, priority=207)
2026-04-07 12:23:53,031 - crawler - INFO - Worker 1: Completed route Điện thoại in Quảng Nam Đà Nẵng in 2.97s
2026-04-07 12:23:53,031 - queue_manager - INFO - Scheduled next crawl for Điện thoại in Quảng Nam Đà Nẵng after 330.0s
2026-04-07 12:23:53,838 - crawler - INFO - Worker 0: Completed route Đồ thể thao, Dã ngoại in Tp Hồ Chí Minh in 2.80s
2026-04-07 12:23:53,838 - queue_manager - INFO - Scheduled next crawl for Đồ thể thao, Dã ngoại in Tp Hồ Chí Minh after 360.0s
2026-04-07 12:24:06,465 - crawler - INFO - Worker 0: Processing Điện thoại in Tp Hồ Chí Minh (page=0, priority=250)
2026-04-07 12:24:09,397 - crawler - INFO - Worker 0: Completed route Điện thoại in Tp Hồ Chí Minh in 2.93s
2026-04-07 12:24:09,397 - queue_manager - INFO - Scheduled next crawl for Điện thoại in Tp Hồ Chí Minh after 63.0s
2026-04-07 12:24:26,706 - crawler - INFO - Worker 1: Processing Phụ kiện thời trang khác in Tp Hồ Chí Minh (page=0, priority=245)
2026-04-07 12:24:29,617 - crawler - INFO - Worker 1: Completed route Phụ kiện thời trang khác in Tp Hồ Chí Minh in 2.91s
2026-04-07 12:24:29,617 - queue_manager - INFO - Scheduled next crawl for Phụ kiện thời trang khác in Tp Hồ Chí Minh after 98.5s
2026-04-07 12:25:09,338 - crawler - INFO - Worker 2: Processing Giày dép in Tp Hồ Chí Minh (page=0, priority=227)
2026-04-07 12:25:12,397 - crawler - INFO - Worker 3: Processing Điện thoại in Tp Hồ Chí Minh (page=0, priority=250)
2026-04-07 12:25:13,123 - crawler - INFO - Worker 2: Completed route Giày dép in Tp Hồ Chí Minh in 3.79s
2026-04-07 12:25:13,123 - queue_manager - INFO - Scheduled next crawl for Giày dép in Tp Hồ Chí Minh after 221.0s
2026-04-07 12:25:15,327 - crawler - INFO - Worker 3: Completed route Điện thoại in Tp Hồ Chí Minh in 2.93s
2026-04-07 12:25:15,327 - queue_manager - INFO - Scheduled next crawl for Điện thoại in Tp Hồ Chí Minh after 63.0s
2026-04-07 12:25:36,311 - crawler - INFO - Worker 2: Processing Điện thoại in Hà Nội (page=0, priority=238)
2026-04-07 12:25:39,132 - crawler - INFO - Worker 2: Completed route Điện thoại in Hà Nội in 2.82s
2026-04-07 12:25:39,132 - queue_manager - INFO - Scheduled next crawl for Điện thoại in Hà Nội after 144.1s
2026-04-07 12:25:40,914 - crawler - INFO - Worker 1: Processing Điện thoại in Nam Trung Bộ (page=0, priority=0)
2026-04-07 12:25:43,708 - crawler - INFO - Worker 1: Completed route Điện thoại in Nam Trung Bộ in 2.79s
2026-04-07 12:25:43,708 - queue_manager - INFO - Scheduled next crawl for Điện thoại in Nam Trung Bộ after 1977.5s
2026-04-07 12:26:08,118 - crawler - INFO - Worker 1: Processing Phụ kiện thời trang khác in Tp Hồ Chí Minh (page=0, priority=245)
2026-04-07 12:26:12,067 - crawler - INFO - Worker 1: Completed route Phụ kiện thời trang khác in Tp Hồ Chí Minh in 3.95s
2026-04-07 12:26:12,067 - queue_manager - INFO - Scheduled next crawl for Phụ kiện thời trang khác in Tp Hồ Chí Minh after 98.5s
2026-04-07 12:26:18,327 - crawler - INFO - Worker 0: Processing Điện thoại in Tp Hồ Chí Minh (page=0, priority=250)
2026-04-07 12:26:21,083 - crawler - INFO - Worker 0: Completed route Điện thoại in Tp Hồ Chí Minh in 2.76s
2026-04-07 12:26:21,083 - queue_manager - INFO - Scheduled next crawl for Điện thoại in Tp Hồ Chí Minh after 63.0s
2026-04-07 12:27:10,867 - crawler - INFO - Worker 1: Processing Điện thoại in Đông Nam Bộ (page=0, priority=200)
2026-04-07 12:27:14,030 - crawler - INFO - Worker 1: Completed route Điện thoại in Đông Nam Bộ in 3.16s
2026-04-07 12:27:14,031 - queue_manager - INFO - Scheduled next crawl for Điện thoại in Đông Nam Bộ after 406.0s
2026-04-07 12:27:24,083 - crawler - INFO - Worker 1: Processing Điện thoại in Tp Hồ Chí Minh (page=0, priority=250)
2026-04-07 12:27:26,922 - crawler - INFO - Worker 1: Completed route Điện thoại in Tp Hồ Chí Minh in 2.84s
2026-04-07 12:27:26,922 - queue_manager - INFO - Scheduled next crawl for Điện thoại in Tp Hồ Chí Minh after 63.0s
2026-04-07 12:27:50,568 - crawler - INFO - Worker 1: Processing Phụ kiện thời trang khác in Tp Hồ Chí Minh (page=0, priority=245)
2026-04-07 12:27:53,564 - crawler - INFO - Worker 1: Completed route Phụ kiện thời trang khác in Tp Hồ Chí Minh in 3.00s
2026-04-07 12:27:53,564 - queue_manager - INFO - Scheduled next crawl for Phụ kiện thời trang khác in Tp Hồ Chí Minh after 98.5s
2026-04-07 12:28:01,848 - crawler - INFO - Worker 2: Processing Phụ tùng xe in Tp Hồ Chí Minh (page=0, priority=218)
2026-04-07 12:28:02,236 - database - INFO - Saved 1 new crawled item IDs
2026-04-07 12:28:03,183 - crawler - INFO - Worker 3: Processing Điện thoại in Hà Nội (page=0, priority=238)
2026-04-07 12:28:03,417 - database - INFO - Saved 1 new items to database
2026-04-07 12:28:05,839 - crawler - INFO - Worker 2: Completed route Phụ tùng xe in Tp Hồ Chí Minh in 3.99s
2026-04-07 12:28:05,839 - queue_manager - INFO - Scheduled next crawl for Phụ tùng xe in Tp Hồ Chí Minh after 281.0s
2026-04-07 12:28:06,452 - crawler - INFO - Worker 3: Completed route Điện thoại in Hà Nội in 3.27s
2026-04-07 12:28:06,453 - queue_manager - INFO - Scheduled next crawl for Điện thoại in Hà Nội after 144.1s
2026-04-07 12:28:14,899 - crawler - INFO - Worker 1: Processing Điện thoại in Cần Thơ - Tây Nam Bộ (page=0, priority=174)
2026-04-07 12:28:15,361 - database - INFO - Saved 1 new crawled item IDs
2026-04-07 12:28:17,819 - crawler - INFO - Worker 1: Completed route Điện thoại in Cần Thơ - Tây Nam Bộ in 2.92s
2026-04-07 12:28:17,819 - queue_manager - INFO - Scheduled next crawl for Điện thoại in Cần Thơ - Tây Nam Bộ after 586.0s
2026-04-07 12:28:29,922 - crawler - INFO - Worker 1: Processing Điện thoại in Tp Hồ Chí Minh (page=0, priority=250)
2026-04-07 12:28:32,734 - crawler - INFO - Worker 1: Completed route Điện thoại in Tp Hồ Chí Minh in 2.81s
2026-04-07 12:28:32,734 - queue_manager - INFO - Scheduled next crawl for Điện thoại in Tp Hồ Chí Minh after 63.0s
2026-04-07 12:28:32,850 - crawler - INFO - Worker 0: Processing Điện thoại in Bình Trị Thừa Thiên Huế (page=0, priority=0)
2026-04-07 12:28:35,623 - crawler - INFO - Worker 0: Completed route Điện thoại in Bình Trị Thừa Thiên Huế in 2.77s
2026-04-07 12:28:35,623 - queue_manager - INFO - Scheduled next crawl for Điện thoại in Bình Trị Thừa Thiên Huế after 2694.0s
2026-04-07 12:28:38,978 - crawler - INFO - Worker 2: Processing Mẹ và bé in Tp Hồ Chí Minh (page=0, priority=205)
2026-04-07 12:28:39,383 - database - INFO - Saved 1 new crawled item IDs
2026-04-07 12:28:41,685 - crawler - INFO - Worker 2: Completed route Mẹ và bé in Tp Hồ Chí Minh in 2.71s
2026-04-07 12:28:41,685 - queue_manager - INFO - Scheduled next crawl for Mẹ và bé in Tp Hồ Chí Minh after 373.0s
2026-04-07 12:28:54,124 - crawler - INFO - Worker 2: Processing Giày dép in Tp Hồ Chí Minh (page=0, priority=227)
2026-04-07 12:28:56,831 - crawler - INFO - Worker 2: Completed route Giày dép in Tp Hồ Chí Minh in 2.71s
2026-04-07 12:28:56,831 - queue_manager - INFO - Scheduled next crawl for Giày dép in Tp Hồ Chí Minh after 221.0s
2026-04-07 12:29:23,032 - crawler - INFO - Worker 0: Processing Điện thoại in Quảng Nam Đà Nẵng (page=0, priority=211)
2026-04-07 12:29:26,010 - crawler - INFO - Worker 0: Completed route Điện thoại in Quảng Nam Đà Nẵng in 2.98s
2026-04-07 12:29:26,010 - queue_manager - INFO - Scheduled next crawl for Điện thoại in Quảng Nam Đà Nẵng after 330.0s
2026-04-07 12:29:32,065 - crawler - INFO - Worker 1: Processing Phụ kiện thời trang khác in Tp Hồ Chí Minh (page=0, priority=245)
2026-04-07 12:29:34,813 - crawler - INFO - Worker 1: Completed route Phụ kiện thời trang khác in Tp Hồ Chí Minh in 2.75s
2026-04-07 12:29:34,814 - queue_manager - INFO - Scheduled next crawl for Phụ kiện thời trang khác in Tp Hồ Chí Minh after 98.5s
2026-04-07 12:29:35,734 - crawler - INFO - Worker 0: Processing Điện thoại in Tp Hồ Chí Minh (page=0, priority=250)
2026-04-07 12:29:36,084 - database - INFO - Saved 1 new crawled item IDs
2026-04-07 12:29:38,427 - crawler - INFO - Worker 0: Completed route Điện thoại in Tp Hồ Chí Minh in 2.69s
2026-04-07 12:29:38,427 - queue_manager - INFO - Scheduled next crawl for Điện thoại in Tp Hồ Chí Minh after 63.0s
2026-04-07 12:29:53,838 - crawler - INFO - Worker 3: Processing Đồ thể thao, Dã ngoại in Tp Hồ Chí Minh (page=0, priority=207)
2026-04-07 12:29:54,342 - database - INFO - Saved 1 new crawled item IDs
2026-04-07 12:29:55,508 - database - INFO - Đã lọc bỏ 1 items lừa đảo/rác trong mẻ này.
2026-04-07 12:29:55,508 - database - INFO - No items passed the filtering criteria and scam check
2026-04-07 12:29:57,863 - crawler - INFO - Worker 3: Completed route Đồ thể thao, Dã ngoại in Tp Hồ Chí Minh in 4.02s
2026-04-07 12:29:57,863 - queue_manager - INFO - Scheduled next crawl for Đồ thể thao, Dã ngoại in Tp Hồ Chí Minh after 360.0s
2026-04-07 12:30:30,502 - crawler - INFO - Worker 2: Processing Điện thoại in Hà Nội (page=0, priority=238)
2026-04-07 12:30:30,984 - database - INFO - Saved 1 new crawled item IDs
2026-04-07 12:30:33,373 - crawler - INFO - Worker 2: Completed route Điện thoại in Hà Nội in 2.87s
2026-04-07 12:30:33,373 - queue_manager - INFO - Scheduled next crawl for Điện thoại in Hà Nội after 144.1s
2026-04-07 12:30:41,428 - crawler - INFO - Worker 0: Processing Điện thoại in Tp Hồ Chí Minh (page=0, priority=250)
2026-04-07 12:30:41,846 - database - INFO - Saved 2 new crawled item IDs
2026-04-07 12:30:44,206 - crawler - INFO - Worker 0: Completed route Điện thoại in Tp Hồ Chí Minh in 2.78s
2026-04-07 12:30:44,207 - queue_manager - INFO - Scheduled next crawl for Điện thoại in Tp Hồ Chí Minh after 63.0s
2026-04-07 12:31:13,314 - crawler - INFO - Worker 0: Processing Phụ kiện thời trang khác in Tp Hồ Chí Minh (page=0, priority=245)
2026-04-07 12:31:16,297 - crawler - INFO - Worker 0: Completed route Phụ kiện thời trang khác in Tp Hồ Chí Minh in 2.98s
2026-04-07 12:31:16,298 - queue_manager - INFO - Scheduled next crawl for Phụ kiện thời trang khác in Tp Hồ Chí Minh after 98.5s
2026-04-07 12:31:47,207 - crawler - INFO - Worker 1: Processing Điện thoại in Tp Hồ Chí Minh (page=0, priority=250)
2026-04-07 12:31:47,741 - database - INFO - Saved 1 new crawled item IDs
2026-04-07 12:31:50,047 - crawler - INFO - Worker 1: Completed route Điện thoại in Tp Hồ Chí Minh in 2.84s
2026-04-07 12:31:50,047 - queue_manager - INFO - Scheduled next crawl for Điện thoại in Tp Hồ Chí Minh after 63.0s
2026-04-07 12:32:37,831 - crawler - INFO - Worker 1: Processing Giày dép in Tp Hồ Chí Minh (page=0, priority=227)
2026-04-07 12:32:38,330 - database - INFO - Saved 1 new crawled item IDs
2026-04-07 12:32:41,595 - crawler - INFO - Worker 1: Completed route Giày dép in Tp Hồ Chí Minh in 3.76s
2026-04-07 12:32:41,595 - queue_manager - INFO - Scheduled next crawl for Giày dép in Tp Hồ Chí Minh after 221.0s
2026-04-07 12:32:46,839 - crawler - INFO - Worker 4: Processing Phụ tùng xe in Tp Hồ Chí Minh (page=0, priority=218)
2026-04-07 12:32:49,480 - crawler - INFO - Worker 4: Completed route Phụ tùng xe in Tp Hồ Chí Minh in 2.64s
2026-04-07 12:32:49,480 - queue_manager - INFO - Scheduled next crawl for Phụ tùng xe in Tp Hồ Chí Minh after 281.0s
2026-04-07 12:32:53,048 - crawler - INFO - Worker 0: Processing Điện thoại in Tp Hồ Chí Minh (page=0, priority=250)
2026-04-07 12:32:54,798 - crawler - INFO - Worker 2: Processing Phụ kiện thời trang khác in Tp Hồ Chí Minh (page=0, priority=245)
2026-04-07 12:32:55,147 - database - INFO - Saved 1 new crawled item IDs
2026-04-07 12:32:55,828 - crawler - INFO - Worker 0: Completed route Điện thoại in Tp Hồ Chí Minh in 2.78s
2026-04-07 12:32:55,828 - queue_manager - INFO - Scheduled next crawl for Điện thoại in Tp Hồ Chí Minh after 63.0s
2026-04-07 12:32:57,424 - crawler - INFO - Worker 3: Processing Điện thoại in Hà Nội (page=0, priority=238)
2026-04-07 12:32:57,452 - crawler - INFO - Worker 2: Completed route Phụ kiện thời trang khác in Tp Hồ Chí Minh in 2.65s
2026-04-07 12:32:57,452 - queue_manager - INFO - Scheduled next crawl for Phụ kiện thời trang khác in Tp Hồ Chí Minh after 98.5s
2026-04-07 12:33:00,312 - crawler - INFO - Worker 3: Completed route Điện thoại in Hà Nội in 2.89s
2026-04-07 12:33:00,312 - queue_manager - INFO - Scheduled next crawl for Điện thoại in Hà Nội after 144.1s
2026-04-07 12:33:58,828 - crawler - INFO - Worker 3: Processing Điện thoại in Tp Hồ Chí Minh (page=0, priority=250)
2026-04-07 12:34:00,031 - crawler - INFO - Worker 4: Processing Điện thoại in Đông Nam Bộ (page=0, priority=200)
2026-04-07 12:34:00,363 - database - INFO - Saved 1 new crawled item IDs
2026-04-07 12:34:01,671 - crawler - INFO - Worker 3: Completed route Điện thoại in Tp Hồ Chí Minh in 2.84s
2026-04-07 12:34:01,671 - queue_manager - INFO - Scheduled next crawl for Điện thoại in Tp Hồ Chí Minh after 63.0s
2026-04-07 12:34:02,799 - crawler - INFO - Worker 4: Completed route Điện thoại in Đông Nam Bộ in 2.77s
2026-04-07 12:34:02,799 - queue_manager - INFO - Scheduled next crawl for Điện thoại in Đông Nam Bộ after 406.0s
2026-04-07 12:34:35,953 - crawler - INFO - Worker 3: Processing Phụ kiện thời trang khác in Tp Hồ Chí Minh (page=0, priority=245)
2026-04-07 12:34:38,826 - crawler - INFO - Worker 3: Completed route Phụ kiện thời trang khác in Tp Hồ Chí Minh in 2.87s
2026-04-07 12:34:38,826 - queue_manager - INFO - Scheduled next crawl for Phụ kiện thời trang khác in Tp Hồ Chí Minh after 98.5s
2026-04-07 12:34:54,686 - crawler - INFO - Worker 0: Processing Mẹ và bé in Tp Hồ Chí Minh (page=0, priority=205)
2026-04-07 12:34:56,011 - crawler - INFO - Worker 2: Processing Điện thoại in Quảng Nam Đà Nẵng (page=0, priority=211)
2026-04-07 12:34:57,456 - crawler - INFO - Worker 0: Completed route Mẹ và bé in Tp Hồ Chí Minh in 2.77s
2026-04-07 12:34:57,456 - queue_manager - INFO - Scheduled next crawl for Mẹ và bé in Tp Hồ Chí Minh after 373.0s
2026-04-07 12:34:58,666 - crawler - INFO - Worker 2: Completed route Điện thoại in Quảng Nam Đà Nẵng in 2.66s
2026-04-07 12:34:58,666 - queue_manager - INFO - Scheduled next crawl for Điện thoại in Quảng Nam Đà Nẵng after 330.0s
2026-04-07 12:35:04,672 - crawler - INFO - Worker 1: Processing Điện thoại in Tp Hồ Chí Minh (page=0, priority=250)
2026-04-07 12:35:07,531 - crawler - INFO - Worker 1: Completed route Điện thoại in Tp Hồ Chí Minh in 2.86s
2026-04-07 12:35:07,532 - queue_manager - INFO - Scheduled next crawl for Điện thoại in Tp Hồ Chí Minh after 63.0s
2026-04-07 12:35:24,363 - crawler - INFO - Worker 4: Processing Điện thoại in Hà Nội (page=0, priority=238)
2026-04-07 12:35:25,053 - database - INFO - Saved 1 new crawled item IDs
2026-04-07 12:35:27,483 - crawler - INFO - Worker 4: Completed route Điện thoại in Hà Nội in 3.12s
2026-04-07 12:35:27,483 - queue_manager - INFO - Scheduled next crawl for Điện thoại in Hà Nội after 144.1s
2026-04-07 12:35:57,864 - crawler - INFO - Worker 0: Processing Đồ thể thao, Dã ngoại in Tp Hồ Chí Minh (page=0, priority=207)
2026-04-07 12:36:00,718 - crawler - INFO - Worker 0: Completed route Đồ thể thao, Dã ngoại in Tp Hồ Chí Minh in 2.85s
2026-04-07 12:36:00,719 - queue_manager - INFO - Scheduled next crawl for Đồ thể thao, Dã ngoại in Tp Hồ Chí Minh after 360.0s
2026-04-07 12:36:10,532 - crawler - INFO - Worker 2: Processing Điện thoại in Tp Hồ Chí Minh (page=0, priority=250)
2026-04-07 12:36:10,953 - database - INFO - Saved 1 new crawled item IDs
2026-04-07 12:36:12,284 - crawler - INFO - Worker 0: Processing Đồ thể thao, Dã ngoại in Hà Nội (page=0, priority=8)
2026-04-07 12:36:13,275 - database - INFO - Saved 1 new crawled item IDs
2026-04-07 12:36:13,461 - crawler - INFO - Worker 2: Completed route Điện thoại in Tp Hồ Chí Minh in 2.93s
2026-04-07 12:36:13,461 - queue_manager - INFO - Scheduled next crawl for Điện thoại in Tp Hồ Chí Minh after 63.0s
2026-04-07 12:36:15,715 - crawler - INFO - Worker 0: Completed route Đồ thể thao, Dã ngoại in Hà Nội in 3.43s
2026-04-07 12:36:15,715 - queue_manager - INFO - Scheduled next crawl for Đồ thể thao, Dã ngoại in Hà Nội after 1742.8s
2026-04-07 12:36:17,327 - crawler - INFO - Worker 1: Processing Phụ kiện thời trang khác in Tp Hồ Chí Minh (page=0, priority=245)
2026-04-07 12:36:20,037 - crawler - INFO - Worker 1: Completed route Phụ kiện thời trang khác in Tp Hồ Chí Minh in 2.71s
2026-04-07 12:36:20,038 - queue_manager - INFO - Scheduled next crawl for Phụ kiện thời trang khác in Tp Hồ Chí Minh after 98.5s
2026-04-07 12:36:22,595 - crawler - INFO - Worker 2: Processing Giày dép in Tp Hồ Chí Minh (page=0, priority=227)
2026-04-07 12:36:25,383 - crawler - INFO - Worker 2: Completed route Giày dép in Tp Hồ Chí Minh in 2.79s
2026-04-07 12:36:25,384 - queue_manager - INFO - Scheduled next crawl for Giày dép in Tp Hồ Chí Minh after 221.0s
2026-04-07 12:37:16,462 - crawler - INFO - Worker 4: Processing Điện thoại in Tp Hồ Chí Minh (page=0, priority=250)
2026-04-07 12:37:19,305 - crawler - INFO - Worker 4: Completed route Điện thoại in Tp Hồ Chí Minh in 2.84s
2026-04-07 12:37:19,305 - queue_manager - INFO - Scheduled next crawl for Điện thoại in Tp Hồ Chí Minh after 63.0s
2026-04-07 12:37:30,481 - crawler - INFO - Worker 4: Processing Phụ tùng xe in Tp Hồ Chí Minh (page=0, priority=218)
2026-04-07 12:37:33,334 - crawler - INFO - Worker 4: Completed route Phụ tùng xe in Tp Hồ Chí Minh in 2.85s
2026-04-07 12:37:33,334 - queue_manager - INFO - Scheduled next crawl for Phụ tùng xe in Tp Hồ Chí Minh after 281.0s
2026-04-07 12:37:51,533 - crawler - INFO - Worker 3: Processing Điện thoại in Hà Nội (page=0, priority=238)
2026-04-07 12:37:54,461 - crawler - INFO - Worker 3: Completed route Điện thoại in Hà Nội in 2.92s
2026-04-07 12:37:54,461 - queue_manager - INFO - Scheduled next crawl for Điện thoại in Hà Nội after 144.1s
2026-04-07 12:37:58,538 - crawler - INFO - Worker 2: Processing Phụ kiện thời trang khác in Tp Hồ Chí Minh (page=0, priority=245)
2026-04-07 12:38:01,617 - crawler - INFO - Worker 2: Completed route Phụ kiện thời trang khác in Tp Hồ Chí Minh in 3.08s
2026-04-07 12:38:01,617 - queue_manager - INFO - Scheduled next crawl for Phụ kiện thời trang khác in Tp Hồ Chí Minh after 98.5s
2026-04-07 12:38:03,819 - crawler - INFO - Worker 0: Processing Điện thoại in Cần Thơ - Tây Nam Bộ (page=0, priority=174)
2026-04-07 12:38:06,613 - crawler - INFO - Worker 0: Completed route Điện thoại in Cần Thơ - Tây Nam Bộ in 2.79s
2026-04-07 12:38:06,613 - queue_manager - INFO - Scheduled next crawl for Điện thoại in Cần Thơ - Tây Nam Bộ after 586.0s
2026-04-07 12:38:22,305 - crawler - INFO - Worker 4: Processing Điện thoại in Tp Hồ Chí Minh (page=0, priority=250)
2026-04-07 12:38:22,895 - database - INFO - Saved 1 new crawled item IDs
2026-04-07 12:38:25,260 - crawler - INFO - Worker 4: Completed route Điện thoại in Tp Hồ Chí Minh in 2.95s
2026-04-07 12:38:25,260 - queue_manager - INFO - Scheduled next crawl for Điện thoại in Tp Hồ Chí Minh after 63.0s
2026-04-07 12:38:51,812 - crawler - INFO - Worker 3: Processing Phụ tùng xe in Cần Thơ - Tây Nam Bộ (page=0, priority=0)
2026-04-07 12:38:54,741 - crawler - INFO - Worker 3: Completed route Phụ tùng xe in Cần Thơ - Tây Nam Bộ in 2.93s
2026-04-07 12:38:54,741 - queue_manager - INFO - Scheduled next crawl for Phụ tùng xe in Cần Thơ - Tây Nam Bộ after 2175.0s
2026-04-07 12:39:28,260 - crawler - INFO - Worker 0: Processing Điện thoại in Tp Hồ Chí Minh (page=0, priority=250)
2026-04-07 12:39:28,749 - database - INFO - Saved 1 new crawled item IDs
2026-04-07 12:39:31,093 - crawler - INFO - Worker 0: Completed route Điện thoại in Tp Hồ Chí Minh in 2.83s
2026-04-07 12:39:31,093 - queue_manager - INFO - Scheduled next crawl for Điện thoại in Tp Hồ Chí Minh after 63.0s
2026-04-07 12:39:40,118 - crawler - INFO - Worker 3: Processing Phụ kiện thời trang khác in Tp Hồ Chí Minh (page=0, priority=245)
2026-04-07 12:39:43,047 - crawler - INFO - Worker 3: Completed route Phụ kiện thời trang khác in Tp Hồ Chí Minh in 2.93s
2026-04-07 12:39:43,048 - queue_manager - INFO - Scheduled next crawl for Phụ kiện thời trang khác in Tp Hồ Chí Minh after 98.5s
2026-04-07 12:39:56,189 - crawler - INFO - Worker 1: Processing Phụ tùng xe in Đông Nam Bộ (page=0, priority=44)
2026-04-07 12:39:58,939 - crawler - INFO - Worker 1: Completed route Phụ tùng xe in Đông Nam Bộ in 2.75s
2026-04-07 12:39:58,939 - queue_manager - INFO - Scheduled next crawl for Phụ tùng xe in Đông Nam Bộ after 1489.0s
2026-04-07 12:40:06,384 - crawler - INFO - Worker 3: Processing Giày dép in Tp Hồ Chí Minh (page=0, priority=227)
2026-04-07 12:40:09,184 - crawler - INFO - Worker 3: Completed route Giày dép in Tp Hồ Chí Minh in 2.80s
2026-04-07 12:40:09,184 - queue_manager - INFO - Scheduled next crawl for Giày dép in Tp Hồ Chí Minh after 221.0s
2026-04-07 12:40:18,512 - crawler - INFO - Worker 0: Processing Điện thoại in Hà Nội (page=0, priority=238)
2026-04-07 12:40:21,233 - crawler - INFO - Worker 0: Completed route Điện thoại in Hà Nội in 2.72s
2026-04-07 12:40:21,233 - queue_manager - INFO - Scheduled next crawl for Điện thoại in Hà Nội after 144.1s
2026-04-07 12:40:28,667 - crawler - INFO - Worker 3: Processing Điện thoại in Quảng Nam Đà Nẵng (page=0, priority=211)
2026-04-07 12:40:29,051 - database - INFO - Saved 1 new crawled item IDs
2026-04-07 12:40:31,406 - crawler - INFO - Worker 3: Completed route Điện thoại in Quảng Nam Đà Nẵng in 2.74s
2026-04-07 12:40:31,406 - queue_manager - INFO - Scheduled next crawl for Điện thoại in Quảng Nam Đà Nẵng after 330.0s
2026-04-07 12:40:34,093 - crawler - INFO - Worker 0: Processing Điện thoại in Tp Hồ Chí Minh (page=0, priority=250)
2026-04-07 12:40:36,870 - crawler - INFO - Worker 0: Completed route Điện thoại in Tp Hồ Chí Minh in 2.78s
2026-04-07 12:40:36,870 - queue_manager - INFO - Scheduled next crawl for Điện thoại in Tp Hồ Chí Minh after 63.0s
2026-04-07 12:40:48,800 - crawler - INFO - Worker 0: Processing Điện thoại in Đông Nam Bộ (page=0, priority=200)
2026-04-07 12:40:51,784 - crawler - INFO - Worker 0: Completed route Điện thoại in Đông Nam Bộ in 2.98s
2026-04-07 12:40:51,784 - queue_manager - INFO - Scheduled next crawl for Điện thoại in Đông Nam Bộ after 406.0s
2026-04-07 12:40:54,908 - crawler - INFO - Worker 3: Processing Phụ tùng xe in Các tỉnh lân cận Hà Nội (page=0, priority=0)
2026-04-07 12:40:55,456 - crawler - INFO - Worker 1: Processing Phụ tùng xe in Quảng Nam Đà Nẵng (page=0, priority=0)
2026-04-07 12:40:57,729 - crawler - INFO - Worker 3: Completed route Phụ tùng xe in Các tỉnh lân cận Hà Nội in 2.82s
2026-04-07 12:40:57,729 - queue_manager - INFO - Scheduled next crawl for Phụ tùng xe in Các tỉnh lân cận Hà Nội after 1800.0s
2026-04-07 12:40:58,452 - crawler - INFO - Worker 1: Completed route Phụ tùng xe in Quảng Nam Đà Nẵng in 3.00s
2026-04-07 12:40:58,452 - queue_manager - INFO - Scheduled next crawl for Phụ tùng xe in Quảng Nam Đà Nẵng after 1800.0s
2026-04-07 12:41:00,345 - crawler - INFO - Worker 4: Processing Phụ tùng xe in Thanh Nghệ Tĩnh (page=0, priority=0)
2026-04-07 12:41:01,250 - crawler - INFO - Worker 2: Processing Phụ tùng xe in Hải Phòng Nam Định Thái Bình (page=0, priority=0)
2026-04-07 12:41:02,457 - crawler - INFO - Worker 0: Processing Phụ tùng xe in Bình Trị Thừa Thiên Huế (page=0, priority=0)
2026-04-07 12:41:02,834 - crawler - INFO - Worker 4: Completed route Phụ tùng xe in Thanh Nghệ Tĩnh in 2.49s
2026-04-07 12:41:02,834 - queue_manager - INFO - Scheduled next crawl for Phụ tùng xe in Thanh Nghệ Tĩnh after 1800.0s
2026-04-07 12:41:03,591 - crawler - INFO - Worker 3: Processing Phụ tùng xe in Nam Trung Bộ (page=0, priority=0)
2026-04-07 12:41:03,981 - crawler - INFO - Worker 2: Completed route Phụ tùng xe in Hải Phòng Nam Định Thái Bình in 2.73s
2026-04-07 12:41:03,981 - queue_manager - INFO - Scheduled next crawl for Phụ tùng xe in Hải Phòng Nam Định Thái Bình after 1800.0s
2026-04-07 12:41:04,317 - crawler - INFO - Worker 1: Processing Phụ tùng xe in Tây Nguyên (page=0, priority=0)
2026-04-07 12:41:04,686 - database - INFO - Saved 1 new crawled item IDs
2026-04-07 12:41:04,946 - crawler - INFO - Worker 0: Completed route Phụ tùng xe in Bình Trị Thừa Thiên Huế in 2.49s
2026-04-07 12:41:04,946 - queue_manager - INFO - Scheduled next crawl for Phụ tùng xe in Bình Trị Thừa Thiên Huế after 1800.0s
2026-04-07 12:41:05,834 - crawler - INFO - Worker 4: Processing Phụ tùng xe in Đông Bắc Bộ (page=0, priority=0)
2026-04-07 12:41:06,390 - crawler - INFO - Worker 3: Completed route Phụ tùng xe in Nam Trung Bộ in 2.80s
2026-04-07 12:41:06,391 - queue_manager - INFO - Scheduled next crawl for Phụ tùng xe in Nam Trung Bộ after 1800.0s
2026-04-07 12:41:06,981 - crawler - INFO - Worker 2: Processing Phụ tùng xe in Tây Bắc Bộ (page=0, priority=0)
2026-04-07 12:41:08,035 - crawler - INFO - Worker 1: Completed route Phụ tùng xe in Tây Nguyên in 3.72s
2026-04-07 12:41:08,035 - queue_manager - INFO - Scheduled next crawl for Phụ tùng xe in Tây Nguyên after 1800.0s
2026-04-07 12:41:08,042 - crawler - INFO - Worker 0: Processing Giày dép in Các tỉnh lân cận Hà Nội (page=0, priority=0)
2026-04-07 12:41:08,163 - crawler - INFO - Worker 4: Completed route Phụ tùng xe in Đông Bắc Bộ in 2.33s
2026-04-07 12:41:08,164 - queue_manager - INFO - Scheduled next crawl for Phụ tùng xe in Đông Bắc Bộ after 1800.0s
2026-04-07 12:41:09,314 - crawler - INFO - Worker 2: Completed route Phụ tùng xe in Tây Bắc Bộ in 2.33s
2026-04-07 12:41:09,315 - queue_manager - INFO - Scheduled next crawl for Phụ tùng xe in Tây Bắc Bộ after 1800.0s
2026-04-07 12:41:09,391 - crawler - INFO - Worker 3: Processing Phụ tùng xe in Hà Nội (page=0, priority=0)
2026-04-07 12:41:10,678 - crawler - INFO - Worker 0: Completed route Giày dép in Các tỉnh lân cận Hà Nội in 2.64s
2026-04-07 12:41:10,678 - queue_manager - INFO - Scheduled next crawl for Giày dép in Các tỉnh lân cận Hà Nội after 1800.0s
2026-04-07 12:41:11,036 - crawler - INFO - Worker 1: Processing Mẹ và bé in Tp Hồ Chí Minh (page=0, priority=205)
2026-04-07 12:41:11,816 - crawler - INFO - Worker 4: Processing Giày dép in Bình Trị Thừa Thiên Huế (page=0, priority=0)
2026-04-07 12:41:12,121 - crawler - INFO - Worker 3: Completed route Phụ tùng xe in Hà Nội in 2.73s
2026-04-07 12:41:12,121 - queue_manager - INFO - Scheduled next crawl for Phụ tùng xe in Hà Nội after 1800.0s
2026-04-07 12:41:12,693 - crawler - INFO - Worker 2: Processing Giày dép in Nam Trung Bộ (page=0, priority=0)
2026-04-07 12:41:13,678 - crawler - INFO - Worker 0: Processing Giày dép in Quảng Nam Đà Nẵng (page=0, priority=0)
2026-04-07 12:41:13,712 - crawler - INFO - Worker 1: Completed route Mẹ và bé in Tp Hồ Chí Minh in 2.68s
2026-04-07 12:41:13,712 - queue_manager - INFO - Scheduled next crawl for Mẹ và bé in Tp Hồ Chí Minh after 373.0s
2026-04-07 12:41:15,120 - crawler - INFO - Worker 3: Processing Giày dép in Hải Phòng Nam Định Thái Bình (page=0, priority=0)
2026-04-07 12:41:15,372 - crawler - INFO - Worker 2: Completed route Giày dép in Nam Trung Bộ in 2.68s
2026-04-07 12:41:15,373 - queue_manager - INFO - Scheduled next crawl for Giày dép in Nam Trung Bộ after 1800.0s
2026-04-07 12:41:15,529 - crawler - INFO - Worker 4: Completed route Giày dép in Bình Trị Thừa Thiên Huế in 3.71s
2026-04-07 12:41:15,529 - queue_manager - INFO - Scheduled next crawl for Giày dép in Bình Trị Thừa Thiên Huế after 1800.0s
2026-04-07 12:41:16,372 - crawler - INFO - Worker 0: Completed route Giày dép in Quảng Nam Đà Nẵng in 2.69s
2026-04-07 12:41:16,372 - queue_manager - INFO - Scheduled next crawl for Giày dép in Quảng Nam Đà Nẵng after 1800.0s
2026-04-07 12:41:16,712 - crawler - INFO - Worker 1: Processing Giày dép in Tây Bắc Bộ (page=0, priority=0)
2026-04-07 12:41:16,870 - crawler - INFO - Worker 1: Completed route Giày dép in Tây Bắc Bộ in 0.16s
2026-04-07 12:41:16,871 - queue_manager - INFO - Scheduled next crawl for Giày dép in Tây Bắc Bộ after 1800.0s
2026-04-07 12:41:17,959 - crawler - INFO - Worker 3: Completed route Giày dép in Hải Phòng Nam Định Thái Bình in 2.84s
2026-04-07 12:41:17,959 - queue_manager - INFO - Scheduled next crawl for Giày dép in Hải Phòng Nam Định Thái Bình after 1800.0s
2026-04-07 12:41:18,373 - crawler - INFO - Worker 2: Processing Giày dép in Cần Thơ - Tây Nam Bộ (page=0, priority=0)
2026-04-07 12:41:18,528 - crawler - INFO - Worker 4: Processing Giày dép in Thanh Nghệ Tĩnh (page=0, priority=0)
2026-04-07 12:41:19,372 - crawler - INFO - Worker 0: Processing Giày dép in Tây Nguyên (page=0, priority=0)
2026-04-07 12:41:19,871 - crawler - INFO - Worker 1: Processing Giày dép in Đông Bắc Bộ (page=0, priority=0)
2026-04-07 12:41:21,121 - crawler - INFO - Worker 4: Completed route Giày dép in Thanh Nghệ Tĩnh in 2.59s
2026-04-07 12:41:21,121 - queue_manager - INFO - Scheduled next crawl for Giày dép in Thanh Nghệ Tĩnh after 1800.0s
2026-04-07 12:41:21,122 - crawler - INFO - Worker 2: Completed route Giày dép in Cần Thơ - Tây Nam Bộ in 2.75s
2026-04-07 12:41:21,122 - queue_manager - INFO - Scheduled next crawl for Giày dép in Cần Thơ - Tây Nam Bộ after 1800.0s
2026-04-07 12:41:21,548 - crawler - INFO - Worker 3: Processing Phụ kiện thời trang khác in Tp Hồ Chí Minh (page=0, priority=245)
2026-04-07 12:41:22,042 - crawler - INFO - Worker 0: Completed route Giày dép in Tây Nguyên in 2.67s
2026-04-07 12:41:22,042 - queue_manager - INFO - Scheduled next crawl for Giày dép in Tây Nguyên after 1800.0s
2026-04-07 12:41:22,414 - crawler - INFO - Worker 1: Completed route Giày dép in Đông Bắc Bộ in 2.54s
2026-04-07 12:41:22,414 - queue_manager - INFO - Scheduled next crawl for Giày dép in Đông Bắc Bộ after 1800.0s
2026-04-07 12:41:24,121 - crawler - INFO - Worker 4: Processing Giày dép in Hà Nội (page=0, priority=0)
2026-04-07 12:41:24,123 - crawler - INFO - Worker 2: Processing Phụ kiện thời trang khác in Các tỉnh lân cận Hà Nội (page=0, priority=0)
2026-04-07 12:41:24,238 - crawler - INFO - Worker 3: Completed route Phụ kiện thời trang khác in Tp Hồ Chí Minh in 2.69s
2026-04-07 12:41:24,238 - queue_manager - INFO - Scheduled next crawl for Phụ kiện thời trang khác in Tp Hồ Chí Minh after 98.5s
2026-04-07 12:41:25,043 - crawler - INFO - Worker 0: Processing Phụ kiện thời trang khác in Tây Bắc Bộ (page=0, priority=0)
2026-04-07 12:41:25,189 - crawler - INFO - Worker 0: Completed route Phụ kiện thời trang khác in Tây Bắc Bộ in 0.15s
2026-04-07 12:41:25,189 - queue_manager - INFO - Scheduled next crawl for Phụ kiện thời trang khác in Tây Bắc Bộ after 1800.0s
2026-04-07 12:41:25,413 - crawler - INFO - Worker 1: Processing Phụ kiện thời trang khác in Hải Phòng Nam Định Thái Bình (page=0, priority=0)
2026-04-07 12:41:26,777 - crawler - INFO - Worker 4: Completed route Giày dép in Hà Nội in 2.66s
2026-04-07 12:41:26,777 - queue_manager - INFO - Scheduled next crawl for Giày dép in Hà Nội after 1800.0s
2026-04-07 12:41:26,980 - crawler - INFO - Worker 2: Completed route Phụ kiện thời trang khác in Các tỉnh lân cận Hà Nội in 2.86s
2026-04-07 12:41:26,980 - queue_manager - INFO - Scheduled next crawl for Phụ kiện thời trang khác in Các tỉnh lân cận Hà Nội after 1800.0s
2026-04-07 12:41:27,239 - crawler - INFO - Worker 3: Processing Phụ kiện thời trang khác in Đông Nam Bộ (page=0, priority=0)
2026-04-07 12:41:28,093 - crawler - INFO - Worker 1: Completed route Phụ kiện thời trang khác in Hải Phòng Nam Định Thái Bình in 2.68s
2026-04-07 12:41:28,093 - queue_manager - INFO - Scheduled next crawl for Phụ kiện thời trang khác in Hải Phòng Nam Định Thái Bình after 1800.0s
2026-04-07 12:41:28,190 - crawler - INFO - Worker 0: Processing Phụ kiện thời trang khác in Bình Trị Thừa Thiên Huế (page=0, priority=0)
2026-04-07 12:41:29,777 - crawler - INFO - Worker 4: Processing Phụ kiện thời trang khác in Quảng Nam Đà Nẵng (page=0, priority=0)
2026-04-07 12:41:29,948 - crawler - INFO - Worker 3: Completed route Phụ kiện thời trang khác in Đông Nam Bộ in 2.71s
2026-04-07 12:41:29,948 - queue_manager - INFO - Scheduled next crawl for Phụ kiện thời trang khác in Đông Nam Bộ after 1800.0s
2026-04-07 12:41:30,541 - crawler - INFO - Worker 2: Processing Phụ kiện thời trang khác in Nam Trung Bộ (page=0, priority=0)
2026-04-07 12:41:30,915 - crawler - INFO - Worker 0: Completed route Phụ kiện thời trang khác in Bình Trị Thừa Thiên Huế in 2.73s
2026-04-07 12:41:30,916 - queue_manager - INFO - Scheduled next crawl for Phụ kiện thời trang khác in Bình Trị Thừa Thiên Huế after 1800.0s
2026-04-07 12:41:31,094 - crawler - INFO - Worker 1: Processing Phụ kiện thời trang khác in Cần Thơ - Tây Nam Bộ (page=0, priority=0)
2026-04-07 12:41:32,744 - crawler - INFO - Worker 4: Completed route Phụ kiện thời trang khác in Quảng Nam Đà Nẵng in 2.97s
2026-04-07 12:41:32,744 - queue_manager - INFO - Scheduled next crawl for Phụ kiện thời trang khác in Quảng Nam Đà Nẵng after 1800.0s
2026-04-07 12:41:32,947 - crawler - INFO - Worker 3: Processing Phụ kiện thời trang khác in Thanh Nghệ Tĩnh (page=0, priority=0)
2026-04-07 12:41:33,255 - crawler - INFO - Worker 2: Completed route Phụ kiện thời trang khác in Nam Trung Bộ in 2.71s
2026-04-07 12:41:33,255 - queue_manager - INFO - Scheduled next crawl for Phụ kiện thời trang khác in Nam Trung Bộ after 1800.0s
2026-04-07 12:41:33,842 - crawler - INFO - Worker 1: Completed route Phụ kiện thời trang khác in Cần Thơ - Tây Nam Bộ in 2.75s
2026-04-07 12:41:33,843 - queue_manager - INFO - Scheduled next crawl for Phụ kiện thời trang khác in Cần Thơ - Tây Nam Bộ after 1800.0s
2026-04-07 12:41:34,033 - crawler - INFO - Worker 0: Processing Phụ kiện thời trang khác in Đông Bắc Bộ (page=0, priority=0)
2026-04-07 12:41:35,407 - crawler - INFO - Worker 3: Completed route Phụ kiện thời trang khác in Thanh Nghệ Tĩnh in 2.46s
2026-04-07 12:41:35,407 - queue_manager - INFO - Scheduled next crawl for Phụ kiện thời trang khác in Thanh Nghệ Tĩnh after 1800.0s
2026-04-07 12:41:36,462 - crawler - INFO - Worker 0: Completed route Phụ kiện thời trang khác in Đông Bắc Bộ in 2.43s
2026-04-07 12:41:36,462 - queue_manager - INFO - Scheduled next crawl for Phụ kiện thời trang khác in Đông Bắc Bộ after 1800.0s
2026-04-07 12:41:36,594 - crawler - INFO - Worker 4: Processing Phụ kiện thời trang khác in Tây Nguyên (page=0, priority=0)
2026-04-07 12:41:36,951 - database - INFO - Saved 1 new crawled item IDs
2026-04-07 12:41:37,971 - crawler - INFO - Worker 2: Processing Đồ thể thao, Dã ngoại in Các tỉnh lân cận Hà Nội (page=0, priority=0)
2026-04-07 12:41:38,130 - database - INFO - Saved 1 new items to database
2026-04-07 12:41:38,693 - ai_worker - INFO - Gửi 5 items lên Gemini AI (gemini-3.1-flash-lite-preview) để thẩm định...
2026-04-07 12:41:38,714 - google_genai.models - INFO - AFC is enabled with max remote calls: 10.
2026-04-07 12:41:39,759 - crawler - INFO - Worker 1: Processing Phụ kiện thời trang khác in Hà Nội (page=0, priority=0)
2026-04-07 12:41:39,870 - crawler - INFO - Worker 3: Processing Điện thoại in Tp Hồ Chí Minh (page=0, priority=250)
2026-04-07 12:41:40,472 - crawler - INFO - Worker 4: Completed route Phụ kiện thời trang khác in Tây Nguyên in 3.88s
2026-04-07 12:41:40,473 - queue_manager - INFO - Scheduled next crawl for Phụ kiện thời trang khác in Tây Nguyên after 1800.0s
2026-04-07 12:41:40,518 - crawler - INFO - Worker 2: Completed route Đồ thể thao, Dã ngoại in Các tỉnh lân cận Hà Nội in 2.55s
2026-04-07 12:41:40,518 - queue_manager - INFO - Scheduled next crawl for Đồ thể thao, Dã ngoại in Các tỉnh lân cận Hà Nội after 1800.0s
2026-04-07 12:41:41,196 - crawler - INFO - Worker 0: Processing Đồ thể thao, Dã ngoại in Đông Nam Bộ (page=0, priority=0)
2026-04-07 12:41:42,413 - crawler - INFO - Worker 1: Completed route Phụ kiện thời trang khác in Hà Nội in 2.65s
2026-04-07 12:41:42,413 - queue_manager - INFO - Scheduled next crawl for Phụ kiện thời trang khác in Hà Nội after 1800.0s
2026-04-07 12:41:42,530 - crawler - INFO - Worker 3: Completed route Điện thoại in Tp Hồ Chí Minh in 2.66s
2026-04-07 12:41:42,530 - queue_manager - INFO - Scheduled next crawl for Điện thoại in Tp Hồ Chí Minh after 63.0s
2026-04-07 12:41:43,473 - crawler - INFO - Worker 4: Processing Đồ thể thao, Dã ngoại in Bình Trị Thừa Thiên Huế (page=0, priority=0)
2026-04-07 12:41:43,517 - crawler - INFO - Worker 2: Processing Đồ thể thao, Dã ngoại in Hải Phòng Nam Định Thái Bình (page=0, priority=0)
2026-04-07 12:41:44,104 - crawler - INFO - Worker 0: Completed route Đồ thể thao, Dã ngoại in Đông Nam Bộ in 2.91s
2026-04-07 12:41:44,104 - queue_manager - INFO - Scheduled next crawl for Đồ thể thao, Dã ngoại in Đông Nam Bộ after 1800.0s
2026-04-07 12:41:45,413 - crawler - INFO - Worker 1: Processing Đồ thể thao, Dã ngoại in Quảng Nam Đà Nẵng (page=0, priority=0)
2026-04-07 12:41:45,755 - httpx - INFO - HTTP Request: POST https://generativelanguage.googleapis.com/v1beta/models/gemini-3.1-flash-lite-preview:generateContent "HTTP/1.1 200 OK"
2026-04-07 12:41:45,782 - ai_worker - INFO - Đã xử lý 5 items. Tìm thấy 0 kèo thơm (type 1)!
2026-04-07 12:41:45,867 - crawler - INFO - Worker 4: Completed route Đồ thể thao, Dã ngoại in Bình Trị Thừa Thiên Huế in 2.39s
2026-04-07 12:41:45,867 - queue_manager - INFO - Scheduled next crawl for Đồ thể thao, Dã ngoại in Bình Trị Thừa Thiên Huế after 1800.0s
2026-04-07 12:41:46,066 - crawler - INFO - Worker 2: Completed route Đồ thể thao, Dã ngoại in Hải Phòng Nam Định Thái Bình in 2.55s
2026-04-07 12:41:46,066 - queue_manager - INFO - Scheduled next crawl for Đồ thể thao, Dã ngoại in Hải Phòng Nam Định Thái Bình after 1800.0s
2026-04-07 12:41:46,430 - crawler - INFO - Worker 3: Processing Đồ thể thao, Dã ngoại in Cần Thơ - Tây Nam Bộ (page=0, priority=0)
2026-04-07 12:41:47,105 - crawler - INFO - Worker 0: Processing Đồ thể thao, Dã ngoại in Nam Trung Bộ (page=0, priority=0)
2026-04-07 12:41:48,158 - crawler - INFO - Worker 1: Completed route Đồ thể thao, Dã ngoại in Quảng Nam Đà Nẵng in 2.75s
2026-04-07 12:41:48,158 - queue_manager - INFO - Scheduled next crawl for Đồ thể thao, Dã ngoại in Quảng Nam Đà Nẵng after 1800.0s
2026-04-07 12:41:48,868 - crawler - INFO - Worker 4: Processing Đồ thể thao, Dã ngoại in Tây Bắc Bộ (page=0, priority=0)
2026-04-07 12:41:49,082 - crawler - INFO - Worker 3: Completed route Đồ thể thao, Dã ngoại in Cần Thơ - Tây Nam Bộ in 2.65s
2026-04-07 12:41:49,082 - queue_manager - INFO - Scheduled next crawl for Đồ thể thao, Dã ngoại in Cần Thơ - Tây Nam Bộ after 1800.0s
2026-04-07 12:41:49,816 - crawler - INFO - Worker 0: Completed route Đồ thể thao, Dã ngoại in Nam Trung Bộ in 2.71s
2026-04-07 12:41:49,816 - queue_manager - INFO - Scheduled next crawl for Đồ thể thao, Dã ngoại in Nam Trung Bộ after 1800.0s
2026-04-07 12:41:50,214 - crawler - INFO - Worker 2: Processing Đồ thể thao, Dã ngoại in Thanh Nghệ Tĩnh (page=0, priority=0)
2026-04-07 12:41:51,190 - crawler - INFO - Worker 4: Completed route Đồ thể thao, Dã ngoại in Tây Bắc Bộ in 2.32s
2026-04-07 12:41:51,190 - queue_manager - INFO - Scheduled next crawl for Đồ thể thao, Dã ngoại in Tây Bắc Bộ after 1800.0s
2026-04-07 12:41:52,101 - crawler - INFO - Worker 1: Processing Đồ thể thao, Dã ngoại in Tây Nguyên (page=0, priority=0)
2026-04-07 12:41:52,341 - crawler - INFO - Worker 3: Processing Đồ thể thao, Dã ngoại in Đông Bắc Bộ (page=0, priority=0)
2026-04-07 12:41:52,721 - crawler - INFO - Worker 2: Completed route Đồ thể thao, Dã ngoại in Thanh Nghệ Tĩnh in 2.51s
2026-04-07 12:41:52,721 - queue_manager - INFO - Scheduled next crawl for Đồ thể thao, Dã ngoại in Thanh Nghệ Tĩnh after 1800.0s
2026-04-07 12:41:52,816 - crawler - INFO - Worker 0: Processing Mẹ và bé in Các tỉnh lân cận Hà Nội (page=0, priority=0)
2026-04-07 12:41:54,191 - crawler - INFO - Worker 4: Processing Mẹ và bé in Tây Bắc Bộ (page=0, priority=0)
2026-04-07 12:41:54,333 - crawler - INFO - Worker 4: Completed route Mẹ và bé in Tây Bắc Bộ in 0.14s
2026-04-07 12:41:54,334 - queue_manager - INFO - Scheduled next crawl for Mẹ và bé in Tây Bắc Bộ after 1800.0s
2026-04-07 12:41:54,820 - crawler - INFO - Worker 3: Completed route Đồ thể thao, Dã ngoại in Đông Bắc Bộ in 2.48s
2026-04-07 12:41:54,821 - queue_manager - INFO - Scheduled next crawl for Đồ thể thao, Dã ngoại in Đông Bắc Bộ after 1800.0s
2026-04-07 12:41:54,981 - crawler - INFO - Worker 1: Completed route Đồ thể thao, Dã ngoại in Tây Nguyên in 2.88s
2026-04-07 12:41:54,981 - queue_manager - INFO - Scheduled next crawl for Đồ thể thao, Dã ngoại in Tây Nguyên after 1800.0s
2026-04-07 12:41:55,476 - crawler - INFO - Worker 0: Completed route Mẹ và bé in Các tỉnh lân cận Hà Nội in 2.66s
2026-04-07 12:41:55,476 - queue_manager - INFO - Scheduled next crawl for Mẹ và bé in Các tỉnh lân cận Hà Nội after 1800.0s
2026-04-07 12:41:55,721 - crawler - INFO - Worker 2: Processing Mẹ và bé in Hải Phòng Nam Định Thái Bình (page=0, priority=0)
2026-04-07 12:41:57,780 - crawler - INFO - Worker 4: Processing Mẹ và bé in Đông Nam Bộ (page=0, priority=0)
2026-04-07 12:41:57,915 - crawler - INFO - Worker 3: Processing Mẹ và bé in Bình Trị Thừa Thiên Huế (page=0, priority=0)
2026-04-07 12:41:58,167 - crawler - INFO - Worker 1: Processing Mẹ và bé in Cần Thơ - Tây Nam Bộ (page=0, priority=0)
2026-04-07 12:41:58,467 - crawler - INFO - Worker 2: Completed route Mẹ và bé in Hải Phòng Nam Định Thái Bình in 2.75s
2026-04-07 12:41:58,467 - queue_manager - INFO - Scheduled next crawl for Mẹ và bé in Hải Phòng Nam Định Thái Bình after 1800.0s
2026-04-07 12:41:58,933 - crawler - INFO - Worker 0: Processing Mẹ và bé in Thanh Nghệ Tĩnh (page=0, priority=0)
2026-04-07 12:42:00,273 - crawler - INFO - Worker 3: Completed route Mẹ và bé in Bình Trị Thừa Thiên Huế in 2.36s
2026-04-07 12:42:00,274 - queue_manager - INFO - Scheduled next crawl for Mẹ và bé in Bình Trị Thừa Thiên Huế after 1800.0s
2026-04-07 12:42:00,744 - crawler - INFO - Worker 4: Completed route Mẹ và bé in Đông Nam Bộ in 2.96s
2026-04-07 12:42:00,745 - queue_manager - INFO - Scheduled next crawl for Mẹ và bé in Đông Nam Bộ after 1800.0s
2026-04-07 12:42:01,293 - crawler - INFO - Worker 0: Completed route Mẹ và bé in Thanh Nghệ Tĩnh in 2.36s
2026-04-07 12:42:01,294 - queue_manager - INFO - Scheduled next crawl for Mẹ và bé in Thanh Nghệ Tĩnh after 1800.0s
2026-04-07 12:42:01,468 - crawler - INFO - Worker 2: Processing Đồ thể thao, Dã ngoại in Tp Hồ Chí Minh (page=0, priority=207)
2026-04-07 12:42:01,485 - crawler - INFO - Worker 1: Completed route Mẹ và bé in Cần Thơ - Tây Nam Bộ in 3.32s
2026-04-07 12:42:01,485 - queue_manager - INFO - Scheduled next crawl for Mẹ và bé in Cần Thơ - Tây Nam Bộ after 1800.0s
2026-04-07 12:42:03,274 - crawler - INFO - Worker 3: Processing Mẹ và bé in Đông Bắc Bộ (page=0, priority=0)
2026-04-07 12:42:03,744 - crawler - INFO - Worker 4: Processing Mẹ và bé in Tây Nguyên (page=0, priority=0)
2026-04-07 12:42:04,190 - crawler - INFO - Worker 2: Completed route Đồ thể thao, Dã ngoại in Tp Hồ Chí Minh in 2.72s
2026-04-07 12:42:04,191 - queue_manager - INFO - Scheduled next crawl for Đồ thể thao, Dã ngoại in Tp Hồ Chí Minh after 360.0s
2026-04-07 12:42:04,293 - crawler - INFO - Worker 0: Processing Thiết bị chơi game in Các tỉnh lân cận Hà Nội (page=0, priority=0)
2026-04-07 12:42:04,486 - crawler - INFO - Worker 1: Processing Mẹ và bé in Nam Trung Bộ (page=0, priority=0)
2026-04-07 12:42:05,599 - crawler - INFO - Worker 3: Completed route Mẹ và bé in Đông Bắc Bộ in 2.32s
2026-04-07 12:42:05,599 - queue_manager - INFO - Scheduled next crawl for Mẹ và bé in Đông Bắc Bộ after 1800.0s
2026-04-07 12:42:06,313 - crawler - INFO - Worker 4: Completed route Mẹ và bé in Tây Nguyên in 2.57s
2026-04-07 12:42:06,314 - queue_manager - INFO - Scheduled next crawl for Mẹ và bé in Tây Nguyên after 1800.0s
2026-04-07 12:42:06,767 - crawler - INFO - Worker 0: Completed route Thiết bị chơi game in Các tỉnh lân cận Hà Nội in 2.47s
2026-04-07 12:42:06,767 - queue_manager - INFO - Scheduled next crawl for Thiết bị chơi game in Các tỉnh lân cận Hà Nội after 1800.0s
2026-04-07 12:42:07,020 - crawler - INFO - Worker 1: Completed route Mẹ và bé in Nam Trung Bộ in 2.53s
2026-04-07 12:42:07,020 - queue_manager - INFO - Scheduled next crawl for Mẹ và bé in Nam Trung Bộ after 1800.0s
2026-04-07 12:42:07,191 - crawler - INFO - Worker 2: Processing Mẹ và bé in Hà Nội (page=0, priority=0)
2026-04-07 12:42:07,599 - database - INFO - Saved 1 new crawled item IDs
2026-04-07 12:42:08,780 - database - INFO - Saved 1 new items to database
2026-04-07 12:42:09,224 - crawler - INFO - Worker 3: Processing Thiết bị chơi game in Đông Nam Bộ (page=0, priority=0)
2026-04-07 12:42:09,334 - crawler - INFO - Worker 4: Processing Thiết bị chơi game in Quảng Nam Đà Nẵng (page=0, priority=0)
2026-04-07 12:42:09,768 - crawler - INFO - Worker 0: Processing Thiết bị chơi game in Hải Phòng Nam Định Thái Bình (page=0, priority=0)
2026-04-07 12:42:10,093 - crawler - INFO - Worker 1: Processing Thiết bị chơi game in Bình Trị Thừa Thiên Huế (page=0, priority=0)
2026-04-07 12:42:11,144 - crawler - INFO - Worker 2: Completed route Mẹ và bé in Hà Nội in 3.95s
2026-04-07 12:42:11,145 - queue_manager - INFO - Scheduled next crawl for Mẹ và bé in Hà Nội after 1800.0s
2026-04-07 12:42:11,929 - crawler - INFO - Worker 3: Completed route Thiết bị chơi game in Đông Nam Bộ in 2.70s
2026-04-07 12:42:11,929 - queue_manager - INFO - Scheduled next crawl for Thiết bị chơi game in Đông Nam Bộ after 1800.0s
2026-04-07 12:42:11,981 - crawler - INFO - Worker 4: Completed route Thiết bị chơi game in Quảng Nam Đà Nẵng in 2.65s
2026-04-07 12:42:11,981 - queue_manager - INFO - Scheduled next crawl for Thiết bị chơi game in Quảng Nam Đà Nẵng after 1800.0s
2026-04-07 12:42:12,264 - crawler - INFO - Worker 0: Completed route Thiết bị chơi game in Hải Phòng Nam Định Thái Bình in 2.50s
2026-04-07 12:42:12,265 - queue_manager - INFO - Scheduled next crawl for Thiết bị chơi game in Hải Phòng Nam Định Thái Bình after 1800.0s
2026-04-07 12:42:12,515 - crawler - INFO - Worker 1: Completed route Thiết bị chơi game in Bình Trị Thừa Thiên Huế in 2.42s
2026-04-07 12:42:12,516 - queue_manager - INFO - Scheduled next crawl for Thiết bị chơi game in Bình Trị Thừa Thiên Huế after 1800.0s
2026-04-07 12:42:14,145 - crawler - INFO - Worker 2: Processing Thiết bị chơi game in Cần Thơ - Tây Nam Bộ (page=0, priority=0)
2026-04-07 12:42:14,929 - crawler - INFO - Worker 3: Processing Phụ tùng xe in Tp Hồ Chí Minh (page=0, priority=218)
2026-04-07 12:42:14,980 - crawler - INFO - Worker 4: Processing Thiết bị chơi game in Thanh Nghệ Tĩnh (page=0, priority=0)
2026-04-07 12:42:15,266 - crawler - INFO - Worker 0: Processing Thiết bị chơi game in Nam Trung Bộ (page=0, priority=0)
2026-04-07 12:42:15,415 - database - INFO - Saved 2 new crawled item IDs
2026-04-07 12:42:15,516 - crawler - INFO - Worker 1: Processing Thiết bị chơi game in Tây Nguyên (page=0, priority=0)
2026-04-07 12:42:16,459 - database - INFO - Saved 1 new items to database
2026-04-07 12:42:16,813 - crawler - INFO - Worker 2: Completed route Thiết bị chơi game in Cần Thơ - Tây Nam Bộ in 2.67s
2026-04-07 12:42:16,813 - queue_manager - INFO - Scheduled next crawl for Thiết bị chơi game in Cần Thơ - Tây Nam Bộ after 1800.0s
2026-04-07 12:42:17,439 - crawler - INFO - Worker 4: Completed route Thiết bị chơi game in Thanh Nghệ Tĩnh in 2.46s
2026-04-07 12:42:17,442 - queue_manager - INFO - Scheduled next crawl for Thiết bị chơi game in Thanh Nghệ Tĩnh after 1800.0s
2026-04-07 12:42:17,955 - crawler - INFO - Worker 0: Completed route Thiết bị chơi game in Nam Trung Bộ in 2.69s
2026-04-07 12:42:17,955 - queue_manager - INFO - Scheduled next crawl for Thiết bị chơi game in Nam Trung Bộ after 1800.0s
2026-04-07 12:42:17,960 - crawler - INFO - Worker 1: Completed route Thiết bị chơi game in Tây Nguyên in 2.44s
2026-04-07 12:42:17,960 - queue_manager - INFO - Scheduled next crawl for Thiết bị chơi game in Tây Nguyên after 1800.0s
2026-04-07 12:42:18,838 - crawler - INFO - Worker 3: Completed route Phụ tùng xe in Tp Hồ Chí Minh in 3.91s
2026-04-07 12:42:18,839 - queue_manager - INFO - Scheduled next crawl for Phụ tùng xe in Tp Hồ Chí Minh after 281.0s
2026-04-07 12:42:19,813 - crawler - INFO - Worker 2: Processing Thiết bị chơi game in Tây Bắc Bộ (page=0, priority=0)
2026-04-07 12:42:20,442 - crawler - INFO - Worker 4: Processing Thiết bị chơi game in Đông Bắc Bộ (page=0, priority=0)
2026-04-07 12:42:20,955 - crawler - INFO - Worker 0: Processing Điện thoại in Tây Bắc Bộ (page=0, priority=0)
2026-04-07 12:42:20,960 - crawler - INFO - Worker 1: Processing Thiết bị chơi game in Hà Nội (page=0, priority=0)
2026-04-07 12:42:22,122 - crawler - INFO - Worker 2: Completed route Thiết bị chơi game in Tây Bắc Bộ in 2.31s
2026-04-07 12:42:22,123 - queue_manager - INFO - Scheduled next crawl for Thiết bị chơi game in Tây Bắc Bộ after 1800.0s
2026-04-07 12:42:22,794 - crawler - INFO - Worker 4: Completed route Thiết bị chơi game in Đông Bắc Bộ in 2.35s
2026-04-07 12:42:22,794 - queue_manager - INFO - Scheduled next crawl for Thiết bị chơi game in Đông Bắc Bộ after 1800.0s
2026-04-07 12:42:23,110 - crawler - INFO - Worker 3: Processing Điện thoại in Thanh Nghệ Tĩnh (page=0, priority=0)
2026-04-07 12:42:23,505 - crawler - INFO - Worker 0: Completed route Điện thoại in Tây Bắc Bộ in 2.55s
2026-04-07 12:42:23,507 - queue_manager - INFO - Scheduled next crawl for Điện thoại in Tây Bắc Bộ after 1800.0s
2026-04-07 12:42:23,673 - crawler - INFO - Worker 1: Completed route Thiết bị chơi game in Hà Nội in 2.71s
2026-04-07 12:42:23,673 - queue_manager - INFO - Scheduled next crawl for Thiết bị chơi game in Hà Nội after 1800.0s
2026-04-07 12:42:25,124 - crawler - INFO - Worker 2: Processing Đồng hồ in Các tỉnh lân cận Hà Nội (page=0, priority=0)
2026-04-07 12:42:25,795 - crawler - INFO - Worker 4: Processing Điện thoại in Đông Bắc Bộ (page=0, priority=0)
2026-04-07 12:42:25,847 - crawler - INFO - Worker 3: Completed route Điện thoại in Thanh Nghệ Tĩnh in 2.74s
2026-04-07 12:42:25,847 - queue_manager - INFO - Scheduled next crawl for Điện thoại in Thanh Nghệ Tĩnh after 1800.0s
2026-04-07 12:42:26,991 - crawler - INFO - Worker 0: Processing Đồng hồ in Đông Nam Bộ (page=0, priority=0)
2026-04-07 12:42:27,767 - crawler - INFO - Worker 1: Processing Đồng hồ in Quảng Nam Đà Nẵng (page=0, priority=0)
2026-04-07 12:42:27,887 - crawler - INFO - Worker 2: Completed route Đồng hồ in Các tỉnh lân cận Hà Nội in 2.76s
2026-04-07 12:42:27,888 - queue_manager - INFO - Scheduled next crawl for Đồng hồ in Các tỉnh lân cận Hà Nội after 1800.0s
2026-04-07 12:42:28,452 - crawler - INFO - Worker 4: Completed route Điện thoại in Đông Bắc Bộ in 2.66s
2026-04-07 12:42:28,452 - queue_manager - INFO - Scheduled next crawl for Điện thoại in Đông Bắc Bộ after 1800.0s
2026-04-07 12:42:29,659 - crawler - INFO - Worker 0: Completed route Đồng hồ in Đông Nam Bộ in 2.67s
2026-04-07 12:42:29,659 - queue_manager - INFO - Scheduled next crawl for Đồng hồ in Đông Nam Bộ after 1800.0s
2026-04-07 12:42:30,209 - crawler - INFO - Worker 3: Processing Đồng hồ in Cần Thơ - Tây Nam Bộ (page=0, priority=0)
2026-04-07 12:42:30,813 - crawler - INFO - Worker 1: Completed route Đồng hồ in Quảng Nam Đà Nẵng in 3.05s
2026-04-07 12:42:30,814 - queue_manager - INFO - Scheduled next crawl for Đồng hồ in Quảng Nam Đà Nẵng after 1800.0s
2026-04-07 12:42:31,412 - crawler - INFO - Worker 2: Processing Đồng hồ in Bình Trị Thừa Thiên Huế (page=0, priority=0)
2026-04-07 12:42:31,567 - crawler - INFO - Worker 4: Processing Đồng hồ in Hải Phòng Nam Định Thái Bình (page=0, priority=0)
2026-04-07 12:42:32,659 - crawler - INFO - Worker 0: Processing Đồng hồ in Thanh Nghệ Tĩnh (page=0, priority=0)
2026-04-07 12:42:33,275 - crawler - INFO - Worker 3: Completed route Đồng hồ in Cần Thơ - Tây Nam Bộ in 3.07s
2026-04-07 12:42:33,275 - queue_manager - INFO - Scheduled next crawl for Đồng hồ in Cần Thơ - Tây Nam Bộ after 1800.0s
2026-04-07 12:42:33,813 - crawler - INFO - Worker 1: Processing Đồng hồ in Nam Trung Bộ (page=0, priority=0)
2026-04-07 12:42:34,134 - crawler - INFO - Worker 2: Completed route Đồng hồ in Bình Trị Thừa Thiên Huế in 2.72s
2026-04-07 12:42:34,134 - queue_manager - INFO - Scheduled next crawl for Đồng hồ in Bình Trị Thừa Thiên Huế after 1800.0s
2026-04-07 12:42:34,388 - crawler - INFO - Worker 4: Completed route Đồng hồ in Hải Phòng Nam Định Thái Bình in 2.82s
2026-04-07 12:42:34,389 - queue_manager - INFO - Scheduled next crawl for Đồng hồ in Hải Phòng Nam Định Thái Bình after 1800.0s
2026-04-07 12:42:35,104 - crawler - INFO - Worker 0: Completed route Đồng hồ in Thanh Nghệ Tĩnh in 2.44s
2026-04-07 12:42:35,104 - queue_manager - INFO - Scheduled next crawl for Đồng hồ in Thanh Nghệ Tĩnh after 1800.0s
2026-04-07 12:42:36,275 - crawler - INFO - Worker 3: Processing Đồng hồ in Tây Bắc Bộ (page=0, priority=0)
2026-04-07 12:42:36,466 - crawler - INFO - Worker 1: Completed route Đồng hồ in Nam Trung Bộ in 2.65s
2026-04-07 12:42:36,467 - queue_manager - INFO - Scheduled next crawl for Đồng hồ in Nam Trung Bộ after 1800.0s
2026-04-07 12:42:37,135 - crawler - INFO - Worker 2: Processing Đồng hồ in Đông Bắc Bộ (page=0, priority=0)
2026-04-07 12:42:37,389 - crawler - INFO - Worker 4: Processing Đồng hồ in Tây Nguyên (page=0, priority=0)
2026-04-07 12:42:37,414 - crawler - INFO - Stopping all workers...
2026-04-07 12:42:38,106 - crawler - INFO - Worker 0: Stopped. Stats: {'routes_processed': 267, 'pages_crawled': 526, 'items_found': 8891, 'items_saved': 50, 'errors': 3}
2026-04-07 12:42:38,435 - crawler - INFO - Worker 3: Completed route Đồng hồ in Tây Bắc Bộ in 2.16s
2026-04-07 12:42:38,436 - queue_manager - INFO - Scheduled next crawl for Đồng hồ in Tây Bắc Bộ after 1800.0s
2026-04-07 12:42:39,467 - crawler - INFO - Worker 1: Stopped. Stats: {'routes_processed': 249, 'pages_crawled': 490, 'items_found': 8553, 'items_saved': 26, 'errors': 3}
2026-04-07 12:42:39,479 - crawler - INFO - Worker 2: Completed route Đồng hồ in Đông Bắc Bộ in 2.34s
2026-04-07 12:42:39,479 - queue_manager - INFO - Scheduled next crawl for Đồng hồ in Đông Bắc Bộ after 1800.0s
2026-04-07 12:42:39,714 - crawler - INFO - Worker 4: Completed route Đồng hồ in Tây Nguyên in 2.32s
2026-04-07 12:42:39,714 - queue_manager - INFO - Scheduled next crawl for Đồng hồ in Tây Nguyên after 1800.0s
2026-04-07 12:42:41,436 - crawler - INFO - Worker 3: Stopped. Stats: {'routes_processed': 261, 'pages_crawled': 512, 'items_found': 8801, 'items_saved': 28, 'errors': 3}
2026-04-07 12:42:42,479 - crawler - INFO - Worker 2: Stopped. Stats: {'routes_processed': 259, 'pages_crawled': 511, 'items_found': 9064, 'items_saved': 27, 'errors': 3}
2026-04-07 12:42:42,714 - crawler - INFO - Worker 4: Stopped. Stats: {'routes_processed': 254, 'pages_crawled': 497, 'items_found': 8460, 'items_saved': 28, 'errors': 3}
2026-04-07 12:42:42,970 - database - INFO - Disconnected from MongoDB
2026-04-07 12:42:42,971 - crawler - INFO - All workers stopped
2026-04-07 12:42:42,971 - api - INFO - FastAPI crawler service stopped
2026-04-09 05:37:24,963 - api - INFO - FastAPI crawler service starting
2026-04-09 05:37:24,971 - ai_worker - INFO - Khởi động Siêu AI Worker Săn Kèo Thơm (chạy ngầm)...
2026-04-09 05:37:55,018 - ai_worker - ERROR - Lỗi không xác định khi gọi AI: localhost:27017: [Errno 111] Connection refused (configured timeouts: socketTimeoutMS: 20000.0ms, connectTimeoutMS: 20000.0ms), Timeout: 30s, Topology Description: <TopologyDescription id: 69d6d8a489bd8db4bb4ef48a, topology_type: Unknown, servers: [<ServerDescription ('localhost', 27017) server_type: Unknown, rtt: None, error=AutoReconnect('localhost:27017: [Errno 111] Connection refused (configured timeouts: socketTimeoutMS: 20000.0ms, connectTimeoutMS: 20000.0ms)')>]>
2026-04-09 05:38:52,302 - api - INFO - FastAPI crawler service stopped
2026-04-09 05:38:57,342 - api - INFO - FastAPI crawler service starting
2026-04-09 05:38:57,348 - ai_worker - INFO - Khởi động Siêu AI Worker Săn Kèo Thơm (chạy ngầm)...
2026-04-09 05:57:59,010 - api - INFO - FastAPI crawler service stopped
